country,state,city,station,last_update,latitude,longitude,pollutant_id,pollutant_min,pollutant_max,pollutant_avg
India,Bihar,Munger,"Town Hall, Munger - BSPCB","29-07-2026 14:00:00",25.376776,86.471523,OZONE,19,30,25
India,Bihar,Muzaffarpur,"MIT-Daudpur Kothi, Muzaffarpur - BSPCB","29-07-2026 14:00:00",26.1403345,85.3650192,NO2,4,9,5
India,Bihar,Muzaffarpur,"MIT-Daudpur Kothi, Muzaffarpur - BSPCB","29-07-2026 14:00:00",26.1403345,85.3650192,SO2,11,19,15
India,Bihar,Muzaffarpur,"Muzaffarpur Collectorate, Muzaffarpur - BSPCB","29-07-2026 14:00:00",26.1209,85.3647,OZONE,8,18,13
India,Bihar,Muzaffarpur,"Buddha Colony, Muzaffarpur - BSPCB","29-07-2026 14:00:00",26.11442,85.39813,PM10,18,48,29
India,Bihar,Muzaffarpur,"Buddha Colony, Muzaffarpur - BSPCB","29-07-2026 14:00:00",26.11442,85.39813,NO2,16,26,20
India,Bihar,Muzaffarpur,"Buddha Colony, Muzaffarpur - BSPCB","29-07-2026 14:00:00",26.11442,85.39813,NH3,4,13,9
India,Bihar,Muzaffarpur,"Buddha Colony, Muzaffarpur - BSPCB","29-07-2026 14:00:00",26.11442,85.39813,CO,15,19,16
India,Bihar,Patna,"IGSC Planetarium Complex, Patna - BSPCB","29-07-2026 14:00:00",25.610369,85.132568,CO,23,26,25
India,Bihar,Patna,"Rajbansi Nagar, Patna - BSPCB","29-07-2026 14:00:00",25.599486,85.113666,NH3,2,3,3
India,Bihar,Patna,"DRM Office Danapur, Patna - BSPCB","29-07-2026 14:00:00",25.586562,85.043586,PM10,27,41,32
India,Bihar,Patna,"DRM Office Danapur, Patna - BSPCB","29-07-2026 14:00:00",25.586562,85.043586,NO2,20,25,23
India,Bihar,Patna,"DRM Office Danapur, Patna - BSPCB","29-07-2026 14:00:00",25.586562,85.043586,NH3,8,9,9
India,Bihar,Patna,"Muradpur, Patna - BSPCB","29-07-2026 14:00:00",25.619651,85.147382,PM10,42,76,59
India,Bihar,Patna,"Muradpur, Patna - BSPCB","29-07-2026 14:00:00",25.619651,85.147382,NH3,4,5,5
India,Bihar,Patna,"Muradpur, Patna - BSPCB","29-07-2026 14:00:00",25.619651,85.147382,SO2,8,10,9
India,Bihar,Patna,"Govt. High School Shikarpur, Patna - BSPCB","29-07-2026 14:00:00",25.592539,85.227158,OZONE,32,83,58
India,Bihar,Patna,"Samanpura, Patna - BSPCB","29-07-2026 14:00:00",25.596727,85.085624,CO,21,23,22
India,Bihar,Purnia,"Mariam Nagar, Purnia - BSPCB","29-07-2026 14:00:00",25.366336,87.117468,NH3,0,1,0
India,Chhattisgarh,Chhal,"Nawapara SECL Colony, Chhal - CECB","29-07-2026 14:00:00",22.118125,83.140608,NO2,3,15,6
India,Chhattisgarh,Chhal,"Nawapara SECL Colony, Chhal - CECB","29-07-2026 14:00:00",22.118125,83.140608,NH3,3,3,3
India,Chhattisgarh,Korba,"Urja Nagar, Korba - CECB","29-07-2026 14:00:00",22.348441,82.549611,NO2,4,6,5
India,Chhattisgarh,Korba,"Urja Nagar, Korba - CECB","29-07-2026 14:00:00",22.348441,82.549611,CO,13,20,16
India,Chhattisgarh,Korba,"Rampur, Korba - CECB","29-07-2026 14:00:00",22.368195,82.746431,NO2,4,14,7
India,Chhattisgarh,Kunjemura,"OP Jindal School, Kunjemura - CECB","29-07-2026 14:00:00",22.12665,83.483212,PM2.5,0,6,2
India,Chhattisgarh,Milupara,"Govt. Higher Secondary School, Milupara - CECB","29-07-2026 14:00:00",22.1910172,83.5197009,PM10,NA,NA,NA
India,Chhattisgarh,Raipur,"Krishak Nagar, Raipur - CECB","29-07-2026 14:00:00",21.237755,81.705301,NO2,4,24,6
India,Chhattisgarh,Raipur,"Krishak Nagar, Raipur - CECB","29-07-2026 14:00:00",21.237755,81.705301,NH3,2,2,2
India,Chhattisgarh,Raipur,"Krishak Nagar, Raipur - CECB","29-07-2026 14:00:00",21.237755,81.705301,OZONE,1,19,6
India,Chhattisgarh,Raipur,"AIIMS, Raipur - CECB","29-07-2026 14:00:00",21.258815,81.578979,NO2,1,8,3
India,Chhattisgarh,Raipur,"AIIMS, Raipur - CECB","29-07-2026 14:00:00",21.258815,81.578979,CO,20,32,25
India,Chhattisgarh,Raipur,"AIIMS, Raipur - CECB","29-07-2026 14:00:00",21.258815,81.578979,OZONE,13,23,18
India,Chhattisgarh,Raipur,"Bhatagaon New ISBT, Raipur - CECB","29-07-2026 14:00:00",21.219665,81.630094,NO2,0,4,2
India,Chhattisgarh,Raipur,"Bhatagaon New ISBT, Raipur - CECB","29-07-2026 14:00:00",21.219665,81.630094,NH3,2,2,2
India,Chhattisgarh,Raipur,"Bhatagaon New ISBT, Raipur - CECB","29-07-2026 14:00:00",21.219665,81.630094,CO,8,24,17
India,Chhattisgarh,Raipur,"Siltara Phase-II, Raipur - CECB","29-07-2026 14:00:00",21.371751,81.664929,PM2.5,23,90,47
India,Chhattisgarh,Tumidih,"OP Jindal Industrial Park, Tumidih - CECB","29-07-2026 14:00:00",22.06631475,83.33820077,NO2,7,45,18
India,Bihar,Rajgir,"Dangi Tola, Rajgir - BSPCB","29-07-2026 14:00:00",25.0328,85.41948,PM10,17,125,40
India,Bihar,Rajgir,"Dangi Tola, Rajgir - BSPCB","29-07-2026 14:00:00",25.0328,85.41948,NH3,3,3,3
India,Bihar,Saharsa,"Police Line, Saharsa - BSPCB","29-07-2026 14:00:00",25.892357,86.590325,NH3,4,4,4
India,Bihar,Samastipur,"DM Office_Kasipur, Samastipur - BSPCB","29-07-2026 14:00:00",25.859655,85.77944,PM10,5,77,26
India,Bihar,Samastipur,"DM Office_Kasipur, Samastipur - BSPCB","29-07-2026 14:00:00",25.859655,85.77944,CO,NA,NA,NA
India,Chandigarh,Chandigarh,"Sector-53, Chandigarh - CPCC","29-07-2026 14:00:00",30.719859,76.738637,NH3,NA,NA,NA
India,Chandigarh,Chandigarh,"Sector 22, Chandigarh - CPCC","29-07-2026 14:00:00",30.735567,76.775714,PM2.5,3,48,19
India,Chandigarh,Chandigarh,"Sector 22, Chandigarh - CPCC","29-07-2026 14:00:00",30.735567,76.775714,PM10,10,39,23
India,Chandigarh,Chandigarh,"Sector 22, Chandigarh - CPCC","29-07-2026 14:00:00",30.735567,76.775714,CO,35,72,46
India,Chandigarh,Chandigarh,"Sector-25, Chandigarh - CPCC","29-07-2026 14:00:00",30.751462,76.762879,NH3,5,13,12
India,Chhattisgarh,Bhilai,"Civic Center, Bhilai - Bhilai Steel Plant","29-07-2026 14:00:00",21.185571,81.343175,PM10,4,15,8
India,Chhattisgarh,Bhilai,"32Bungalows, Bhilai - CECB","29-07-2026 14:00:00",21.194815,81.31477,NO2,5,18,9
India,Chhattisgarh,Bhilai,"32Bungalows, Bhilai - CECB","29-07-2026 14:00:00",21.194815,81.31477,CO,12,18,14
India,Chhattisgarh,Bhilai,"Hathkhoj, Bhilai - CECB","29-07-2026 14:00:00",21.224231,81.40835,PM10,7,28,17
India,Chhattisgarh,Bhilai,"Hathkhoj, Bhilai - CECB","29-07-2026 14:00:00",21.224231,81.40835,SO2,7,17,12
India,"Andhra Pradesh",Kurnool,"Sita Rama Nagar, Kurnool - APPCB","29-07-2026 14:00:00",15.83411,78.028546,PM10,29,54,43
India,"Andhra Pradesh",Kurnool,"Sita Rama Nagar, Kurnool - APPCB","29-07-2026 14:00:00",15.83411,78.028546,NH3,5,5,5
India,"Andhra Pradesh",Kurnool,"Sita Rama Nagar, Kurnool - APPCB","29-07-2026 14:00:00",15.83411,78.028546,OZONE,13,21,17
India,"Andhra Pradesh",Machilipatnam,"Srinivas Nagar Colony, Machilipatnam - APPCB","29-07-2026 14:00:00",16.186555,81.13219,PM10,36,210,56
India,"Andhra Pradesh",Machilipatnam,"Srinivas Nagar Colony, Machilipatnam - APPCB","29-07-2026 14:00:00",16.186555,81.13219,NH3,2,3,2
India,"Andhra Pradesh",Machilipatnam,"Srinivas Nagar Colony, Machilipatnam - APPCB","29-07-2026 14:00:00",16.186555,81.13219,CO,14,18,16
India,"Andhra Pradesh",Machilipatnam,"Srinivas Nagar Colony, Machilipatnam - APPCB","29-07-2026 14:00:00",16.186555,81.13219,OZONE,27,40,34
India,"Andhra Pradesh",Rajamahendravaram,"Anand Kala Kshetram, Rajamahendravaram - APPCB","29-07-2026 14:00:00",16.9872867,81.7363176,PM2.5,2,39,17
India,"Andhra Pradesh",Srikakulam,"Chinna Bharatham Colony, Srikakulam - APPCB","29-07-2026 14:00:00",18.292191,83.897173,CO,12,25,20
India,"Andhra Pradesh",Tirumala,"Toll Gate, Tirumala - APPCB","29-07-2026 14:00:00",13.67,79.35,CO,58,58,58
India,"Andhra Pradesh",Vijayawada,"Rajiv Gandhi Park, Vijayawada - APPCB","29-07-2026 14:00:00",16.509717,80.612222,PM2.5,35,61,49
India,"Andhra Pradesh",Vijayawada,"Rajiv Gandhi Park, Vijayawada - APPCB","29-07-2026 14:00:00",16.509717,80.612222,PM10,38,67,53
India,"Andhra Pradesh",Vijayawada,"HB Colony, Vijayawada - APPCB","29-07-2026 14:00:00",16.536107,80.594233,PM2.5,47,64,50
India,"Andhra Pradesh",Vijayawada,"Rajiv Nagar, Vijayawada - APPCB","29-07-2026 14:00:00",16.554731,80.64911,SO2,15,21,17
India,Bihar,Araria,"Kharahiya Basti, Araria - BSPCB","29-07-2026 14:00:00",26.146529,87.454184,PM10,35,41,38
India,Bihar,Araria,"Kharahiya Basti, Araria - BSPCB","29-07-2026 14:00:00",26.146529,87.454184,NO2,10,21,14
India,Bihar,Arrah,"New DM Office, Arrah - BSPCB","29-07-2026 14:00:00",25.5626095,84.663264,CO,48,63,56
India,Bihar,Arrah,"New DM Office, Arrah - BSPCB","29-07-2026 14:00:00",25.5626095,84.663264,OZONE,7,13,9
India,Bihar,Aurangabad,"Gurdeo Nagar, Aurangabad - BSPCB","29-07-2026 14:00:00",24.75746,84.366208,PM10,NA,NA,NA
India,Bihar,Aurangabad,"Gurdeo Nagar, Aurangabad - BSPCB","29-07-2026 14:00:00",24.75746,84.366208,NO2,7,8,8
India,Bihar,Aurangabad,"Gurdeo Nagar, Aurangabad - BSPCB","29-07-2026 14:00:00",24.75746,84.366208,NH3,1,2,1
India,Bihar,Begusarai,"Lohiyanagar, Begusarai - BSPCB","29-07-2026 14:00:00",25.42742023,86.13886079,PM2.5,2,82,38
India,Bihar,Begusarai,"Lohiyanagar, Begusarai - BSPCB","29-07-2026 14:00:00",25.42742023,86.13886079,OZONE,39,45,42
India,Bihar,Bettiah,"Kamalnath Nagar, Bettiah - BSPCB","29-07-2026 14:00:00",26.80365,84.51954,CO,28,42,35
India,Bihar,Bhagalpur,"Mayaganj, Bhagalpur - BSPCB","29-07-2026 14:00:00",25.265194,87.012947,NO2,7,8,7
India,Bihar,Buxar,"Charitra Van, Buxar - BSPCB","29-07-2026 14:00:00",25.56752,83.966379,PM2.5,NA,NA,NA
India,Bihar,Buxar,"Charitra Van, Buxar - BSPCB","29-07-2026 14:00:00",25.56752,83.966379,NO2,9,10,10
India,Bihar,Buxar,"Charitra Van, Buxar - BSPCB","29-07-2026 14:00:00",25.56752,83.966379,CO,23,28,26
India,Bihar,Chhapra,"Darshan Nagar, Chhapra - BSPCB","29-07-2026 14:00:00",25.7808257,84.7446768,PM10,69,72,70
India,"Andhra Pradesh",Vijayawada,"Rajiv Nagar, Vijayawada - APPCB","29-07-2026 14:00:00",16.554731,80.64911,OZONE,25,39,30
India,"Andhra Pradesh",Vijayawada,"Kanuru, Vijayawada - APPCB","29-07-2026 14:00:00",16.486692,80.699436,OZONE,17,44,30
India,"Arunachal Pradesh",Naharlagun,"Naharlagun, Naharlagun - APSPCB","29-07-2026 14:00:00",27.103358,93.679645,OZONE,6,7,6
India,Assam,Byrnihat,"Central Academy for SFS, Byrnihat - PCBA","29-07-2026 14:00:00",26.071318,91.87488,NO2,NA,NA,NA
India,Assam,Byrnihat,"Central Academy for SFS, Byrnihat - PCBA","29-07-2026 14:00:00",26.071318,91.87488,SO2,2,33,29
India,Assam,Guwahati,"IITG, Guwahati - PCBA","29-07-2026 14:00:00",26.2028636,91.70046436,OZONE,8,19,14
India,Assam,Guwahati,"Railway Colony, Guwahati - PCBA","29-07-2026 14:00:00",26.181742,91.78063,NO2,NA,NA,NA
India,Assam,Guwahati,"Railway Colony, Guwahati - PCBA","29-07-2026 14:00:00",26.181742,91.78063,NH3,1,1,1
India,Assam,Guwahati,"Pan Bazaar, Guwahati - PCBA","29-07-2026 14:00:00",26.1875,91.744194,PM2.5,NA,NA,NA
India,Assam,Guwahati,"Pan Bazaar, Guwahati - PCBA","29-07-2026 14:00:00",26.1875,91.744194,CO,15,19,16
India,Assam,Nagaon,"Christianpatty, Nagaon - PCBA","29-07-2026 14:00:00",26.349082,92.68449,NH3,1,1,1
India,Assam,Nagaon,"Christianpatty, Nagaon - PCBA","29-07-2026 14:00:00",26.349082,92.68449,SO2,1,15,12
India,Assam,Nagaon,"Christianpatty, Nagaon - PCBA","29-07-2026 14:00:00",26.349082,92.68449,OZONE,11,13,12
India,Assam,Nalbari,"Bata Chowk, Nalbari - PCBA","29-07-2026 14:00:00",26.446912,91.439057,NH3,NA,NA,NA
India,Delhi,Delhi,"ITO, Delhi - CPCB","29-07-2026 14:00:00",28.628624,77.24106,PM2.5,15,131,74
India,Delhi,Delhi,"ITO, Delhi - CPCB","29-07-2026 14:00:00",28.628624,77.24106,NH3,1,6,4
India,Delhi,Delhi,"ITO, Delhi - CPCB","29-07-2026 14:00:00",28.628624,77.24106,SO2,0,32,13
India,Delhi,Delhi,"NSUT Jaffarpur, Delhi - DPCC","29-07-2026 14:00:00",28.594004,76.909423,PM2.5,4,95,45
India,Delhi,Delhi,"NSUT Jaffarpur, Delhi - DPCC","29-07-2026 14:00:00",28.594004,76.909423,PM10,11,72,42
India,Delhi,Delhi,"NSUT Jaffarpur, Delhi - DPCC","29-07-2026 14:00:00",28.594004,76.909423,SO2,5,7,6
India,Delhi,Delhi,"Shadipur, Delhi - CPCB","29-07-2026 14:00:00",28.6514781,77.1473105,NH3,6,10,8
India,Delhi,Delhi,"Shadipur, Delhi - CPCB","29-07-2026 14:00:00",28.6514781,77.1473105,CO,37,80,65
India,Delhi,Delhi,"Sirifort, Delhi - CPCB","29-07-2026 14:00:00",28.5504249,77.2159377,PM2.5,18,88,62
India,Delhi,Delhi,"Sirifort, Delhi - CPCB","29-07-2026 14:00:00",28.5504249,77.2159377,PM10,16,91,57
India,Delhi,Delhi,"Sirifort, Delhi - CPCB","29-07-2026 14:00:00",28.5504249,77.2159377,NO2,26,58,44
India,Delhi,Delhi,"Chandni Chowk, Delhi - IITM","29-07-2026 14:00:00",28.656756,77.227234,PM2.5,42,160,81
India,Delhi,Delhi,"Chandni Chowk, Delhi - IITM","29-07-2026 14:00:00",28.656756,77.227234,NO2,8,27,19
India,Delhi,Delhi,"Pusa, Delhi - IITM","29-07-2026 14:00:00",28.63611,77.173332,NO2,14,92,49
India,Delhi,Delhi,"Pusa, Delhi - IITM","29-07-2026 14:00:00",28.63611,77.173332,SO2,NA,NA,NA
India,Delhi,Delhi,"Pusa, Delhi - IITM","29-07-2026 14:00:00",28.63611,77.173332,CO,9,23,13
India,Delhi,Delhi,"IGNOU_Maidan Garhi, Delhi - DPCC","29-07-2026 14:00:00",28.493624,77.201159,NO2,7,27,14
India,Delhi,Delhi,"IGNOU_Maidan Garhi, Delhi - DPCC","29-07-2026 14:00:00",28.493624,77.201159,CO,37,39,38
India,Delhi,Delhi,"Commonwealth Sports Complex, Delhi - DPCC","29-07-2026 14:00:00",28.615828,77.271992,SO2,5,8,6
India,Delhi,Delhi,"Aya Nagar, Delhi - IITM","29-07-2026 14:00:00",28.4706914,77.1099364,OZONE,6,67,35
India,Delhi,Delhi,"CRRI Mathura Road, Delhi - IITM","29-07-2026 14:00:00",28.5512005,77.2735737,PM2.5,4,68,40
India,Delhi,Delhi,"Burari Crossing, Delhi - IITM","29-07-2026 14:00:00",28.7256504,77.2011573,NH3,NA,NA,NA
India,Delhi,Delhi,"IMD Lodhi Road, Delhi - IITM","29-07-2026 14:00:00",28.5918245,77.2273074,PM2.5,5,114,40
India,Delhi,Delhi,"Alipur, Delhi - DPCC","29-07-2026 14:00:00",28.815329,77.15301,NO2,35,79,61
India,Delhi,Delhi,"Alipur, Delhi - DPCC","29-07-2026 14:00:00",28.815329,77.15301,NH3,7,24,17
India,Delhi,Delhi,"Alipur, Delhi - DPCC","29-07-2026 14:00:00",28.815329,77.15301,SO2,4,6,5
India,Delhi,Delhi,"North Campus, DU, Delhi - IITM","29-07-2026 14:00:00",28.6573814,77.1585447,PM10,22,134,89
India,Delhi,Delhi,"R K Puram, Delhi - DPCC","29-07-2026 14:00:00",28.563262,77.186937,PM10,9,86,55
India,Bihar,Gaya,"SFTI Kusdihra, Gaya - BSPCB","29-07-2026 14:00:00",24.762518,84.982348,NH3,5,6,6
India,Bihar,Gaya,"Collectorate, Gaya - BSPCB","29-07-2026 14:00:00",24.7955,84.9994,PM10,NA,NA,NA
India,Bihar,Gaya,"Collectorate, Gaya - BSPCB","29-07-2026 14:00:00",24.7955,84.9994,CO,12,12,12
India,Bihar,Gaya,"Kareemganj, Gaya - BSPCB","29-07-2026 14:00:00",24.792403,84.992416,NO2,9,13,12
India,Bihar,Gaya,"Kareemganj, Gaya - BSPCB","29-07-2026 14:00:00",24.792403,84.992416,NH3,1,2,1
India,Bihar,Katihar,"Mirchaibari, Katihar - BSPCB","29-07-2026 14:00:00",25.560083,87.553265,SO2,17,24,21
India,Bihar,Katihar,"Mirchaibari, Katihar - BSPCB","29-07-2026 14:00:00",25.560083,87.553265,CO,68,93,82
India,Bihar,Kishanganj,"SDM Office_Khagra, Kishanganj - BSPCB","29-07-2026 14:00:00",26.0881305,87.93840336,PM10,34,56,41
India,Bihar,Kishanganj,"SDM Office_Khagra, Kishanganj - BSPCB","29-07-2026 14:00:00",26.0881305,87.93840336,NH3,3,3,3
India,Bihar,Kishanganj,"SDM Office_Khagra, Kishanganj - BSPCB","29-07-2026 14:00:00",26.0881305,87.93840336,OZONE,32,34,33
India,Bihar,Manguraha,"Forest Rest House, Manguraha - BSPCB","29-07-2026 14:00:00",27.308328,84.531742,CO,20,34,30
India,Bihar,Motihari,"Gandak Colony, Motihari - BSPCB","29-07-2026 14:00:00",26.63086,84.90051,OZONE,59,60,60
India,"Andhra Pradesh",Amaravati,"Secretariat, Amaravati - APPCB","29-07-2026 14:00:00",16.5150833,80.5181667,NH3,3,4,3
India,"Andhra Pradesh",Amaravati,"Secretariat, Amaravati - APPCB","29-07-2026 14:00:00",16.5150833,80.5181667,SO2,6,59,15
India,"Andhra Pradesh",Chittoor,"Gangineni Cheruvu, Chittoor - APPCB","29-07-2026 14:00:00",13.20488,79.097889,NH3,6,8,6
India,"Andhra Pradesh",Guntur,"Rajendra Nagar North, Guntur - APPCB","29-07-2026 14:00:00",16.316553,80.413302,CO,12,35,25
India,"Andhra Pradesh",Guntur,"Rajendra Nagar North, Guntur - APPCB","29-07-2026 14:00:00",16.316553,80.413302,OZONE,24,49,32
India,Delhi,Delhi,"IIT Delhi, Delhi - IITM","29-07-2026 14:00:00",28.54246,77.191651,NO2,5,29,16
India,Delhi,Delhi,"IIT Delhi, Delhi - IITM","29-07-2026 14:00:00",28.54246,77.191651,NH3,NA,NA,NA
India,Delhi,Delhi,"IIT Delhi, Delhi - IITM","29-07-2026 14:00:00",28.54246,77.191651,CO,25,32,28
India,Delhi,Delhi,"Dr. Karni Singh Shooting Range, Delhi - DPCC","29-07-2026 14:00:00",28.498571,77.26484,PM2.5,8,88,39
India,Delhi,Delhi,"Dr. Karni Singh Shooting Range, Delhi - DPCC","29-07-2026 14:00:00",28.498571,77.26484,NO2,12,42,21
India,Delhi,Delhi,"Dwarka-Sector 8, Delhi - DPCC ","29-07-2026 14:00:00",28.5710274,77.0719006,PM10,8,184,72
India,Delhi,Delhi,"DTU, Delhi - CPCB","29-07-2026 14:00:00",28.7500499,77.1112615,NO2,6,36,17
India,Delhi,Delhi,"Anand Vihar, Delhi - DPCC","29-07-2026 14:00:00",28.647622,77.315809,PM2.5,28,173,125
India,Delhi,Delhi,"Ashok Vihar, Delhi - DPCC","29-07-2026 14:00:00",28.695381,77.181665,NH3,0,0,0
India,Delhi,Delhi,"Ashok Vihar, Delhi - DPCC","29-07-2026 14:00:00",28.695381,77.181665,OZONE,16,28,21
India,Delhi,Delhi,"Mundka, Delhi - DPCC","29-07-2026 14:00:00",28.684678,77.076574,NO2,45,110,87
India,Delhi,Delhi,"Mundka, Delhi - DPCC","29-07-2026 14:00:00",28.684678,77.076574,CO,45,69,57
India,Delhi,Delhi,"Wazirpur, Delhi - DPCC","29-07-2026 14:00:00",28.699793,77.165453,SO2,6,9,7
India,Delhi,Delhi,"Wazirpur, Delhi - DPCC","29-07-2026 14:00:00",28.699793,77.165453,OZONE,17,21,19
India,Delhi,Delhi,"Najafgarh, Delhi - DPCC","29-07-2026 14:00:00",28.570173,76.933762,NH3,8,15,10
India,Delhi,Delhi,"Najafgarh, Delhi - DPCC","29-07-2026 14:00:00",28.570173,76.933762,CO,3,28,19
India,Delhi,Delhi,"Najafgarh, Delhi - DPCC","29-07-2026 14:00:00",28.570173,76.933762,OZONE,11,18,14
India,Delhi,Delhi,"Jawaharlal Nehru Stadium, Delhi - DPCC","29-07-2026 14:00:00",28.58028,77.233829,NO2,39,76,56
India,Delhi,Delhi,"Jawaharlal Nehru Stadium, Delhi - DPCC","29-07-2026 14:00:00",28.58028,77.233829,OZONE,19,23,22
India,Delhi,Delhi,"Patparganj, Delhi - DPCC","29-07-2026 14:00:00",28.623763,77.287209,PM10,8,104,64
India,Haryana,Kurukshetra,"Sector-7, Kurukshetra - HSPCB","29-07-2026 14:00:00",29.966942,76.875879,CO,25,37,31
India,Haryana,Kurukshetra,"Sector-7, Kurukshetra - HSPCB","29-07-2026 14:00:00",29.966942,76.875879,OZONE,13,52,27
India,Haryana,Manesar,"Sector-2 IMT, Manesar - HSPCB","29-07-2026 14:00:00",28.360699,76.93609,NO2,15,66,27
India,Haryana,Manesar,"Sector-2 IMT, Manesar - HSPCB","29-07-2026 14:00:00",28.360699,76.93609,OZONE,5,26,16
India,Haryana,Narnaul,"Shastri Nagar, Narnaul - HSPCB","29-07-2026 14:00:00",28.060249,76.113115,SO2,5,18,10
India,Haryana,Narnaul,"Shastri Nagar, Narnaul - HSPCB","29-07-2026 14:00:00",28.060249,76.113115,OZONE,12,55,35
India,Haryana,Palwal,"Shyam Nagar, Palwal - HSPCB","29-07-2026 14:00:00",28.1485564,77.3320667,NO2,23,24,24
India,Haryana,Palwal,"Shyam Nagar, Palwal - HSPCB","29-07-2026 14:00:00",28.1485564,77.3320667,CO,22,105,70
India,Haryana,Panchgaon,"Amity University, Panchgaon - IITM","29-07-2026 14:00:00",28.3153,76.9143,NO2,0,4,2
India,Haryana,Panchkula,"Sector-6, Panchkula - HSPCB ","29-07-2026 14:00:00",30.7057778,76.8531805555555,PM10,NA,NA,NA
India,Haryana,"Yamuna Nagar","Gobind Pura, Yamuna Nagar - HSPCB","29-07-2026 14:00:00",30.1480566,77.2893471,PM10,59,114,88
India,Haryana,"Yamuna Nagar","Gobind Pura, Yamuna Nagar - HSPCB","29-07-2026 14:00:00",30.1480566,77.2893471,OZONE,8,64,56
India,"Himachal Pradesh",Baddi,"HIMUDA Complex Phase-1, Baddi - HPPCB","29-07-2026 14:00:00",30.943887,76.801991,PM10,6,263,109
India,"Himachal Pradesh",Baddi,"HIMUDA Complex Phase-1, Baddi - HPPCB","29-07-2026 14:00:00",30.943887,76.801991,OZONE,5,36,25
India,"Jammu and Kashmir",Pampore,"Khrew, Pampore - JKPCC","29-07-2026 14:00:00",34.031606,75.009712,PM2.5,15,65,42
India,"Jammu and Kashmir",Srinagar,"Rajbagh, Srinagar - JKPCC","29-07-2026 14:00:00",34.066206,74.81982,NO2,19,20,19
India,Jharkhand,Dhanbad,"Sardar Patel Nagar, Dhanbad - JSPCB","29-07-2026 14:00:00",23.80569,86.44268,SO2,NA,NA,NA
India,Karnataka,Bagalkot,"Vidayagiri, Bagalkot - KSPCB","29-07-2026 14:00:00",16.172806,75.659694,NH3,1,1,1
India,Karnataka,Bagalkot,"Vidayagiri, Bagalkot - KSPCB","29-07-2026 14:00:00",16.172806,75.659694,SO2,10,10,10
India,Karnataka,Bengaluru,"Bapuji Nagar, Bengaluru - KSPCB","29-07-2026 14:00:00",12.951913,77.539784,PM2.5,NA,NA,NA
India,Karnataka,Bengaluru,"Bapuji Nagar, Bengaluru - KSPCB","29-07-2026 14:00:00",12.951913,77.539784,OZONE,31,32,32
India,Karnataka,Bengaluru,"Sanegurava Halli, Bengaluru - KSPCB","29-07-2026 14:00:00",12.990328,77.5431385,PM10,54,58,55
India,Karnataka,Bengaluru,"Sanegurava Halli, Bengaluru - KSPCB","29-07-2026 14:00:00",12.990328,77.5431385,NH3,NA,NA,NA
India,Karnataka,Bengaluru,"Sanegurava Halli, Bengaluru - KSPCB","29-07-2026 14:00:00",12.990328,77.5431385,OZONE,NA,NA,NA
India,Karnataka,Bengaluru,"Jigani, Bengaluru - KSPCB","29-07-2026 14:00:00",12.7816279,77.6299145,SO2,20,20,20
India,Karnataka,Bengaluru,"Jigani, Bengaluru - KSPCB","29-07-2026 14:00:00",12.7816279,77.6299145,CO,35,37,36
India,Delhi,Delhi,"Cantonment Area, Delhi - DPCC","29-07-2026 14:00:00",28.594169,77.1251,OZONE,1,20,7
India,Gujarat,Ahmedabad,"SVPI Airport Hansol, Ahmedabad - IITM","29-07-2026 14:00:00",23.076793,72.627874,PM2.5,16,48,26
India,Gujarat,Ahmedabad,"SVPI Airport Hansol, Ahmedabad - IITM","29-07-2026 14:00:00",23.076793,72.627874,PM10,62,62,62
India,Gujarat,Ahmedabad,"Rakhial, Ahmedabad - IITM","29-07-2026 14:00:00",23.016834,72.625775,NO2,22,57,29
India,Gujarat,Ahmedabad,"Rakhial, Ahmedabad - IITM","29-07-2026 14:00:00",23.016834,72.625775,NH3,4,8,5
India,Gujarat,Ahmedabad,"Rakhial, Ahmedabad - IITM","29-07-2026 14:00:00",23.016834,72.625775,CO,19,55,40
India,Gujarat,Ahmedabad,"Chandkheda, Ahmedabad - IITM","29-07-2026 14:00:00",23.107969,72.574648,NH3,7,11,9
India,Gujarat,Ahmedabad,"Chandkheda, Ahmedabad - IITM","29-07-2026 14:00:00",23.107969,72.574648,SO2,4,12,8
India,Gujarat,Ahmedabad,"Maninagar, Ahmedabad - GPCB","29-07-2026 14:00:00",23.002657,72.591912,NO2,58,60,59
India,Gujarat,Ahmedabad,"Gyaspur, Ahmedabad - IITM","29-07-2026 14:00:00",22.977134,72.553024,PM2.5,NA,NA,NA
India,Gujarat,Ahmedabad,"Gyaspur, Ahmedabad - IITM","29-07-2026 14:00:00",22.977134,72.553024,SO2,9,27,17
India,Gujarat,Ahmedabad,"SAC ISRO Satellite, Ahmedabad - IITM","29-07-2026 14:00:00",23.023389,72.515201,NO2,8,18,12
India,Gujarat,Ankleshwar,"GIDC, Ankleshwar - GPCB","29-07-2026 14:00:00",21.613267,73.010555,PM2.5,NA,NA,NA
India,Gujarat,Ankleshwar,"GIDC, Ankleshwar - GPCB","29-07-2026 14:00:00",21.613267,73.010555,NO2,NA,NA,NA
India,Delhi,Delhi,"Patparganj, Delhi - DPCC","29-07-2026 14:00:00",28.623763,77.287209,CO,36,44,40
India,Delhi,Delhi,"Nehru Nagar, Delhi - DPCC","29-07-2026 14:00:00",28.56789,77.250515,CO,10,39,17
India,Delhi,Delhi,"Sri Aurobindo Marg, Delhi - DPCC","29-07-2026 14:00:00",28.531346,77.190156,NO2,9,32,20
India,Delhi,Delhi,"IHBAS, Dilshad Garden, Delhi - CPCB","29-07-2026 14:00:00",28.6811736,77.3025234,NH3,5,7,6
India,Delhi,Delhi,"Jahangirpuri, Delhi - DPCC","29-07-2026 14:00:00",28.73282,77.170633,NH3,8,12,11
India,Delhi,Delhi,"Vivek Vihar, Delhi - DPCC","29-07-2026 14:00:00",28.672342,77.31526,SO2,8,13,10
India,Delhi,Delhi,"Rohini, Delhi - DPCC","29-07-2026 14:00:00",28.732528,77.11992,NH3,5,16,10
India,Delhi,Delhi,"Okhla Phase-2, Delhi - DPCC","29-07-2026 14:00:00",28.530785,77.271255,NH3,6,29,14
India,Delhi,Delhi,"Okhla Phase-2, Delhi - DPCC","29-07-2026 14:00:00",28.530785,77.271255,SO2,5,17,9
India,Delhi,Delhi,"Okhla Phase-2, Delhi - DPCC","29-07-2026 14:00:00",28.530785,77.271255,OZONE,5,36,20
India,Delhi,Delhi,"Bawana, Delhi - DPCC","29-07-2026 14:00:00",28.7762,77.051074,CO,41,66,55
India,Delhi,Delhi,"Bawana, Delhi - DPCC","29-07-2026 14:00:00",28.7762,77.051074,OZONE,4,7,6
India,Delhi,Delhi,"Sonia Vihar, Delhi - DPCC","29-07-2026 14:00:00",28.710508,77.249485,CO,37,60,47
India,Delhi,Delhi,"Sonia Vihar, Delhi - DPCC","29-07-2026 14:00:00",28.710508,77.249485,OZONE,6,37,20
India,Haryana,Fatehabad,"Huda Sector, Fatehabad - HSPCB","29-07-2026 14:00:00",29.503664,75.467934,NO2,18,20,19
India,Haryana,Fatehabad,"Huda Sector, Fatehabad - HSPCB","29-07-2026 14:00:00",29.503664,75.467934,CO,45,52,48
India,Haryana,Fatehabad,"Huda Sector, Fatehabad - HSPCB","29-07-2026 14:00:00",29.503664,75.467934,OZONE,20,33,28
India,Haryana,Gurugram,"Teri Gram, Gurugram - HSPCB","29-07-2026 14:00:00",28.4275,77.1465,NO2,27,57,39
India,Haryana,Gurugram,"Teri Gram, Gurugram - HSPCB","29-07-2026 14:00:00",28.4275,77.1465,CO,6,12,11
India,Haryana,Gurugram,"Sector-51, Gurugram - HSPCB","29-07-2026 14:00:00",28.4227,77.0667,SO2,NA,NA,NA
India,Haryana,Jind,"Police Lines, Jind - HSPCB","29-07-2026 14:00:00",29.307814,76.337619,OZONE,9,12,11
India,Haryana,Kaithal,"Rishi Nagar, Kaithal - HSPCB","29-07-2026 14:00:00",29.8006,76.4155,PM10,20,129,40
India,Haryana,Kaithal,"Rishi Nagar, Kaithal - HSPCB","29-07-2026 14:00:00",29.8006,76.4155,OZONE,6,302,114
India,Haryana,Karnal,"Sector-12, Karnal - HSPCB","29-07-2026 14:00:00",29.6953,77.0027,PM2.5,33,62,49
India,Haryana,Karnal,"Sector-12, Karnal - HSPCB","29-07-2026 14:00:00",29.6953,77.0027,NH3,6,12,8
India,Haryana,Karnal,"Sector-12, Karnal - HSPCB","29-07-2026 14:00:00",29.6953,77.0027,CO,42,64,53
India,Haryana,Kurukshetra,"Sector-7, Kurukshetra - HSPCB","29-07-2026 14:00:00",29.966942,76.875879,NH3,5,6,5
India,Haryana,Kurukshetra,"Sector-7, Kurukshetra - HSPCB","29-07-2026 14:00:00",29.966942,76.875879,SO2,2,12,7
India,Gujarat,Gandhinagar,"IIPHG Lekawada, Gandhinagar - IITM","29-07-2026 14:00:00",23.243639,72.68994,PM10,107,189,143
India,Gujarat,Gandhinagar,"GIFT City, Gandhinagar - IITM","29-07-2026 14:00:00",23.163798,72.677768,PM10,87,151,107
India,Gujarat,Gandhinagar,"GIFT City, Gandhinagar - IITM","29-07-2026 14:00:00",23.163798,72.677768,NO2,8,16,11
India,Gujarat,Gandhinagar,"GIFT City, Gandhinagar - IITM","29-07-2026 14:00:00",23.163798,72.677768,OZONE,3,5,4
India,Gujarat,Mehsana,"Sadanand Nagar, Mehsana - Nexteng Enviro","29-07-2026 14:00:00",23.59315,72.372792,NO2,6,10,8
India,Gujarat,Mehsana,"Sadanand Nagar, Mehsana - Nexteng Enviro","29-07-2026 14:00:00",23.59315,72.372792,NH3,0,0,0
India,Gujarat,Nandesari,"GIDC, Nandesari - Nandesari Ind. Association","29-07-2026 14:00:00",22.410802,73.097923,PM10,58,94,76
India,Gujarat,Rajkot,"Mavdi, Rajkot - Nexteng Enviro ","29-07-2026 14:00:00",22.248853,70.776774,PM2.5,26,60,45
India,Gujarat,Rajkot,"Mavdi, Rajkot - Nexteng Enviro ","29-07-2026 14:00:00",22.248853,70.776774,NH3,0,0,0
India,Gujarat,Surat,"Katargam, Surat - Nexteng Enviro","29-07-2026 14:00:00",21.217779,72.834787,NO2,1,31,20
India,Gujarat,Surat,"Katargam, Surat - Nexteng Enviro","29-07-2026 14:00:00",21.217779,72.834787,OZONE,6,6,6
India,Gujarat,Vadodara,"Bapunagar, Vadodara - Nexteng Enviro","29-07-2026 14:00:00",22.320153,73.216285,NH3,1,2,2
India,Haryana,Ambala,"Patti Mehar, Ambala - HSPCB","29-07-2026 14:00:00",30.379589,76.778328,SO2,23,67,58
India,Haryana,Ambala,"Patti Mehar, Ambala - HSPCB","29-07-2026 14:00:00",30.379589,76.778328,OZONE,10,29,21
India,Haryana,Ballabgarh,"Nathu Colony, Ballabgarh - HSPCB","29-07-2026 14:00:00",28.3419248,77.319699,NH3,4,5,4
India,Haryana,Bhiwani,"H.B. Colony, Bhiwani - HSPCB","29-07-2026 14:00:00",28.806223,76.141105,OZONE,11,44,18
India,Haryana,"Charkhi Dadri","Mini Secretariat, Charkhi Dadri - HSPCB","29-07-2026 14:00:00",28.593883,76.270653,NO2,9,22,15
India,Haryana,"Charkhi Dadri","Mini Secretariat, Charkhi Dadri - HSPCB","29-07-2026 14:00:00",28.593883,76.270653,CO,9,18,15
India,Haryana,"Charkhi Dadri","Mini Secretariat, Charkhi Dadri - HSPCB","29-07-2026 14:00:00",28.593883,76.270653,OZONE,11,37,28
India,Haryana,Faridabad,"New Industrial Town, Faridabad - HSPCB","29-07-2026 14:00:00",28.39072,77.30059,PM10,73,110,102
India,Haryana,Faridabad,"Sector 11, Faridabad - HSPCB","29-07-2026 14:00:00",28.376058,77.315741,PM10,33,348,113
India,Haryana,Faridabad,"Sector 11, Faridabad - HSPCB","29-07-2026 14:00:00",28.376058,77.315741,NH3,8,9,9
India,Haryana,Faridabad,"Sector 30, Faridabad - HSPCB","29-07-2026 14:00:00",28.4417,77.3217,NO2,36,39,37
India,Karnataka,Bengaluru,"Hebbal, Bengaluru - KSPCB","29-07-2026 14:00:00",13.029152,77.585901,SO2,4,21,14
India,Karnataka,Bengaluru,"Hebbal, Bengaluru - KSPCB","29-07-2026 14:00:00",13.029152,77.585901,CO,17,30,23
India,Karnataka,Chamarajanagar,"Urban, Chamarajanagar - KSPCB","29-07-2026 14:00:00",11.55358,76.55521,CO,17,19,18
India,Karnataka,Chikkaballapur,"Chikkaballapur Rural, Chikkaballapur - KSPCB","29-07-2026 14:00:00",13.428828,77.731418,NH3,NA,NA,NA
India,Karnataka,Chikkamagaluru,"Kalyana Nagara, Chikkamagaluru - KSPCB","29-07-2026 14:00:00",13.328028,75.797056,NH3,2,3,3
India,Karnataka,Chikkamagaluru,"Kalyana Nagara, Chikkamagaluru - KSPCB","29-07-2026 14:00:00",13.328028,75.797056,CO,11,62,28
India,Karnataka,Davanagere,"Devaraj Urs Badavane, Davanagere - KSPCB","29-07-2026 14:00:00",14.4758,75.9052,SO2,NA,NA,NA
India,Karnataka,Dharwad,"Kalabhavan, Dharwad - KSPCB","29-07-2026 14:00:00",15.459706,75.008381,PM2.5,45,80,57
India,Karnataka,Gadag,"Panchal Nagar, Gadag - KSPCB","29-07-2026 14:00:00",15.411456,75.638133,PM2.5,10,22,18
India,Maharashtra,Jalgaon,"Prabhat Colony, Jalgaon - MPCB","29-07-2026 14:00:00",21.001264,75.565602,SO2,NA,NA,NA
India,Maharashtra,Jalna,"Old MIDC, Jalna - MPCB","29-07-2026 14:00:00",19.854616,75.905894,SO2,5,8,6
India,Maharashtra,Kalyan,"Pimpleshwar Mandir, Kalyan - MPCB","29-07-2026 14:00:00",19.192056,72.9585188,NO2,16,24,22
India,Maharashtra,Kalyan,"Pimpleshwar Mandir, Kalyan - MPCB","29-07-2026 14:00:00",19.192056,72.9585188,NH3,0,6,6
India,Maharashtra,Kalyan,"Khadakpada, Kalyan - MPCB","29-07-2026 14:00:00",19.25292,73.142019,SO2,NA,NA,NA
India,Maharashtra,Kolhapur,"Shivaji University, Kolhapur - MPCB","29-07-2026 14:00:00",16.6870449,74.2505872,SO2,0,2,2
India,Maharashtra,Kolhapur,"Sinchan Bhavan, Kolhapur - MPCB","29-07-2026 14:00:00",16.7143745,74.2426398,PM2.5,10,58,30
India,Maharashtra,Kolhapur,"Sinchan Bhavan, Kolhapur - MPCB","29-07-2026 14:00:00",16.7143745,74.2426398,NH3,1,3,2
India,Maharashtra,Latur,"Sawe Wadi, Latur - MPCB","29-07-2026 14:00:00",18.39963,76.57452,PM10,30,59,43
India,Maharashtra,Latur,"Sawe Wadi, Latur - MPCB","29-07-2026 14:00:00",18.39963,76.57452,NH3,2,5,3
India,Maharashtra,Mahad,"Kamble Tarf Birwadi, Mahad - MPCB","29-07-2026 14:00:00",18.1023399,73.4783687,PM10,27,74,42
India,Maharashtra,Mira-Bhayandar,"Bhayandar West, Mira-Bhayandar - MPCB","29-07-2026 14:00:00",19.296481,72.840923,NO2,2,6,4
India,Maharashtra,Mira-Bhayandar,"Bhayandar West, Mira-Bhayandar - MPCB","29-07-2026 14:00:00",19.296481,72.840923,OZONE,7,21,15
India,Maharashtra,Mumbai,"Kherwadi_Bandra East, Mumbai - MPCB","29-07-2026 14:00:00",19.0632143,72.8456324,PM2.5,20,48,32
India,Maharashtra,Mumbai,"Kherwadi_Bandra East, Mumbai - MPCB","29-07-2026 14:00:00",19.0632143,72.8456324,PM10,40,68,54
India,Maharashtra,Mumbai,"Kherwadi_Bandra East, Mumbai - MPCB","29-07-2026 14:00:00",19.0632143,72.8456324,SO2,2,4,3
India,Maharashtra,Mumbai,"Kherwadi_Bandra East, Mumbai - MPCB","29-07-2026 14:00:00",19.0632143,72.8456324,OZONE,4,19,8
India,Maharashtra,Mumbai,"Mazgaon, Mumbai - IITM","29-07-2026 14:00:00",18.96702,72.84214,OZONE,21,26,23
India,"Madhya Pradesh",Satna,"Bandhavgar Colony, Satna - Birla Cement","29-07-2026 14:00:00",24.58434363,80.8549414,PM10,69,71,70
India,"Madhya Pradesh",Satna,"Bandhavgar Colony, Satna - Birla Cement","29-07-2026 14:00:00",24.58434363,80.8549414,SO2,17,19,18
India,"Madhya Pradesh",Ujjain,"Mahashweta Nagar, Ujjain - MPPCB","29-07-2026 14:00:00",23.1633321,75.800225,PM10,57,97,76
India,Maharashtra,Ahmednagar,"Tarakpur, Ahmednagar - MPCB","29-07-2026 14:00:00",19.10122,74.73339,NO2,3,14,6
India,Maharashtra,Ambernath,"Chinchpada, Ambernath - MPCB","29-07-2026 14:00:00",19.215784,73.199781,PM2.5,25,68,48
India,Maharashtra,Ambernath,"Chinchpada, Ambernath - MPCB","29-07-2026 14:00:00",19.215784,73.199781,OZONE,5,10,7
India,Maharashtra,Amravati,"Shri Shivaji Science College, Amravati - MPCB","29-07-2026 14:00:00",20.939198,77.765701,PM10,25,58,36
India,Maharashtra,Amravati,"Shri Shivaji Science College, Amravati - MPCB","29-07-2026 14:00:00",20.939198,77.765701,SO2,1,4,2
India,Maharashtra,Amravati,"Shri Shivaji Science College, Amravati - MPCB","29-07-2026 14:00:00",20.939198,77.765701,CO,18,21,20
India,Maharashtra,Amravati,"Shivneri Colony, Amravati - MPCB","29-07-2026 14:00:00",20.9402359,77.7895248,PM10,25,63,37
India,Maharashtra,Amravati,"Shivneri Colony, Amravati - MPCB","29-07-2026 14:00:00",20.9402359,77.7895248,NH3,1,2,2
India,Maharashtra,Aurangabad,"More Chowk Waluj, Aurangabad - MPCB","29-07-2026 14:00:00",19.8389439,75.244448,OZONE,12,20,16
India,Maharashtra,Aurangabad,"MIDC Chilkalthana, Aurangabad - MPCB","29-07-2026 14:00:00",19.87562,75.38731,NH3,1,2,1
India,Karnataka,Gadag,"Panchal Nagar, Gadag - KSPCB","29-07-2026 14:00:00",15.411456,75.638133,PM10,15,33,27
India,Karnataka,Kalaburagi,"Mahatma Basaveswar Colony, Kalaburgi - KSPCB","29-07-2026 14:00:00",17.336318,76.847397,SO2,3,5,4
India,Karnataka,Kalaburagi,"Mahatma Basaveswar Colony, Kalaburgi - KSPCB","29-07-2026 14:00:00",17.336318,76.847397,OZONE,37,37,37
India,Karnataka,Karwar,"KHB Colony, Karwar - KSPCB","29-07-2026 14:00:00",14.816666,74.141003,NH3,3,5,4
India,Karnataka,Koppal,"Diwator Nagar, Koppal - KSPCB","29-07-2026 14:00:00",15.34763,76.181767,PM2.5,NA,NA,NA
India,Karnataka,Koppal,"Diwator Nagar, Koppal - KSPCB","29-07-2026 14:00:00",15.34763,76.181767,NO2,NA,NA,NA
India,Karnataka,Mysuru,"Hebbal 1st Stage, Mysuru - KSPCB","29-07-2026 14:00:00",12.21041,76.37376,PM2.5,14,31,23
India,Karnataka,Mysuru,"Hebbal 1st Stage, Mysuru - KSPCB","29-07-2026 14:00:00",12.21041,76.37376,NO2,11,35,23
India,Karnataka,Ramanagara,"Vijay Nagar, Ramanagara - KSPCB","29-07-2026 14:00:00",12.733409,77.298051,NH3,NA,NA,NA
India,Karnataka,Tumakuru,"Thimmalapura, Tumakuru - KSPCB","29-07-2026 14:00:00",13.377516,77.099072,NO2,24,24,24
India,Karnataka,Tumakuru,"Thimmalapura, Tumakuru - KSPCB","29-07-2026 14:00:00",13.377516,77.099072,NH3,3,3,3
India,Karnataka,Tumakuru,"Thimmalapura, Tumakuru - KSPCB","29-07-2026 14:00:00",13.377516,77.099072,SO2,11,17,12
India,Karnataka,Vijayapura,"Ibrahimpur, Vijayapura - KSPCB","29-07-2026 14:00:00",16.802639,75.722694,SO2,3,6,3
India,Karnataka,Yadgir,"Collector Office, Yadgir - KSPCB","29-07-2026 14:00:00",16.7602,77.1428,PM10,22,56,38
India,Maharashtra,Mumbai,"Malad West, Mumbai - IITM","29-07-2026 14:00:00",19.19709,72.82204,PM10,22,130,56
India,Maharashtra,Mumbai,"Malad West, Mumbai - IITM","29-07-2026 14:00:00",19.19709,72.82204,SO2,4,8,6
India,Maharashtra,Mumbai,"Chembur, Mumbai - MPCB","29-07-2026 14:00:00",19.0364585,72.8954371,PM2.5,14,30,21
India,Maharashtra,Mumbai,"Kandivali West, Mumbai - BMC","29-07-2026 14:00:00",19.215859,72.831718,PM2.5,18,38,27
India,Maharashtra,Mumbai,"Kandivali West, Mumbai - BMC","29-07-2026 14:00:00",19.215859,72.831718,NO2,7,20,14
India,Maharashtra,Mumbai,"Kandivali West, Mumbai - BMC","29-07-2026 14:00:00",19.215859,72.831718,NH3,1,3,2
India,Maharashtra,Mumbai,"Siddharth Nagar-Worli, Mumbai - IITM","29-07-2026 14:00:00",19.000083,72.813993,PM2.5,17,31,20
India,Maharashtra,Mumbai,"Siddharth Nagar-Worli, Mumbai - IITM","29-07-2026 14:00:00",19.000083,72.813993,PM10,43,88,56
India,Maharashtra,Mumbai,"Chakala-Andheri East, Mumbai - IITM","29-07-2026 14:00:00",19.11074,72.86084,PM10,48,75,62
India,Maharashtra,Mumbai,"Chakala-Andheri East, Mumbai - IITM","29-07-2026 14:00:00",19.11074,72.86084,OZONE,8,13,11
India,Maharashtra,Mumbai,"Byculla, Mumbai - BMC","29-07-2026 14:00:00",18.9767,72.838,SO2,5,11,9
India,Maharashtra,Mumbai,"Khindipada-Bhandup West, Mumbai - IITM","29-07-2026 14:00:00",19.1653323,72.922099,SO2,1,13,8
India,Maharashtra,Mumbai,"Khindipada-Bhandup West, Mumbai - IITM","29-07-2026 14:00:00",19.1653323,72.922099,CO,14,25,19
India,Maharashtra,Mumbai,"Mindspace-Malad West, Mumbai - MPCB","29-07-2026 14:00:00",19.1878657,72.8304069,PM2.5,9,14,14
India,Maharashtra,Mumbai,"Worli, Mumbai - MPCB","29-07-2026 14:00:00",18.9936162,72.8128113,PM2.5,35,85,57
India,Kerala,Thiruvananthapuram,"Kariavattom, Thiruvananthapuram - Kerala PCB","29-07-2026 14:00:00",8.5637,76.8865,NO2,6,7,6
India,Kerala,Thiruvananthapuram,"Kariavattom, Thiruvananthapuram - Kerala PCB","29-07-2026 14:00:00",8.5637,76.8865,SO2,3,11,4
India,Kerala,Thiruvananthapuram,"Plammoodu, Thiruvananthapuram - Kerala PCB","29-07-2026 14:00:00",8.5149093,76.9435879,NH3,1,1,1
India,Kerala,Thiruvananthapuram,"Plammoodu, Thiruvananthapuram - Kerala PCB","29-07-2026 14:00:00",8.5149093,76.9435879,CO,7,33,15
India,Kerala,Thrissur,"Corporation Ground, Thrissur - Kerala PCB","29-07-2026 14:00:00",10.5324,76.2159,PM2.5,32,41,36
India,Kerala,Thrissur,"Corporation Ground, Thrissur - Kerala PCB","29-07-2026 14:00:00",10.5324,76.2159,PM10,44,59,51
India,Kerala,Thrissur,"Corporation Ground, Thrissur - Kerala PCB","29-07-2026 14:00:00",10.5324,76.2159,OZONE,30,31,31
India,"Madhya Pradesh",Bhopal,"T T Nagar, Bhopal - MPPCB","29-07-2026 14:00:00",23.233584,77.400574,NO2,11,23,15
India,"Madhya Pradesh",Bhopal,"T T Nagar, Bhopal - MPPCB","29-07-2026 14:00:00",23.233584,77.400574,CO,23,42,32
India,"Madhya Pradesh",Bhopal,"Idgah Hills, Bhopal - MPPCB","29-07-2026 14:00:00",23.264759,77.381568,PM10,34,65,51
India,"Madhya Pradesh",Bhopal,"Idgah Hills, Bhopal - MPPCB","29-07-2026 14:00:00",23.264759,77.381568,NH3,2,3,3
India,"Madhya Pradesh",Bhopal,"Paryavaran Parisar, Bhopal - MPPCB","29-07-2026 14:00:00",23.210494,77.425409,SO2,3,11,6
India,"Madhya Pradesh",Damoh,"Shrivastav Colony, Damoh - MPPCB","29-07-2026 14:00:00",23.81748678,79.446246,PM2.5,2,30,9
India,Maharashtra,Aurangabad,"Rachnakar Colony, Aurangabad - MPCB","29-07-2026 14:00:00",19.863756,75.321188,NH3,1,2,1
India,Maharashtra,Aurangabad,"Rachnakar Colony, Aurangabad - MPCB","29-07-2026 14:00:00",19.863756,75.321188,OZONE,8,10,9
India,Maharashtra,Badlapur,"Katrap, Badlapur - MPCB","29-07-2026 14:00:00",19.16485,73.23409,SO2,2,11,9
India,Maharashtra,Beed,"Bir, Beed - MPCB","29-07-2026 14:00:00",18.988474,75.753873,PM10,NA,NA,NA
India,Maharashtra,Beed,"Bir, Beed - MPCB","29-07-2026 14:00:00",18.988474,75.753873,CO,13,22,16
India,Maharashtra,Belapur,"CBD Belapur, Belapur - MPCB","29-07-2026 14:00:00",19.0243902,73.0406721,SO2,4,12,8
India,Maharashtra,Boisar,"Khaira, Boisar - MPCB","29-07-2026 14:00:00",19.786089,72.757971,PM10,57,73,65
India,Maharashtra,Chandrapur,"MIDC Khutala, Chandrapur - MPCB","29-07-2026 14:00:00",19.9775302,79.2337086,OZONE,6,12,9
India,Maharashtra,Dhule,"Deopur, Dhule - MPCB","29-07-2026 14:00:00",20.918946,74.776388,CO,12,28,17
India,Maharashtra,Dombivli,"Kalu Nagar, Dombivli - MPCB","29-07-2026 14:00:00",19.2268427,73.0788456,OZONE,28,34,31
India,Maharashtra,Hingoli,"Ashta Vinayak Nagar, Hingoli - MPCB","29-07-2026 14:00:00",19.710842,77.151824,OZONE,6,26,17
India,"Madhya Pradesh",Jabalpur,"Marhatal, Jabalpur - MPPCB","29-07-2026 14:00:00",23.168606,79.932247,NO2,13,29,21
India,"Madhya Pradesh",Jabalpur,"Govindh Bhavan Colony, Jabalpur - JMC","29-07-2026 14:00:00",23.163174,79.973061,PM10,8,41,19
India,"Madhya Pradesh",Jabalpur,"Govindh Bhavan Colony, Jabalpur - JMC","29-07-2026 14:00:00",23.163174,79.973061,NO2,3,17,10
India,"Madhya Pradesh",Jabalpur,"Govindh Bhavan Colony, Jabalpur - JMC","29-07-2026 14:00:00",23.163174,79.973061,NH3,8,9,8
India,"Madhya Pradesh",Jabalpur,"Govindh Bhavan Colony, Jabalpur - JMC","29-07-2026 14:00:00",23.163174,79.973061,CO,9,12,10
India,"Madhya Pradesh",Jabalpur,"Gupteshwar, Jabalpur - JMC","29-07-2026 14:00:00",23.142888,79.916147,PM2.5,8,43,25
India,"Madhya Pradesh",Katni,"Gole Bazar, Katni - MPPCB","29-07-2026 14:00:00",23.50016,80.23284,NO2,12,20,16
India,"Madhya Pradesh",Katni,"Gole Bazar, Katni - MPPCB","29-07-2026 14:00:00",23.50016,80.23284,OZONE,20,49,34
India,"Madhya Pradesh",Mandideep,"Sector-D Industrial Area, Mandideep - MPPCB","29-07-2026 14:00:00",23.10844,77.511428,PM2.5,31,113,68
India,"Madhya Pradesh",Mandideep,"Sector-D Industrial Area, Mandideep - MPPCB","29-07-2026 14:00:00",23.10844,77.511428,SO2,1,10,7
India,"Madhya Pradesh",Pithampur,"Sector-2 Industrial Area, Pithampur - MPPCB","29-07-2026 14:00:00",22.624758,75.675238,NH3,7,9,8
India,"Madhya Pradesh",Pithampur,"Sector-2 Industrial Area, Pithampur - MPPCB","29-07-2026 14:00:00",22.624758,75.675238,SO2,17,27,22
India,"Madhya Pradesh",Pithampur,"Sector-2 Industrial Area, Pithampur - MPPCB","29-07-2026 14:00:00",22.624758,75.675238,OZONE,19,34,26
India,Maharashtra,Mumbai,"Worli, Mumbai - MPCB","29-07-2026 14:00:00",18.9936162,72.8128113,CO,36,39,38
India,Maharashtra,Mumbai,"Bandra Kurla Complex, Mumbai - IITM","29-07-2026 14:00:00",19.053536,72.84643,PM10,63,101,87
India,Maharashtra,Mumbai,"Bandra Kurla Complex, Mumbai - IITM","29-07-2026 14:00:00",19.053536,72.84643,CO,15,24,22
India,Maharashtra,Mumbai,"Bandra Kurla Complex, Mumbai - MPCB","29-07-2026 14:00:00",19.065931,72.862131,PM2.5,20,51,35
India,Maharashtra,Mumbai,"Bandra Kurla Complex, Mumbai - MPCB","29-07-2026 14:00:00",19.065931,72.862131,PM10,54,76,68
India,Maharashtra,Mumbai,"Bandra Kurla Complex, Mumbai - MPCB","29-07-2026 14:00:00",19.065931,72.862131,CO,18,21,19
India,Maharashtra,Mumbai,"Bandra Kurla Complex, Mumbai - MPCB","29-07-2026 14:00:00",19.065931,72.862131,OZONE,16,35,24
India,Maharashtra,Mumbai,"Navy Nagar-Colaba, Mumbai - IITM","29-07-2026 14:00:00",18.897756,72.81332,PM10,NA,NA,NA
India,Maharashtra,Mumbai,"Navy Nagar-Colaba, Mumbai - IITM","29-07-2026 14:00:00",18.897756,72.81332,NH3,NA,NA,NA
India,Maharashtra,Mumbai,"Deonar, Mumbai - IITM","29-07-2026 14:00:00",19.04946,72.923,PM2.5,10,51,30
India,Maharashtra,Mumbai,"Deonar, Mumbai - IITM","29-07-2026 14:00:00",19.04946,72.923,PM10,78,130,114
India,Maharashtra,Mumbai,"Powai, Mumbai - MPCB","29-07-2026 14:00:00",19.1375,72.915056,NH3,NA,NA,NA
India,Maharashtra,Mumbai,"Kurla, Mumbai - MPCB","29-07-2026 14:00:00",19.0863,72.8888,PM2.5,50,107,70
India,"Madhya Pradesh",Gwalior,"Deen Dayal Nagar, Gwalior - MPPCB","29-07-2026 14:00:00",26.259242,78.216432,PM2.5,8,64,26
India,"Madhya Pradesh",Gwalior,"Deen Dayal Nagar, Gwalior - MPPCB","29-07-2026 14:00:00",26.259242,78.216432,CO,41,46,44
India,"Madhya Pradesh",Gwalior,"City Center, Gwalior - MPPCB","29-07-2026 14:00:00",26.203442,78.193251,PM2.5,18,43,29
India,"Madhya Pradesh",Gwalior,"City Center, Gwalior - MPPCB","29-07-2026 14:00:00",26.203442,78.193251,NH3,2,3,2
India,"Madhya Pradesh",Indore,"Regional Park, Indore - IMC","29-07-2026 14:00:00",22.678,75.8559,NO2,21,32,24
India,"Madhya Pradesh",Indore,"Airport Area, Indore - IMC","29-07-2026 14:00:00",22.7289,75.8076,NO2,16,55,21
India,"Madhya Pradesh",Indore,"Airport Area, Indore - IMC","29-07-2026 14:00:00",22.7289,75.8076,NH3,0,1,0
India,"Madhya Pradesh",Indore,"Airport Area, Indore - IMC","29-07-2026 14:00:00",22.7289,75.8076,OZONE,4,6,5
India,"Madhya Pradesh",Indore,"Maguda Nagar, Indore - IMC","29-07-2026 14:00:00",22.7524,75.8872,SO2,17,18,18
India,Rajasthan,Bhiwadi,"Vasundhara Nagar_UIT, Bhiwadi - RSPCB","29-07-2026 14:00:00",28.207266,76.829265,SO2,3,7,4
India,Rajasthan,Bikaner,"MM Ground, Bikaner - RSPCB","29-07-2026 14:00:00",28.018792,73.292658,NO2,8,50,23
India,Rajasthan,Bikaner,"MM Ground, Bikaner - RSPCB","29-07-2026 14:00:00",28.018792,73.292658,NH3,4,8,5
India,Rajasthan,Bikaner,"MM Ground, Bikaner - RSPCB","29-07-2026 14:00:00",28.018792,73.292658,SO2,3,4,3
India,Rajasthan,Bikaner,"MM Ground, Bikaner - RSPCB","29-07-2026 14:00:00",28.018792,73.292658,OZONE,18,48,38
India,Rajasthan,Bundi,"New Colony, Bundi - RSPCB","29-07-2026 14:00:00",25.435774,75.644272,NO2,14,36,23
India,Rajasthan,Bundi,"New Colony, Bundi - RSPCB","29-07-2026 14:00:00",25.435774,75.644272,SO2,5,7,6
India,Rajasthan,Chittorgarh,"Shastri Nagar, Chittorgarh - RSPCB","29-07-2026 14:00:00",24.892047,74.623527,SO2,1,8,4
India,Rajasthan,Chittorgarh,"Shastri Nagar, Chittorgarh - RSPCB","29-07-2026 14:00:00",24.892047,74.623527,CO,5,18,13
India,Rajasthan,Churu,"Subash Chowk, Churu - RSPCB","29-07-2026 14:00:00",28.296139,74.961696,NH3,3,6,5
India,Rajasthan,Churu,"Subash Chowk, Churu - RSPCB","29-07-2026 14:00:00",28.296139,74.961696,CO,30,34,33
India,Rajasthan,Churu,"Subash Chowk, Churu - RSPCB","29-07-2026 14:00:00",28.296139,74.961696,OZONE,11,37,20
India,Rajasthan,Dholpur,"Raja Ganj, Dholpur - RSPCB","29-07-2026 14:00:00",26.699557,77.898881,NO2,4,33,8
India,Rajasthan,Dholpur,"Raja Ganj, Dholpur - RSPCB","29-07-2026 14:00:00",26.699557,77.898881,CO,27,31,28
India,Rajasthan,Dungarpur,"Bhoiwada, Dungarpur - RSPCB","29-07-2026 14:00:00",23.837789,73.714926,NO2,10,14,12
India,Rajasthan,Dungarpur,"Bhoiwada, Dungarpur - RSPCB","29-07-2026 14:00:00",23.837789,73.714926,OZONE,12,27,18
India,Rajasthan,Hanumangarh,"Housing Board, Hanumangarh - RSPCB","29-07-2026 14:00:00",29.61075,74.283608,PM10,4,81,36
India,Rajasthan,Jaipur,"RIICO Sitapura, Jaipur - RSPCB","29-07-2026 14:00:00",26.786682,75.827928,CO,25,45,35
India,Rajasthan,Jaipur,"RIICO Sitapura, Jaipur - RSPCB","29-07-2026 14:00:00",26.786682,75.827928,OZONE,7,24,18
India,Rajasthan,Jaipur,"Sector-2 Murlipura, Jaipur - RSPCB","29-07-2026 14:00:00",26.960669,75.771817,PM2.5,13,64,36
India,Rajasthan,Jaipur,"Sector-2 Murlipura, Jaipur - RSPCB","29-07-2026 14:00:00",26.960669,75.771817,PM10,27,132,80
India,Odisha,Byasanagar,"Ferro Chrome Colony, Byasanagar - OSPCB","29-07-2026 14:00:00",20.94185,86.1151,SO2,4,8,6
India,Odisha,Byasanagar,"Ferro Chrome Colony, Byasanagar - OSPCB","29-07-2026 14:00:00",20.94185,86.1151,OZONE,18,52,39
India,Odisha,Cuttack,"CDA Area, Cuttack - OSPCB","29-07-2026 14:00:00",20.48891,85.84768,PM10,NA,NA,NA
India,Odisha,Cuttack,"CDA Area, Cuttack - OSPCB","29-07-2026 14:00:00",20.48891,85.84768,NO2,2,23,15
India,Odisha,Keonjhar,"Jagamohanpur, Keonjhar - OSPCB","29-07-2026 14:00:00",21.6439,85.599355,PM2.5,14,23,18
India,Odisha,Keonjhar,"Jagamohanpur, Keonjhar - OSPCB","29-07-2026 14:00:00",21.6439,85.599355,NO2,12,16,14
India,Odisha,Keonjhar,"Jagamohanpur, Keonjhar - OSPCB","29-07-2026 14:00:00",21.6439,85.599355,CO,35,36,36
India,Odisha,Keonjhar,"Jagamohanpur, Keonjhar - OSPCB","29-07-2026 14:00:00",21.6439,85.599355,OZONE,9,16,11
India,Odisha,Rairangpur,"Divisional Forest Office, Rairangpur - OSPCB","29-07-2026 14:00:00",22.265816,86.174829,PM2.5,NA,NA,NA
India,Odisha,Rairangpur,"Divisional Forest Office, Rairangpur - OSPCB","29-07-2026 14:00:00",22.265816,86.174829,CO,17,23,20
India,Odisha,Rourkela,"Sector-2, Rourkela - OSPCB","29-07-2026 14:00:00",22.245,84.88111111,PM2.5,42,54,44
India,Odisha,Rourkela,"Sector-2, Rourkela - OSPCB","29-07-2026 14:00:00",22.245,84.88111111,OZONE,NA,NA,NA
India,Odisha,Rourkela,"Fertilizer Township, Rourkela - OSPCB","29-07-2026 14:00:00",22.18972222,84.86277778,NH3,NA,NA,NA
India,Odisha,Rourkela,"Fertilizer Township, Rourkela - OSPCB","29-07-2026 14:00:00",22.18972222,84.86277778,OZONE,NA,NA,NA
India,Odisha,Rourkela,"Raghunathpali, Rourkela - OSPCB","29-07-2026 14:00:00",22.220833,84.809444,PM10,NA,NA,NA
India,Odisha,Rourkela,"Raghunathpali, Rourkela - OSPCB","29-07-2026 14:00:00",22.220833,84.809444,NO2,15,15,15
India,Odisha,Suakati,"OMC Colony, Suakati - OSPCB","29-07-2026 14:00:00",21.606865,85.510538,NO2,17,18,18
India,Odisha,Suakati,"OMC Colony, Suakati - OSPCB","29-07-2026 14:00:00",21.606865,85.510538,OZONE,14,20,17
India,Odisha,Talcher,"Talcher Coalfields,Talcher - OSPCB","29-07-2026 14:00:00",20.9360711,85.1707021,OZONE,15,19,17
India,Maharashtra,Mumbai,"Kurla, Mumbai - MPCB","29-07-2026 14:00:00",19.0863,72.8888,PM10,59,114,81
India,Maharashtra,Nagpur,"Ram Nagar, Nagpur - MPCB","29-07-2026 14:00:00",21.143383,79.048912,PM10,NA,NA,NA
India,Maharashtra,Nagpur,"Ambazari, Nagpur - MPCB","29-07-2026 14:00:00",21.121801,79.04952,CO,11,21,16
India,Maharashtra,Nagpur,"Mahal, Nagpur - MPCB","29-07-2026 14:00:00",21.14472,79.107595,PM10,14,42,25
India,Maharashtra,Nagpur,"Mahal, Nagpur - MPCB","29-07-2026 14:00:00",21.14472,79.107595,CO,13,27,22
India,Maharashtra,Nagpur,"Opp GPO Civil Lines, Nagpur - MPCB","29-07-2026 14:00:00",21.152875,79.0517531,CO,14,35,27
India,Maharashtra,Nanded,"Sneh Nagar, Nanded - MPCB","29-07-2026 14:00:00",19.173852,77.296291,NO2,6,20,10
India,Maharashtra,Nanded,"Sneh Nagar, Nanded - MPCB","29-07-2026 14:00:00",19.173852,77.296291,OZONE,13,24,18
India,Maharashtra,Nashik,"Pandav Nagari, Nashik - MPCB","29-07-2026 14:00:00",19.9591346,73.7788008,NH3,1,2,1
India,Maharashtra,Nashik,"Gangapur Road, Nashik - MPCB","29-07-2026 14:00:00",20.0073285,73.7762427,NO2,5,5,5
India,Maharashtra,Nashik,"Gangapur Road, Nashik - MPCB","29-07-2026 14:00:00",20.0073285,73.7762427,NH3,3,3,3
India,Maharashtra,Nashik,"Gangapur Road, Nashik - MPCB","29-07-2026 14:00:00",20.0073285,73.7762427,SO2,NA,NA,NA
India,Maharashtra,Nashik,"MIDC Ambad, Nashik - MPCB","29-07-2026 14:00:00",19.95022,73.73148,PM2.5,19,60,42
India,Maharashtra,Nashik,"MIDC Ambad, Nashik - MPCB","29-07-2026 14:00:00",19.95022,73.73148,NO2,4,7,5
India,Maharashtra,"Navi Mumbai","Sanpada, Navi Mumbai - MPCB","29-07-2026 14:00:00",19.0575752,73.0151367,PM2.5,17,34,26
India,Odisha,Tensa,"Barsua Iron Ore Mines, Tensa - OSPCB","29-07-2026 14:00:00",21.869985,85.167016,CO,15,28,25
India,Odisha,Tensa,"Barsua Iron Ore Mines, Tensa - OSPCB","29-07-2026 14:00:00",21.869985,85.167016,OZONE,3,5,5
India,Punjab,Amritsar,"Golden Temple, Amritsar - PPCB","29-07-2026 14:00:00",31.62,74.876512,PM2.5,32,52,39
India,Punjab,Bathinda,"Hardev Nagar, Bathinda - PPCB","29-07-2026 14:00:00",30.233011,74.907758,NO2,23,37,33
India,Punjab,Jalandhar,"Civil Line, Jalandhar - PPCB","29-07-2026 14:00:00",31.321907,75.578914,CO,35,42,39
India,Punjab,Khanna,"Kalal Majra, Khanna - PPCB","29-07-2026 14:00:00",30.736056,76.209694,PM10,64,69,66
India,Punjab,Khanna,"Kalal Majra, Khanna - PPCB","29-07-2026 14:00:00",30.736056,76.209694,NH3,7,8,7
India,Punjab,Ludhiana,"Punjab Agricultural University, Ludhiana - PPCB","29-07-2026 14:00:00",30.9028,75.8086,SO2,3,26,14
India,Punjab,Ludhiana,"Punjab Agricultural University, Ludhiana - PPCB","29-07-2026 14:00:00",30.9028,75.8086,CO,14,39,26
India,Punjab,Ludhiana,"Punjab Agricultural University, Ludhiana - PPCB","29-07-2026 14:00:00",30.9028,75.8086,OZONE,29,35,32
India,Punjab,"Mandi Gobindgarh","RIMT University, Mandi Gobindgarh - PPCB","29-07-2026 14:00:00",30.649961,76.331442,NO2,23,25,24
India,Punjab,"Mandi Gobindgarh","RIMT University, Mandi Gobindgarh - PPCB","29-07-2026 14:00:00",30.649961,76.331442,NH3,5,5,5
India,Punjab,"Mandi Gobindgarh","RIMT University, Mandi Gobindgarh - PPCB","29-07-2026 14:00:00",30.649961,76.331442,OZONE,34,39,37
India,Punjab,Rupnagar,"Ratanpura, Rupnagar - Ambuja Cements","29-07-2026 14:00:00",31.0325454,76.5623046,PM10,0,117,55
India,Maharashtra,Solapur,"Dnyaneshwar Nagar, Solapur - MPCB","29-07-2026 14:00:00",17.6336264,75.9132495,NO2,4,10,7
India,Maharashtra,Solapur,"Dnyaneshwar Nagar, Solapur - MPCB","29-07-2026 14:00:00",17.6336264,75.9132495,CO,12,16,14
India,Maharashtra,Solapur,"Ratandeep Housing Society, Solapur - MPCB","29-07-2026 14:00:00",17.65439,75.90649,NH3,2,6,4
India,Maharashtra,Ulhasnagar,"Sidhi Vinayak Nagar, Ulhasnagar - MPCB","29-07-2026 14:00:00",19.235581,73.159121,PM2.5,22,77,52
India,Maharashtra,Ulhasnagar,"Sidhi Vinayak Nagar, Ulhasnagar - MPCB","29-07-2026 14:00:00",19.235581,73.159121,CO,14,16,15
India,Meghalaya,Byrnihat,"15th Mile-Nongthymmai, Byrnihat -Meghalaya PCB","29-07-2026 14:00:00",26.079047,91.875185,PM10,12,126,51
India,Meghalaya,Shillong,"JN Stadium, Shillong - Meghalaya PCB","29-07-2026 14:00:00",25.5803419,91.8942571,PM10,8,53,21
India,Meghalaya,Shillong,"JN Stadium, Shillong - Meghalaya PCB","29-07-2026 14:00:00",25.5803419,91.8942571,SO2,20,26,23
India,Mizoram,Aizawl,"Sikulpuikawn, Aizawl - Mizoram PCB","29-07-2026 14:00:00",23.7176342,92.7192841,PM2.5,NA,NA,NA
India,Mizoram,Aizawl,"Sikulpuikawn, Aizawl - Mizoram PCB","29-07-2026 14:00:00",23.7176342,92.7192841,NH3,0,0,0
India,Mizoram,Aizawl,"Sikulpuikawn, Aizawl - Mizoram PCB","29-07-2026 14:00:00",23.7176342,92.7192841,CO,3,4,3
India,Maharashtra,Pimpri-Chinchwad,"Thergaon, Pimpri Chinchwad - MPCB","29-07-2026 14:00:00",18.616318,73.765797,OZONE,8,9,8
India,Maharashtra,Pimpri-Chinchwad,"Gavalinagar, Pimpri Chinchwad - MPCB","29-07-2026 14:00:00",18.63673,73.82487,PM2.5,13,35,21
India,Maharashtra,Pimpri-Chinchwad,"Gavalinagar, Pimpri Chinchwad - MPCB","29-07-2026 14:00:00",18.63673,73.82487,OZONE,5,12,9
India,Maharashtra,Pune,"Mhada Colony, Pune - IITM","29-07-2026 14:00:00",18.57304,73.927715,PM10,47,91,61
India,Maharashtra,Pune,"Mhada Colony, Pune - IITM","29-07-2026 14:00:00",18.57304,73.927715,OZONE,8,16,12
India,Maharashtra,Pune,"Katraj Dairy, Pune - MPCB","29-07-2026 14:00:00",18.45445,73.854155,NH3,1,1,1
India,Maharashtra,Pune,"Katraj Dairy, Pune - MPCB","29-07-2026 14:00:00",18.45445,73.854155,OZONE,10,10,10
India,Maharashtra,Pune,"Revenue Colony-Shivajinagar, Pune - IITM","29-07-2026 14:00:00",18.530085,73.849598,CO,48,66,58
India,Maharashtra,Pune,"Dhankawadi, Pune - IITM","29-07-2026 14:00:00",18.459883,73.852193,PM2.5,NA,NA,NA
India,Maharashtra,Sangli,"Vijay Nagar, Sangli - MPCB","29-07-2026 14:00:00",16.5038,74.3623,PM10,23,44,33
India,Odisha,Barbil,"Forest Office, Barbil - OSPCB","29-07-2026 14:00:00",22.1166054,85.3945546,NO2,0,6,2
India,Odisha,Barbil,"Forest Office, Barbil - OSPCB","29-07-2026 14:00:00",22.1166054,85.3945546,NH3,1,2,2
India,Odisha,Baripada,"Meher Colony, Baripada - OSPCB","29-07-2026 14:00:00",21.941841,86.728318,PM10,4,29,13
India,Odisha,Baripada,"Meher Colony, Baripada - OSPCB","29-07-2026 14:00:00",21.941841,86.728318,NH3,1,2,2
India,Odisha,Baripada,"Meher Colony, Baripada - OSPCB","29-07-2026 14:00:00",21.941841,86.728318,SO2,4,25,12
India,Odisha,Bhubaneswar,"Lingraj Mandir, Bhubaneswar - OSPCB","29-07-2026 14:00:00",20.24079,85.836784,PM2.5,5,37,17
India,Odisha,Bhubaneswar,"Lingraj Mandir, Bhubaneswar - OSPCB","29-07-2026 14:00:00",20.24079,85.836784,NO2,7,24,11
India,Odisha,Bhubaneswar,"Lingraj Mandir, Bhubaneswar - OSPCB","29-07-2026 14:00:00",20.24079,85.836784,CO,46,50,48
India,Odisha,Bileipada,"Tata Township, Bileipada - OSPCB","29-07-2026 14:00:00",22.06156703,85.47409613,PM10,23,44,29
India,Rajasthan,Alwar,"Moti Doongri, Alwar - RSPCB","29-07-2026 14:00:00",27.554793,76.611536,PM2.5,37,156,77
India,Rajasthan,Alwar,"Vigyan Nagar, Alwar - RSPCB","29-07-2026 14:00:00",27.598796,76.63861,NH3,9,15,11
India,Rajasthan,Baran,"Bamboliya, Baran - RSPCB","29-07-2026 14:00:00",25.106006,76.469948,PM10,6,51,23
India,Rajasthan,Barmer,"Railway Colony, Barmer - RSPCB","29-07-2026 14:00:00",25.747299,71.393989,NO2,1,13,6
India,Rajasthan,Bharatpur,"Krishna Nagar, Bharatpur - RSPCB","29-07-2026 14:00:00",27.215415,77.50873,PM10,7,68,25
India,Rajasthan,Bharatpur,"Krishna Nagar, Bharatpur - RSPCB","29-07-2026 14:00:00",27.215415,77.50873,NH3,6,17,11
India,Rajasthan,Bhilwara,"Pratap Nagar, Bhilwara - RSPCB","29-07-2026 14:00:00",25.339605,74.618883,OZONE,16,61,43
India,Maharashtra,"Navi Mumbai","Sector-2E Kalamboli, Navi Mumbai - MPCB","29-07-2026 14:00:00",19.02579,73.10297,NO2,6,11,8
India,Maharashtra,"Navi Mumbai","Kopripada-Vashi, Navi Mumbai - MPCB","29-07-2026 14:00:00",19.090337,73.014232,SO2,0,1,1
India,Maharashtra,"Navi Mumbai","Tondare-Taloja, Navi Mumbai - MPCB","29-07-2026 14:00:00",19.063,73.1209,PM2.5,21,59,40
India,Maharashtra,"Navi Mumbai","Tondare-Taloja, Navi Mumbai - MPCB","29-07-2026 14:00:00",19.063,73.1209,NO2,10,14,12
India,Maharashtra,"Navi Mumbai","Tondare-Taloja, Navi Mumbai - MPCB","29-07-2026 14:00:00",19.063,73.1209,NH3,3,7,5
India,Maharashtra,Pimpri-Chinchwad,"Transport Nagar-Nigdi, Pune - IITM","29-07-2026 14:00:00",18.664282,73.763966,PM10,26,85,53
India,"Tamil Nadu",Chennai,"Arumbakkam, Chennai - TNPCB","29-07-2026 14:00:00",13.0664,80.2112,OZONE,NA,NA,NA
India,"Tamil Nadu",Chennai,"Manali Village, Chennai - TNPCB","29-07-2026 14:00:00",13.1662,80.2584,PM2.5,13,53,27
India,"Tamil Nadu",Chennai,"Manali Village, Chennai - TNPCB","29-07-2026 14:00:00",13.1662,80.2584,NO2,7,19,15
India,"Tamil Nadu",Chennai,"Manali Village, Chennai - TNPCB","29-07-2026 14:00:00",13.1662,80.2584,SO2,12,14,13
India,"Tamil Nadu",Chennai,"Manali Village, Chennai - TNPCB","29-07-2026 14:00:00",13.1662,80.2584,CO,23,26,24
India,"Tamil Nadu",Chennai,"Manali Village, Chennai - TNPCB","29-07-2026 14:00:00",13.1662,80.2584,OZONE,31,328,151
India,"Tamil Nadu",Chennai,"Kodungaiyur, Chennai - TNPCB","29-07-2026 14:00:00",13.1278,80.2642,CO,27,32,29
India,"Tamil Nadu",Chennai,"Perungudi, Chennai - TNPCB","29-07-2026 14:00:00",12.9533,80.2357,SO2,3,12,6
India,"Tamil Nadu",Coimbatore,"SIDCO Kurichi, Coimbatore - TNPCB","29-07-2026 14:00:00",10.942451,76.978996,PM10,NA,NA,NA
India,"Tamil Nadu",Coimbatore,"SIDCO Kurichi, Coimbatore - TNPCB","29-07-2026 14:00:00",10.942451,76.978996,NH3,1,1,1
India,"Tamil Nadu",Cuddalore,"Kudikadu, Cuddalore - TNPCB","29-07-2026 14:00:00",11.6829898,79.7532099,SO2,NA,NA,NA
India,"Tamil Nadu",Gummidipoondi,"Anthoni Pillai Nagar, Gummidipoondi - TNPCB","29-07-2026 14:00:00",13.4127,80.1081,NO2,15,25,20
India,"Tamil Nadu",Gummidipoondi,"Anthoni Pillai Nagar, Gummidipoondi - TNPCB","29-07-2026 14:00:00",13.4127,80.1081,SO2,7,30,19
India,"Tamil Nadu",Madurai,"Uchapatti, Madurai - TNPCB","29-07-2026 14:00:00",9.865935,78.022669,PM2.5,NA,NA,NA
India,"Tamil Nadu",Madurai,"Uchapatti, Madurai - TNPCB","29-07-2026 14:00:00",9.865935,78.022669,NO2,NA,NA,NA
India,"Tamil Nadu",Madurai,"Uchapatti, Madurai - TNPCB","29-07-2026 14:00:00",9.865935,78.022669,SO2,NA,NA,NA
India,"Tamil Nadu",Thoothukudi,"Meelavittan, Thoothukudi - TNPCB","29-07-2026 14:00:00",8.816428,78.099039,PM10,57,71,65
India,"Tamil Nadu",Thoothukudi,"Meelavittan, Thoothukudi - TNPCB","29-07-2026 14:00:00",8.816428,78.099039,NH3,NA,NA,NA
India,Telangana,Hyderabad,"Kokapet, Hyderabad - TSPCB","29-07-2026 14:00:00",17.393559,78.339194,NH3,1,2,2
India,Telangana,Hyderabad,"Kokapet, Hyderabad - TSPCB","29-07-2026 14:00:00",17.393559,78.339194,SO2,7,9,7
India,Telangana,Hyderabad,"New Malakpet, Hyderabad - TSPCB","29-07-2026 14:00:00",17.37206,78.50864,NO2,11,14,12
India,Telangana,Hyderabad,"New Malakpet, Hyderabad - TSPCB","29-07-2026 14:00:00",17.37206,78.50864,SO2,7,13,9
India,Telangana,Hyderabad,"New Malakpet, Hyderabad - TSPCB","29-07-2026 14:00:00",17.37206,78.50864,OZONE,14,26,19
India,Telangana,Hyderabad,"Central University, Hyderabad - TSPCB","29-07-2026 14:00:00",17.460103,78.334361,PM10,NA,NA,NA
India,Telangana,Hyderabad,"Central University, Hyderabad - TSPCB","29-07-2026 14:00:00",17.460103,78.334361,OZONE,7,11,10
India,Telangana,Hyderabad,"IDA Pashamylaram, Hyderabad - TSPCB","29-07-2026 14:00:00",17.5316895,78.218939,PM10,17,52,32
India,Telangana,Hyderabad,"IDA Pashamylaram, Hyderabad - TSPCB","29-07-2026 14:00:00",17.5316895,78.218939,NH3,0,2,1
India,Telangana,Hyderabad,"IDA Pashamylaram, Hyderabad - TSPCB","29-07-2026 14:00:00",17.5316895,78.218939,SO2,1,17,8
India,Tripura,Agartala,"Bardowali, Agartala - Tripura SPCB","29-07-2026 14:00:00",23.8175497,91.2726974,PM10,27,73,45
India,Tripura,Agartala,"Bardowali, Agartala - Tripura SPCB","29-07-2026 14:00:00",23.8175497,91.2726974,NO2,16,19,17
India,Tripura,Agartala,"Bardowali, Agartala - Tripura SPCB","29-07-2026 14:00:00",23.8175497,91.2726974,OZONE,7,11,10
India,"Uttar Pradesh",Agra,"Shastripuram, Agra - UPPCB","29-07-2026 14:00:00",27.19862,77.92066,PM2.5,19,47,33
India,"Uttar Pradesh",Agra,"Shastripuram, Agra - UPPCB","29-07-2026 14:00:00",27.19862,77.92066,NH3,3,3,3
India,"Uttar Pradesh",Agra,"Shastripuram, Agra - UPPCB","29-07-2026 14:00:00",27.19862,77.92066,CO,12,13,13
India,"Uttar Pradesh",Agra,"Manoharpur, Agra - UPPCB","29-07-2026 14:00:00",27.23711,78.01936,NO2,30,35,30
India,"Uttar Pradesh",Agra,"Manoharpur, Agra - UPPCB","29-07-2026 14:00:00",27.23711,78.01936,NH3,1,1,1
India,"Uttar Pradesh",Agra,"Shahjahan Garden, Agra - UPPCB","29-07-2026 14:00:00",27.169338,78.03582,NO2,21,29,23
India,"Uttar Pradesh",Agra,"Sanjay Palace, Agra - UPPCB","29-07-2026 14:00:00",27.19865833,78.00598056,NH3,NA,NA,NA
India,"Uttar Pradesh",Jhansi,"Shivaji Nagar, Jhansi - UPPCB","29-07-2026 14:00:00",25.4547,78.6039,NH3,4,4,4
India,"Uttar Pradesh",Jhansi,"Shivaji Nagar, Jhansi - UPPCB","29-07-2026 14:00:00",25.4547,78.6039,SO2,17,30,22
India,"Uttar Pradesh",Kanpur,"FTI Kidwai Nagar, Kanpur - UPPCB","29-07-2026 14:00:00",26.428282,80.327067,OZONE,11,11,11
India,"Uttar Pradesh",Kanpur,"Nehru Nagar, Kanpur - UPPCB","29-07-2026 14:00:00",26.4703136,80.3229863,PM10,23,93,41
India,"Uttar Pradesh",Kanpur,"Nehru Nagar, Kanpur - UPPCB","29-07-2026 14:00:00",26.4703136,80.3229863,NH3,NA,NA,NA
India,"Uttar Pradesh",Kanpur,"NSI Kalyanpur, Kanpur - UPPCB","29-07-2026 14:00:00",26.509954,80.249612,PM10,19,55,35
India,"Uttar Pradesh",Kanpur,"NSI Kalyanpur, Kanpur - UPPCB","29-07-2026 14:00:00",26.509954,80.249612,SO2,25,28,26
India,"Uttar Pradesh",Kanpur,"NSI Kalyanpur, Kanpur - UPPCB","29-07-2026 14:00:00",26.509954,80.249612,CO,23,35,26
India,"Uttar Pradesh",Khora,"Prashant Garden, Khora - UPPCB","29-07-2026 14:00:00",28.61119,77.34206,PM10,61,106,82
India,"Uttar Pradesh",Khurja,"Kalindi Kunj, Khurja - UPPCB","29-07-2026 14:00:00",28.2348927,77.8683002,NH3,1,1,1
India,"Uttar Pradesh",Khurja,"Kalindi Kunj, Khurja - UPPCB","29-07-2026 14:00:00",28.2348927,77.8683002,SO2,10,11,10
India,"Uttar Pradesh",Lucknow,"Gomti Nagar, Lucknow - UPPCB","29-07-2026 14:00:00",26.86812,81.005119,PM10,23,99,49
India,"Uttar Pradesh",Lucknow,"Gomti Nagar, Lucknow - UPPCB","29-07-2026 14:00:00",26.86812,81.005119,OZONE,41,46,44
India,"Uttar Pradesh",Lucknow,"Lalbagh, Lucknow - CPCB","29-07-2026 14:00:00",26.8458805,80.9365541,OZONE,9,52,28
India,"Uttar Pradesh",Lucknow,"Kukrail Picnic Spot-1, Lucknow - UPPCB","29-07-2026 14:00:00",26.90723,80.98579,SO2,26,29,27
India,"Uttar Pradesh",Agra,"Sector-3B Avas Vikas Colony, Agra - UPPCB","29-07-2026 14:00:00",27.19412,77.96237,NO2,35,35,35
India,"Uttar Pradesh",Agra,"Sector-3B Avas Vikas Colony, Agra - UPPCB","29-07-2026 14:00:00",27.19412,77.96237,CO,9,11,10
India,"Uttar Pradesh",Agra,"Rohta, Agra - UPPCB","29-07-2026 14:00:00",27.106972,78.000111,PM2.5,12,39,26
India,"Uttar Pradesh",Baghpat,"Sardar Patel Inter College, Baghpat - UPPCB","29-07-2026 14:00:00",28.964949,77.278761,PM2.5,3,53,26
India,"Uttar Pradesh",Baghpat,"Sardar Patel Inter College, Baghpat - UPPCB","29-07-2026 14:00:00",28.964949,77.278761,NH3,2,2,2
India,"Uttar Pradesh",Bareilly,"Rajendra Nagar, Bareilly - UPPCB","29-07-2026 14:00:00",28.38910936,79.42963708,SO2,4,9,6
India,"Uttar Pradesh",Bareilly,"Civil Lines, Bareilly - UPPCB","29-07-2026 14:00:00",28.359581,79.414455,NO2,8,9,8
India,"Uttar Pradesh",Bulandshahr,"Yamunapuram, Bulandshahr - UPPCB","29-07-2026 14:00:00",28.406963,77.849831,SO2,8,29,17
India,"Uttar Pradesh",Firozabad,"Vibhab Nagar, Firozabad - UPPCB","29-07-2026 14:00:00",27.1594,78.3953,NO2,15,15,15
India,"Uttar Pradesh",Firozabad,"Nagla Bhau, Firozabad - UPPCB","29-07-2026 14:00:00",27.168897,78.37696,SO2,0,55,27
India,"Uttar Pradesh",Ghaziabad,"Indirapuram, Ghaziabad - UPPCB","29-07-2026 14:00:00",28.646233,77.358075,PM10,6,193,128
India,"Uttar Pradesh",Ghaziabad,"Indirapuram, Ghaziabad - UPPCB","29-07-2026 14:00:00",28.646233,77.358075,CO,49,60,54
India,"Uttar Pradesh",Ghaziabad,"Sanjay Nagar, Ghaziabad - UPPCB","29-07-2026 14:00:00",28.685382,77.453839,PM10,14,152,75
India,"Uttar Pradesh",Ghaziabad,"Loni, Ghaziabad - UPPCB","29-07-2026 14:00:00",28.757294,77.278792,PM10,39,148,89
India,"Uttar Pradesh",Ghaziabad,"Loni, Ghaziabad - UPPCB","29-07-2026 14:00:00",28.757294,77.278792,NO2,13,68,41
India,"Uttar Pradesh",Ghaziabad,"Wave City, Ghaziabad - UPPCB","29-07-2026 14:00:00",28.646675,77.489049,PM2.5,NA,NA,NA
India,"Uttar Pradesh",Ghaziabad,"Wave City, Ghaziabad - UPPCB","29-07-2026 14:00:00",28.646675,77.489049,NH3,NA,NA,NA
India,"Uttar Pradesh",Ghaziabad,"Wave City, Ghaziabad - UPPCB","29-07-2026 14:00:00",28.646675,77.489049,OZONE,1,43,21
India,"Uttar Pradesh",Gorakhpur,"Madan Mohan Malaviya University of Technology, Gorakhpur - UPPCB","29-07-2026 14:00:00",26.730136,83.433859,NH3,1,1,1
India,"Uttar Pradesh","Greater Noida","Knowledge Park - V, Greater Noida - UPPCB","29-07-2026 14:00:00",28.557054,77.453663,NO2,17,38,27
India,"Uttar Pradesh","Greater Noida","Knowledge Park - V, Greater Noida - UPPCB","29-07-2026 14:00:00",28.557054,77.453663,SO2,7,11,8
India,"Uttar Pradesh","Greater Noida","Knowledge Park - III, Greater Noida - UPPCB","29-07-2026 14:00:00",28.47272,77.482,OZONE,10,63,37
India,"Uttar Pradesh",Hapur,"Anand Vihar, Hapur - UPPCB","29-07-2026 14:00:00",28.725645,77.749675,NO2,15,30,22
India,"Uttar Pradesh",Hapur,"Anand Vihar, Hapur - UPPCB","29-07-2026 14:00:00",28.725645,77.749675,SO2,11,21,17
India,"Uttar Pradesh",Hapur,"Anand Vihar, Hapur - UPPCB","29-07-2026 14:00:00",28.725645,77.749675,CO,23,30,26
India,Rajasthan,Jodhpur,"Samrat Ashok Udhyan, Jodhpur - RSPCB","29-07-2026 14:00:00",26.253384,72.976571,NO2,2,30,7
India,Rajasthan,Jodhpur,"Samrat Ashok Udhyan, Jodhpur - RSPCB","29-07-2026 14:00:00",26.253384,72.976571,OZONE,10,26,16
India,Rajasthan,Jodhpur,"Collectorate, Jodhpur - RSPCB","29-07-2026 14:00:00",26.268249,73.0193853,NH3,1,6,4
India,Rajasthan,Jodhpur,"Collectorate, Jodhpur - RSPCB","29-07-2026 14:00:00",26.268249,73.0193853,CO,7,111,54
India,Rajasthan,Jodhpur,"Jhalamand, Jodhpur - RSPCB","29-07-2026 14:00:00",26.215415,73.070156,NO2,12,31,18
India,Rajasthan,Jodhpur,"Jhalamand, Jodhpur - RSPCB","29-07-2026 14:00:00",26.215415,73.070156,CO,11,16,13
India,Rajasthan,Karauli,"Satyawati Vihar, Karauli - RSPCB","29-07-2026 14:00:00",26.506177,77.025989,OZONE,3,5,4
India,Rajasthan,Kota,"Shrinath Puram, Kota - RSPCB","29-07-2026 14:00:00",25.14389,75.821256,SO2,6,8,7
India,Rajasthan,Kota,"Shrinath Puram, Kota - RSPCB","29-07-2026 14:00:00",25.14389,75.821256,CO,14,33,24
India,Rajasthan,Kota,"Shrinath Puram, Kota - RSPCB","29-07-2026 14:00:00",25.14389,75.821256,OZONE,10,13,11
India,Rajasthan,Nagaur,"Karni Colony, Nagaur - RSPCB","29-07-2026 14:00:00",27.213494,73.734444,SO2,2,6,3
India,Rajasthan,Pratapgarh,"Pragati Nagar, Pratapgarh - RSPCB","29-07-2026 14:00:00",24.041198,74.780702,SO2,2,3,2
India,Rajasthan,Jaipur,"Sector-2 Murlipura, Jaipur - RSPCB","29-07-2026 14:00:00",26.960669,75.771817,OZONE,9,31,21
India,Rajasthan,Jaipur,"Police Commissionerate, Jaipur - RSPCB","29-07-2026 14:00:00",26.9164092,75.7994901,NH3,33,49,42
India,Rajasthan,Jaipur,"Mansarovar Sector-12, Jaipur - RSPCB","29-07-2026 14:00:00",26.843698,75.766894,CO,26,35,30
India,Rajasthan,Jaipur,"Adarsh Nagar, Jaipur - RSPCB","29-07-2026 14:00:00",26.902909,75.836858,PM2.5,24,65,40
India,Rajasthan,Jaipur,"Adarsh Nagar, Jaipur - RSPCB","29-07-2026 14:00:00",26.902909,75.836858,OZONE,15,25,21
India,Rajasthan,Jaisalmer,"Sadar Bazar, Jaisalmer - RSPCB","29-07-2026 14:00:00",26.912329,70.909168,CO,8,16,13
India,Rajasthan,Jalore,"Mudtra Sili, Jalore - RSPCB","29-07-2026 14:00:00",25.344694,72.626208,PM2.5,27,55,42
India,Rajasthan,Jalore,"Mudtra Sili, Jalore - RSPCB","29-07-2026 14:00:00",25.344694,72.626208,NO2,3,18,9
India,Rajasthan,Jhunjhunu,"Indra Nagar, Jhunjhunu - RSPCB","29-07-2026 14:00:00",28.108988,75.386577,NO2,4,15,9
India,Rajasthan,Jodhpur,"Mandor, Jodhpur - RSPCB","29-07-2026 14:00:00",26.358805,73.047444,PM10,102,153,119
India,Rajasthan,Rajsamand,"Dhoinda, Rajsamand - RSPCB","29-07-2026 14:00:00",25.03636,73.883502,OZONE,26,66,44
India,Rajasthan,Sirohi,"Vedhaynath Colony, Sirohi - RSPCB","29-07-2026 14:00:00",24.885261,72.857549,PM2.5,45,68,56
India,Rajasthan,Sirohi,"Vedhaynath Colony, Sirohi - RSPCB","29-07-2026 14:00:00",24.885261,72.857549,PM10,95,118,106
India,"Tamil Nadu",Chennai,"Royapuram, Chennai - TNPCB","29-07-2026 14:00:00",13.1036,80.2909,PM10,NA,NA,NA
India,"Tamil Nadu",Chennai,"Royapuram, Chennai - TNPCB","29-07-2026 14:00:00",13.1036,80.2909,OZONE,26,34,30
India,"Tamil Nadu",Chennai,"Velachery Res. Area, Chennai - CPCB","29-07-2026 14:00:00",13.0052189,80.2398125,NO2,11,13,12
India,"Tamil Nadu",Chennai,"Arumbakkam, Chennai - TNPCB","29-07-2026 14:00:00",13.0664,80.2112,NO2,11,27,17
India,Telangana,Hyderabad,"ECIL Kapra, Hyderabad - TSPCB","29-07-2026 14:00:00",17.470431,78.566959,OZONE,19,26,23
India,Telangana,Hyderabad,"Somajiguda, Hyderabad - TSPCB","29-07-2026 14:00:00",17.417094,78.457437,NO2,11,14,12
India,Telangana,Hyderabad,"Zoo Park, Hyderabad - TSPCB","29-07-2026 14:00:00",17.349694,78.451437,SO2,1,2,2
India,"Uttar Pradesh",Lucknow,"B R Ambedkar University, Lucknow - UPPCB","29-07-2026 14:00:00",26.766433,80.927299,NO2,11,12,12
India,"Uttar Pradesh",Lucknow,"B R Ambedkar University, Lucknow - UPPCB","29-07-2026 14:00:00",26.766433,80.927299,SO2,32,39,34
India,"Uttar Pradesh",Lucknow,"Kendriya Vidyalaya, Lucknow - CPCB","29-07-2026 14:00:00",26.906111,80.948222,NH3,7,16,12
India,"Uttar Pradesh",Lucknow,"Kendriya Vidyalaya, Lucknow - CPCB","29-07-2026 14:00:00",26.906111,80.948222,CO,12,53,40
India,"Uttar Pradesh",Lucknow,"Talkatora District Industries Center, Lucknow - CPCB","29-07-2026 14:00:00",26.83399722,80.8917361,NO2,18,26,20
India,"Uttar Pradesh",Lucknow,"Talkatora District Industries Center, Lucknow - CPCB","29-07-2026 14:00:00",26.83399722,80.8917361,CO,17,42,27
India,"Uttar Pradesh",Mathura,"Pali Dungra, Mathura - UPPCB","29-07-2026 14:00:00",27.410954,77.550619,PM10,NA,NA,NA
India,"Uttar Pradesh",Mathura,"Pali Dungra, Mathura - UPPCB","29-07-2026 14:00:00",27.410954,77.550619,SO2,NA,NA,NA
India,"Uttar Pradesh",Mathura,"Pali Dungra, Mathura - UPPCB","29-07-2026 14:00:00",27.410954,77.550619,OZONE,8,10,9
India,"Uttar Pradesh",Meerut,"Pallavpuram Phase 2, Meerut - UPPCB","29-07-2026 14:00:00",29.06351,77.709723,SO2,7,20,11
India,"Uttar Pradesh",Meerut,"Ganga Nagar, Meerut - UPPCB","29-07-2026 14:00:00",28.999264,77.7590354,SO2,26,30,28
India,"Uttar Pradesh",Meerut,"Jai Bhim Nagar, Meerut - UPPCB","29-07-2026 14:00:00",28.9535882,77.7622941,PM2.5,2,70,27
India,"Uttar Pradesh",Moradabad,"Employment Office, Moradabad - UPPCB","29-07-2026 14:00:00",28.88528,78.7388,PM10,26,87,46
India,"Uttar Pradesh",Moradabad,"Employment Office, Moradabad - UPPCB","29-07-2026 14:00:00",28.88528,78.7388,SO2,29,31,30
India,"Uttar Pradesh",Moradabad,"Eco Herbal Park, Moradabad - UPPCB","29-07-2026 14:00:00",28.840739,78.697531,NH3,8,12,10
India,"Uttar Pradesh",Moradabad,"Eco Herbal Park, Moradabad - UPPCB","29-07-2026 14:00:00",28.840739,78.697531,OZONE,9,43,22
India,"Uttar Pradesh",Moradabad,"Buddhi Vihar, Moradabad - UPPCB","29-07-2026 14:00:00",28.83526,78.7446,NO2,28,29,29
India,"Uttar Pradesh",Moradabad,"Transport Nagar, Moradabad - UPPCB","29-07-2026 14:00:00",28.802625,78.753728,PM10,14,112,46
India,"Uttar Pradesh",Moradabad,"Transport Nagar, Moradabad - UPPCB","29-07-2026 14:00:00",28.802625,78.753728,CO,59,64,63
India,"Uttar Pradesh",Moradabad,"Transport Nagar, Moradabad - UPPCB","29-07-2026 14:00:00",28.802625,78.753728,OZONE,38,62,51
India,"Uttar Pradesh",Muzaffarnagar,"New Mandi, Muzaffarnagar - UPPCB","29-07-2026 14:00:00",29.4723508,77.7194031,PM10,8,82,50
India,"Uttar Pradesh",Muzaffarnagar,"New Mandi, Muzaffarnagar - UPPCB","29-07-2026 14:00:00",29.4723508,77.7194031,SO2,6,51,19
India,"Uttar Pradesh",Noida,"Sector-116, Noida - UPPCB","29-07-2026 14:00:00",28.56923,77.393848,CO,3,20,12
India,"Uttar Pradesh",Noida,"Sector-1, Noida - UPPCB","29-07-2026 14:00:00",28.5898,77.3101,OZONE,5,242,109
India,"Uttar Pradesh",Noida,"Sector - 62, Noida - IITM","29-07-2026 14:00:00",28.6245479,77.3577104,PM2.5,4,130,65
India,"Uttar Pradesh",Noida,"Sector - 62, Noida - IITM","29-07-2026 14:00:00",28.6245479,77.3577104,NO2,20,99,45
India,"Uttar Pradesh",Prayagraj,"Nagar Nigam, Prayagraj - UPPCB","29-07-2026 14:00:00",25.44919916,81.82735986,PM10,9,34,17
India,"Uttar Pradesh",Prayagraj,"Nagar Nigam, Prayagraj - UPPCB","29-07-2026 14:00:00",25.44919916,81.82735986,NO2,5,5,5
India,"Uttar Pradesh",Prayagraj,"Nagar Nigam, Prayagraj - UPPCB","29-07-2026 14:00:00",25.44919916,81.82735986,SO2,57,93,66
India,"Uttar Pradesh",Prayagraj,"Motilal Nehru NIT, Prayagraj - UPPCB","29-07-2026 14:00:00",25.494,81.863,PM10,57,327,138
India,"Uttar Pradesh",Prayagraj,"Motilal Nehru NIT, Prayagraj - UPPCB","29-07-2026 14:00:00",25.494,81.863,SO2,49,52,50
India,"Uttar Pradesh",Raebareli," Indira Nagar, Raebareli - NTPC Unchahar","29-07-2026 14:00:00",26.207781,81.245571,PM2.5,NA,NA,NA
India,"Uttar Pradesh",Raebareli," Indira Nagar, Raebareli - NTPC Unchahar","29-07-2026 14:00:00",26.207781,81.245571,NH3,NA,NA,NA
India,"Uttar Pradesh",Shamli,"New Tehsil, Shamli - UPPCB","29-07-2026 14:00:00",29.4603683,77.3410291,NO2,NA,NA,NA
India,"Uttar Pradesh",Shamli,"New Tehsil, Shamli - UPPCB","29-07-2026 14:00:00",29.4603683,77.3410291,SO2,2,8,5
India,"Uttar Pradesh",Varanasi,"Maldahiya, Varanasi - UPPCB","29-07-2026 14:00:00",25.32393,82.99687,PM2.5,6,88,30
India,"Uttar Pradesh",Varanasi,"Maldahiya, Varanasi - UPPCB","29-07-2026 14:00:00",25.32393,82.99687,PM10,26,101,60
India,"Uttar Pradesh",Varanasi,"Maldahiya, Varanasi - UPPCB","29-07-2026 14:00:00",25.32393,82.99687,NO2,2,4,3
India,"Uttar Pradesh",Varanasi,"Maldahiya, Varanasi - UPPCB","29-07-2026 14:00:00",25.32393,82.99687,SO2,30,33,30
India,"Uttar Pradesh",Varanasi,"Maldahiya, Varanasi - UPPCB","29-07-2026 14:00:00",25.32393,82.99687,OZONE,4,5,4
India,"Uttar Pradesh",Varanasi,"Ardhali Bazar, Varanasi - UPPCB","29-07-2026 14:00:00",25.3505986,82.9083074,PM2.5,12,50,31
India,"Uttar Pradesh",Varanasi,"Ardhali Bazar, Varanasi - UPPCB","29-07-2026 14:00:00",25.3505986,82.9083074,NH3,NA,NA,NA
India,"Uttar Pradesh",Varanasi,"Ardhali Bazar, Varanasi - UPPCB","29-07-2026 14:00:00",25.3505986,82.9083074,CO,17,17,17
India,"Uttar Pradesh",Varanasi,"IESD Banaras Hindu University, Varanasi - UPPCB","29-07-2026 14:00:00",25.262326,82.995408,PM10,14,51,31
India,"Uttar Pradesh",Varanasi,"IESD Banaras Hindu University, Varanasi - UPPCB","29-07-2026 14:00:00",25.262326,82.995408,OZONE,8,10,9
India,"Uttar Pradesh",Vrindavan,"Omex Eternity, Vrindavan - UPPCB","29-07-2026 14:00:00",27.571409,77.655757,PM10,3,64,31
India,"Uttar Pradesh",Vrindavan,"Omex Eternity, Vrindavan - UPPCB","29-07-2026 14:00:00",27.571409,77.655757,NO2,26,27,27
India,"Uttar Pradesh",Vrindavan,"Omex Eternity, Vrindavan - UPPCB","29-07-2026 14:00:00",27.571409,77.655757,SO2,36,67,55
India,"Uttar Pradesh",Vrindavan,"Omex Eternity, Vrindavan - UPPCB","29-07-2026 14:00:00",27.571409,77.655757,CO,21,32,26
India,Uttarakhand,Kashipur,"Govt. Girls Inter College, Kashipur - UKPCB","29-07-2026 14:00:00",29.2124114,78.9611753,NO2,NA,NA,NA
India,Uttarakhand,Rishikesh,"Shivaji Nagar, Rishikesh - UKPCB","29-07-2026 14:00:00",30.075911,78.2859547,PM10,18,18,18
India,Uttarakhand,Rishikesh,"Shivaji Nagar, Rishikesh - UKPCB","29-07-2026 14:00:00",30.075911,78.2859547,CO,37,37,37
India,"West Bengal",Asansol,"Mahabir Colliery, Asansol - WBPCB","29-07-2026 14:00:00",23.618183,87.105718,NH3,0,0,0
India,"West Bengal",Asansol,"Mahabir Colliery, Asansol - WBPCB","29-07-2026 14:00:00",23.618183,87.105718,OZONE,11,14,12
India,"West Bengal",Asansol,"Asansol Court Area, Asansol - WBPCB","29-07-2026 14:00:00",23.685297,86.945968,PM2.5,16,30,23
India,"West Bengal",Asansol,"Asansol Court Area, Asansol - WBPCB","29-07-2026 14:00:00",23.685297,86.945968,NH3,2,5,3
India,"West Bengal",Barrackpore,"SVSPA Campus, Barrackpore - WBPCB","29-07-2026 14:00:00",22.7605581,88.3617589,OZONE,6,9,8
India,"West Bengal",Durgapur,"Mahishkapur Road_B-Zone, Durgapur - WBPCB","29-07-2026 14:00:00",23.567923,87.306843,SO2,13,13,13
India,"West Bengal",Durgapur,"Mahishkapur Road_B-Zone, Durgapur - WBPCB","29-07-2026 14:00:00",23.567923,87.306843,OZONE,28,36,32
India,"West Bengal",Durgapur,"Womens College_City Center, Durgapur - WBPCB","29-07-2026 14:00:00",23.549395,87.300496,PM10,24,45,34
India,"West Bengal",Durgapur,"Womens College_City Center, Durgapur - WBPCB","29-07-2026 14:00:00",23.549395,87.300496,NO2,31,37,35
India,"West Bengal",Durgapur,"Womens College_City Center, Durgapur - WBPCB","29-07-2026 14:00:00",23.549395,87.300496,SO2,12,12,12
India,"West Bengal",Durgapur,"PCBL Residential Complex, Durgapur - WBPCB","29-07-2026 14:00:00",23.508764,87.35444,PM10,16,51,30
India,"West Bengal",Haldia,"Priyambada Housing Estate, Haldia - WBPCB","29-07-2026 14:00:00",22.06047,88.109737,PM2.5,17,27,20
India,"West Bengal",Haldia,"Priyambada Housing Estate, Haldia - WBPCB","29-07-2026 14:00:00",22.06047,88.109737,NH3,3,5,5
India,"West Bengal",Haldia,"Priyambada Housing Estate, Haldia - WBPCB","29-07-2026 14:00:00",22.06047,88.109737,SO2,5,15,8
India,"West Bengal",Howrah,"Ghusuri, Howrah - WBPCB","29-07-2026 14:00:00",22.611968,88.347422,PM2.5,14,39,25
India,"West Bengal",Howrah,"Ghusuri, Howrah - WBPCB","29-07-2026 14:00:00",22.611968,88.347422,NH3,3,4,4
India,"West Bengal",Howrah,"Ghusuri, Howrah - WBPCB","29-07-2026 14:00:00",22.611968,88.347422,CO,20,28,24
India,"West Bengal",Kolkata,"Fort William, Kolkata - WBPCB","29-07-2026 14:00:00",22.55664,88.342674,NH3,9,9,9
India,"West Bengal",Kolkata,"Fort William, Kolkata - WBPCB","29-07-2026 14:00:00",22.55664,88.342674,CO,17,22,20
India,"West Bengal",Kolkata,"Ballygunge, Kolkata - WBPCB","29-07-2026 14:00:00",22.5367507,88.3638022,PM2.5,11,22,14
India,"West Bengal",Kolkata,"Ballygunge, Kolkata - WBPCB","29-07-2026 14:00:00",22.5367507,88.3638022,NH3,6,7,7
India,"West Bengal",Kolkata,"Ballygunge, Kolkata - WBPCB","29-07-2026 14:00:00",22.5367507,88.3638022,SO2,6,9,8
India,"West Bengal",Kolkata,"Ballygunge, Kolkata - WBPCB","29-07-2026 14:00:00",22.5367507,88.3638022,CO,9,16,12
India,"West Bengal",Kolkata,"Rabindra Sarobar, Kolkata - WBPCB","29-07-2026 14:00:00",22.51106,88.35142,OZONE,24,30,27
India,"West Bengal",Kolkata,"Jadavpur, Kolkata - WBPCB","29-07-2026 14:00:00",22.49929,88.36917,OZONE,11,21,14
India,"West Bengal",Kolkata,"Rabindra Bharati University, Kolkata - WBPCB","29-07-2026 14:00:00",22.627847,88.380669,PM10,8,464,59
India,"West Bengal",Kolkata,"Victoria, Kolkata - WBPCB","29-07-2026 14:00:00",22.5448082,88.3403691,PM10,80,93,87
India,"West Bengal",Kolkata,"Victoria, Kolkata - WBPCB","29-07-2026 14:00:00",22.5448082,88.3403691,SO2,10,19,15
India,"West Bengal",Kolkata,"Bidhannagar, Kolkata - WBPCB","29-07-2026 14:00:00",22.58157048,88.41002457,NO2,13,14,13
India,"West Bengal",Kolkata,"Bidhannagar, Kolkata - WBPCB","29-07-2026 14:00:00",22.58157048,88.41002457,NH3,5,5,5
India,"West Bengal",Siliguri,"Ward-32 Bapupara, Siliguri - WBPCB","29-07-2026 14:00:00",26.6879226,88.4152495,PM2.5,13,21,17
India,"Andhra Pradesh",Kakinada,"Rama Rao Peta, Kakinada - APPCB","29-07-2026 14:00:00",16.962488,82.229513,OZONE,8,17,12
India,"Andhra Pradesh",Kurnool,"Sita Rama Nagar, Kurnool - APPCB","29-07-2026 14:00:00",15.83411,78.028546,PM2.5,23,52,40
India,"Andhra Pradesh",Kurnool,"Sita Rama Nagar, Kurnool - APPCB","29-07-2026 14:00:00",15.83411,78.028546,SO2,10,11,10
India,"Andhra Pradesh",Kurnool,"Sita Rama Nagar, Kurnool - APPCB","29-07-2026 14:00:00",15.83411,78.028546,CO,6,9,8
India,"Andhra Pradesh",Nellore,"Ambedkar Nagar, Nellore - APPCB ","29-07-2026 14:00:00",14.438164,79.966814,PM2.5,44,76,72
India,"Andhra Pradesh",Nellore,"Ambedkar Nagar, Nellore - APPCB ","29-07-2026 14:00:00",14.438164,79.966814,NH3,4,8,7
India,"Andhra Pradesh",Nellore,"Ambedkar Nagar, Nellore - APPCB ","29-07-2026 14:00:00",14.438164,79.966814,OZONE,26,32,29
India,"Andhra Pradesh",Srikakulam,"Chinna Bharatham Colony, Srikakulam - APPCB","29-07-2026 14:00:00",18.292191,83.897173,PM10,27,58,41
India,"Andhra Pradesh",Srikakulam,"Chinna Bharatham Colony, Srikakulam - APPCB","29-07-2026 14:00:00",18.292191,83.897173,NH3,2,4,3
India,"Andhra Pradesh",Tirumala,"Toll Gate, Tirumala - APPCB","29-07-2026 14:00:00",13.67,79.35,PM10,25,52,41
India,"Andhra Pradesh",Tirupati,"Vaikuntapuram, Tirupati - APPCB","29-07-2026 14:00:00",13.615387,79.40923,NO2,NA,NA,NA
India,"Andhra Pradesh",Tirupati,"Vaikuntapuram, Tirupati - APPCB","29-07-2026 14:00:00",13.615387,79.40923,OZONE,26,41,33
India,"Andhra Pradesh",Vijayawada,"Rajiv Gandhi Park, Vijayawada - APPCB","29-07-2026 14:00:00",16.509717,80.612222,NO2,18,33,26
India,"Andhra Pradesh",Vijayawada,"Rajiv Gandhi Park, Vijayawada - APPCB","29-07-2026 14:00:00",16.509717,80.612222,OZONE,19,47,33
India,"Andhra Pradesh",Vijayawada,"HB Colony, Vijayawada - APPCB","29-07-2026 14:00:00",16.536107,80.594233,NO2,14,121,29
India,"Andhra Pradesh",Vijayawada,"HB Colony, Vijayawada - APPCB","29-07-2026 14:00:00",16.536107,80.594233,NH3,4,6,6
India,"Andhra Pradesh",Vijayawada,"HB Colony, Vijayawada - APPCB","29-07-2026 14:00:00",16.536107,80.594233,OZONE,15,21,18
India,"Andhra Pradesh",Vijayawada,"Rajiv Nagar, Vijayawada - APPCB","29-07-2026 14:00:00",16.554731,80.64911,PM2.5,53,63,56
India,"Andhra Pradesh",Vijayawada,"Rajiv Nagar, Vijayawada - APPCB","29-07-2026 14:00:00",16.554731,80.64911,PM10,53,64,56
India,"Andhra Pradesh",Vijayawada,"Rajiv Nagar, Vijayawada - APPCB","29-07-2026 14:00:00",16.554731,80.64911,CO,18,25,22
India,"Andhra Pradesh",Vijayawada,"Kanuru, Vijayawada - APPCB","29-07-2026 14:00:00",16.486692,80.699436,NO2,25,38,28
India,Chhattisgarh,Korba,"Urja Nagar, Korba - CECB","29-07-2026 14:00:00",22.348441,82.549611,NH3,1,1,1
India,Chhattisgarh,Korba,"Rampur, Korba - CECB","29-07-2026 14:00:00",22.368195,82.746431,PM2.5,6,15,7
India,Chhattisgarh,Korba,"Rampur, Korba - CECB","29-07-2026 14:00:00",22.368195,82.746431,NH3,1,1,1
India,Chhattisgarh,Korba,"Rampur, Korba - CECB","29-07-2026 14:00:00",22.368195,82.746431,CO,8,17,11
India,Chhattisgarh,Korba,"Rampur, Korba - CECB","29-07-2026 14:00:00",22.368195,82.746431,OZONE,5,8,7
India,Chhattisgarh,Kunjemura,"OP Jindal School, Kunjemura - CECB","29-07-2026 14:00:00",22.12665,83.483212,NH3,2,2,2
India,Chhattisgarh,Kunjemura,"OP Jindal School, Kunjemura - CECB","29-07-2026 14:00:00",22.12665,83.483212,SO2,8,17,12
India,Chhattisgarh,Kunjemura,"OP Jindal School, Kunjemura - CECB","29-07-2026 14:00:00",22.12665,83.483212,OZONE,5,7,6
India,Chhattisgarh,Milupara,"Govt. Higher Secondary School, Milupara - CECB","29-07-2026 14:00:00",22.1910172,83.5197009,PM2.5,NA,NA,NA
India,Chhattisgarh,Raipur,"Krishak Nagar, Raipur - CECB","29-07-2026 14:00:00",21.237755,81.705301,CO,8,13,11
India,Chhattisgarh,Raipur,"AIIMS, Raipur - CECB","29-07-2026 14:00:00",21.258815,81.578979,PM10,5,20,11
India,Chhattisgarh,Raipur,"AIIMS, Raipur - CECB","29-07-2026 14:00:00",21.258815,81.578979,NH3,4,4,4
India,Chhattisgarh,Raipur,"Bhatagaon New ISBT, Raipur - CECB","29-07-2026 14:00:00",21.219665,81.630094,PM2.5,1,8,2
India,Chhattisgarh,Raipur,"Siltara Phase-II, Raipur - CECB","29-07-2026 14:00:00",21.371751,81.664929,NO2,NA,NA,NA
India,Chhattisgarh,Raipur,"Siltara Phase-II, Raipur - CECB","29-07-2026 14:00:00",21.371751,81.664929,NH3,2,2,2
India,Chhattisgarh,Raipur,"Siltara Phase-II, Raipur - CECB","29-07-2026 14:00:00",21.371751,81.664929,SO2,0,30,7
India,Chhattisgarh,Tumidih,"OP Jindal Industrial Park, Tumidih - CECB","29-07-2026 14:00:00",22.06631475,83.33820077,PM2.5,8,21,14
India,Delhi,Delhi,"ITO, Delhi - CPCB","29-07-2026 14:00:00",28.628624,77.24106,PM10,15,122,78
India,Delhi,Delhi,"Commonwealth Sports Complex, Delhi - DPCC","29-07-2026 14:00:00",28.615828,77.271992,PM10,12,96,61
India,Delhi,Delhi,"Commonwealth Sports Complex, Delhi - DPCC","29-07-2026 14:00:00",28.615828,77.271992,NO2,6,6,6
India,Delhi,Delhi,"Commonwealth Sports Complex, Delhi - DPCC","29-07-2026 14:00:00",28.615828,77.271992,NH3,0,0,0
India,Delhi,Delhi,"Commonwealth Sports Complex, Delhi - DPCC","29-07-2026 14:00:00",28.615828,77.271992,OZONE,5,177,77
India,Delhi,Delhi,"Talkatora Garden, Delhi - DPCC","29-07-2026 14:00:00",28.62181,77.1944633,SO2,4,6,5
India,Delhi,Delhi,"Aya Nagar, Delhi - IITM","29-07-2026 14:00:00",28.4706914,77.1099364,PM2.5,1,58,29
India,Delhi,Delhi,"Aya Nagar, Delhi - IITM","29-07-2026 14:00:00",28.4706914,77.1099364,NO2,0,30,11
India,Delhi,Delhi,"Aya Nagar, Delhi - IITM","29-07-2026 14:00:00",28.4706914,77.1099364,SO2,NA,NA,NA
India,Delhi,Delhi,"CRRI Mathura Road, Delhi - IITM","29-07-2026 14:00:00",28.5512005,77.2735737,NO2,NA,NA,NA
India,Delhi,Delhi,"CRRI Mathura Road, Delhi - IITM","29-07-2026 14:00:00",28.5512005,77.2735737,CO,48,69,55
India,Delhi,Delhi,"Burari Crossing, Delhi - IITM","29-07-2026 14:00:00",28.7256504,77.2011573,NO2,14,41,26
India,Delhi,Delhi,"Burari Crossing, Delhi - IITM","29-07-2026 14:00:00",28.7256504,77.2011573,OZONE,10,158,49
India,Delhi,Delhi,"IMD Lodhi Road, Delhi - IITM","29-07-2026 14:00:00",28.5918245,77.2273074,NH3,NA,NA,NA
India,Delhi,Delhi,"JNU, Delhi - DPCC","29-07-2026 14:00:00",28.540721,77.168544,PM10,5,75,37
India,Delhi,Delhi,"Alipur, Delhi - DPCC","29-07-2026 14:00:00",28.815329,77.15301,PM10,66,169,119
India,Delhi,Delhi,"North Campus, DU, Delhi - IITM","29-07-2026 14:00:00",28.6573814,77.1585447,OZONE,7,280,100
India,Delhi,Delhi,"R K Puram, Delhi - DPCC","29-07-2026 14:00:00",28.563262,77.186937,PM2.5,13,120,37
India,"Andhra Pradesh",Visakhapatnam,"GVM Corporation, Visakhapatnam - APPCB","29-07-2026 14:00:00",17.72,83.3,PM10,23,126,77
India,"Andhra Pradesh",Visakhapatnam,"GVM Corporation, Visakhapatnam - APPCB","29-07-2026 14:00:00",17.72,83.3,NH3,3,3,3
India,"Andhra Pradesh",Visakhapatnam,"GVM Corporation, Visakhapatnam - APPCB","29-07-2026 14:00:00",17.72,83.3,SO2,8,49,20
India,"Andhra Pradesh",Visakhapatnam,"GVM Corporation, Visakhapatnam - APPCB","29-07-2026 14:00:00",17.72,83.3,CO,3,54,17
India,"Andhra Pradesh",Visakhapatnam,"GVM Corporation, Visakhapatnam - APPCB","29-07-2026 14:00:00",17.72,83.3,OZONE,2,17,10
India,"Arunachal Pradesh",Naharlagun,"Naharlagun, Naharlagun - APSPCB","29-07-2026 14:00:00",27.103358,93.679645,PM2.5,1,79,32
India,"Arunachal Pradesh",Naharlagun,"Naharlagun, Naharlagun - APSPCB","29-07-2026 14:00:00",27.103358,93.679645,PM10,1,97,36
India,Assam,Byrnihat,"Central Academy for SFS, Byrnihat - PCBA","29-07-2026 14:00:00",26.071318,91.87488,NH3,NA,NA,NA
India,Assam,Guwahati,"IITG, Guwahati - PCBA","29-07-2026 14:00:00",26.2028636,91.70046436,SO2,31,32,32
India,Assam,Guwahati,"Railway Colony, Guwahati - PCBA","29-07-2026 14:00:00",26.181742,91.78063,PM2.5,2,88,35
India,Assam,Guwahati,"Railway Colony, Guwahati - PCBA","29-07-2026 14:00:00",26.181742,91.78063,SO2,40,50,44
India,Assam,Guwahati,"Railway Colony, Guwahati - PCBA","29-07-2026 14:00:00",26.181742,91.78063,CO,1,11,6
India,Assam,Guwahati,"Pan Bazaar, Guwahati - PCBA","29-07-2026 14:00:00",26.1875,91.744194,NO2,0,1,0
India,Assam,Guwahati,"Pan Bazaar, Guwahati - PCBA","29-07-2026 14:00:00",26.1875,91.744194,NH3,1,1,1
India,Assam,Nalbari,"Bata Chowk, Nalbari - PCBA","29-07-2026 14:00:00",26.446912,91.439057,SO2,NA,NA,NA
India,Assam,Nalbari,"Bata Chowk, Nalbari - PCBA","29-07-2026 14:00:00",26.446912,91.439057,OZONE,19,19,19
India,Bihar,Saharsa,"Police Line, Saharsa - BSPCB","29-07-2026 14:00:00",25.892357,86.590325,OZONE,7,23,14
India,Bihar,Samastipur,"DM Office_Kasipur, Samastipur - BSPCB","29-07-2026 14:00:00",25.859655,85.77944,NO2,8,9,8
India,Bihar,Siwan,"Chitragupta Nagar, Siwan - BSPCB","29-07-2026 14:00:00",26.2271665,84.3570427,PM2.5,74,81,77
India,Bihar,Siwan,"Chitragupta Nagar, Siwan - BSPCB","29-07-2026 14:00:00",26.2271665,84.3570427,OZONE,6,8,7
India,Chandigarh,Chandigarh,"Sector-53, Chandigarh - CPCC","29-07-2026 14:00:00",30.719859,76.738637,NO2,NA,NA,NA
India,Chandigarh,Chandigarh,"Sector-53, Chandigarh - CPCC","29-07-2026 14:00:00",30.719859,76.738637,SO2,NA,NA,NA
India,Chandigarh,Chandigarh,"Sector-53, Chandigarh - CPCC","29-07-2026 14:00:00",30.719859,76.738637,CO,30,33,31
India,Chandigarh,Chandigarh,"Sector-25, Chandigarh - CPCC","29-07-2026 14:00:00",30.751462,76.762879,CO,14,27,20
India,Chhattisgarh,Bhilai,"Civic Center, Bhilai - Bhilai Steel Plant","29-07-2026 14:00:00",21.185571,81.343175,PM2.5,2,13,5
India,Chhattisgarh,Bhilai,"Civic Center, Bhilai - Bhilai Steel Plant","29-07-2026 14:00:00",21.185571,81.343175,NO2,15,16,16
India,Chhattisgarh,Bhilai,"Civic Center, Bhilai - Bhilai Steel Plant","29-07-2026 14:00:00",21.185571,81.343175,OZONE,10,12,11
India,Chhattisgarh,Bhilai,"32Bungalows, Bhilai - CECB","29-07-2026 14:00:00",21.194815,81.31477,PM10,7,20,13
India,Chhattisgarh,Bhilai,"32Bungalows, Bhilai - CECB","29-07-2026 14:00:00",21.194815,81.31477,NH3,2,19,7
India,Chhattisgarh,Bilaspur,"Mangala, Bilaspur - NTPC","29-07-2026 14:00:00",22.08815,82.13737,PM10,0,30,16
India,Assam,Silchar,"Tarapur, Silchar - PCBA","29-07-2026 14:00:00",24.82827,92.79525,PM10,46,66,52
India,Assam,Silchar,"Tarapur, Silchar - PCBA","29-07-2026 14:00:00",24.82827,92.79525,SO2,4,7,6
India,Assam,Silchar,"Tarapur, Silchar - PCBA","29-07-2026 14:00:00",24.82827,92.79525,CO,28,34,32
India,Bihar,Araria,"Kharahiya Basti, Araria - BSPCB","29-07-2026 14:00:00",26.146529,87.454184,OZONE,37,40,39
India,Bihar,Arrah,"New DM Office, Arrah - BSPCB","29-07-2026 14:00:00",25.5626095,84.663264,SO2,5,5,5
India,Bihar,Aurangabad,"Gurdeo Nagar, Aurangabad - BSPCB","29-07-2026 14:00:00",24.75746,84.366208,CO,99,103,102
India,Bihar,Begusarai,"Lohiyanagar, Begusarai - BSPCB","29-07-2026 14:00:00",25.42742023,86.13886079,SO2,14,20,18
India,Bihar,Bettiah,"Kamalnath Nagar, Bettiah - BSPCB","29-07-2026 14:00:00",26.80365,84.51954,NO2,17,38,27
India,Bihar,Bettiah,"Kamalnath Nagar, Bettiah - BSPCB","29-07-2026 14:00:00",26.80365,84.51954,OZONE,21,26,23
India,Bihar,Bhagalpur,"Mayaganj, Bhagalpur - BSPCB","29-07-2026 14:00:00",25.265194,87.012947,CO,31,39,35
India,Bihar,"Bihar Sharif","D M Colony, Bihar Sharif - BSPCB","29-07-2026 14:00:00",25.204762,85.51496,NO2,9,10,9
India,Bihar,Gaya,"SFTI Kusdihra, Gaya - BSPCB","29-07-2026 14:00:00",24.762518,84.982348,PM2.5,15,27,21
India,Bihar,Gaya,"Collectorate, Gaya - BSPCB","29-07-2026 14:00:00",24.7955,84.9994,SO2,NA,NA,NA
India,Bihar,Hajipur,"Industrial Area, Hajipur - BSPCB","29-07-2026 14:00:00",25.697189,85.2459,PM10,23,57,39
India,Bihar,Hajipur,"Industrial Area, Hajipur - BSPCB","29-07-2026 14:00:00",25.697189,85.2459,NH3,12,13,12
India,Bihar,Hajipur,"Industrial Area, Hajipur - BSPCB","29-07-2026 14:00:00",25.697189,85.2459,SO2,4,5,5
India,Bihar,Hajipur,"Industrial Area, Hajipur - BSPCB","29-07-2026 14:00:00",25.697189,85.2459,CO,21,36,30
India,Bihar,Katihar,"Mirchaibari, Katihar - BSPCB","29-07-2026 14:00:00",25.560083,87.553265,PM2.5,25,38,31
India,Bihar,Katihar,"Mirchaibari, Katihar - BSPCB","29-07-2026 14:00:00",25.560083,87.553265,NH3,1,1,1
India,Bihar,Kishanganj,"SDM Office_Khagra, Kishanganj - BSPCB","29-07-2026 14:00:00",26.0881305,87.93840336,NO2,7,8,7
India,Bihar,Manguraha,"Forest Rest House, Manguraha - BSPCB","29-07-2026 14:00:00",27.308328,84.531742,PM2.5,17,212,132
India,Bihar,Motihari,"Gandak Colony, Motihari - BSPCB","29-07-2026 14:00:00",26.63086,84.90051,PM2.5,NA,NA,NA
India,Bihar,Motihari,"Gandak Colony, Motihari - BSPCB","29-07-2026 14:00:00",26.63086,84.90051,PM10,NA,NA,NA
India,Bihar,Motihari,"Gandak Colony, Motihari - BSPCB","29-07-2026 14:00:00",26.63086,84.90051,NO2,NA,NA,NA
India,Bihar,Munger,"Town Hall, Munger - BSPCB","29-07-2026 14:00:00",25.376776,86.471523,CO,3,6,5
India,Delhi,Delhi,"NSUT Jaffarpur, Delhi - DPCC","29-07-2026 14:00:00",28.594004,76.909423,NH3,0,16,5
India,Delhi,Delhi,"Shadipur, Delhi - CPCB","29-07-2026 14:00:00",28.6514781,77.1473105,PM10,18,44,34
India,Delhi,Delhi,"Mandir Marg, Delhi - DPCC","29-07-2026 14:00:00",28.636429,77.201067,PM2.5,17,253,76
India,Delhi,Delhi,"Mandir Marg, Delhi - DPCC","29-07-2026 14:00:00",28.636429,77.201067,PM10,NA,NA,NA
India,Delhi,Delhi,"Pusa, Delhi - DPCC","29-07-2026 14:00:00",28.639652,77.146275,NO2,26,103,55
India,Delhi,Delhi,"Pusa, Delhi - DPCC","29-07-2026 14:00:00",28.639652,77.146275,NH3,8,14,10
India,Delhi,Delhi,"Pusa, Delhi - DPCC","29-07-2026 14:00:00",28.639652,77.146275,OZONE,9,19,12
India,Delhi,Delhi,"Sirifort, Delhi - CPCB","29-07-2026 14:00:00",28.5504249,77.2159377,SO2,21,28,25
India,Delhi,Delhi,"Sirifort, Delhi - CPCB","29-07-2026 14:00:00",28.5504249,77.2159377,CO,26,35,31
India,Delhi,Delhi,"Sirifort, Delhi - CPCB","29-07-2026 14:00:00",28.5504249,77.2159377,OZONE,7,36,19
India,Delhi,Delhi,"Chandni Chowk, Delhi - IITM","29-07-2026 14:00:00",28.656756,77.227234,OZONE,15,158,67
India,Delhi,Delhi,"Pusa, Delhi - IITM","29-07-2026 14:00:00",28.63611,77.173332,PM10,12,101,51
India,Delhi,Delhi,"IGNOU_Maidan Garhi, Delhi - DPCC","29-07-2026 14:00:00",28.493624,77.201159,OZONE,7,13,10
India,Bihar,Muzaffarpur,"MIT-Daudpur Kothi, Muzaffarpur - BSPCB","29-07-2026 14:00:00",26.1403345,85.3650192,OZONE,17,63,45
India,Bihar,Muzaffarpur,"Muzaffarpur Collectorate, Muzaffarpur - BSPCB","29-07-2026 14:00:00",26.1209,85.3647,SO2,4,6,6
India,Bihar,Patna,"IGSC Planetarium Complex, Patna - BSPCB","29-07-2026 14:00:00",25.610369,85.132568,NO2,2,3,2
India,Bihar,Patna,"Rajbansi Nagar, Patna - BSPCB","29-07-2026 14:00:00",25.599486,85.113666,PM2.5,16,33,21
India,Bihar,Patna,"DRM Office Danapur, Patna - BSPCB","29-07-2026 14:00:00",25.586562,85.043586,SO2,6,7,6
India,Bihar,Patna,"DRM Office Danapur, Patna - BSPCB","29-07-2026 14:00:00",25.586562,85.043586,CO,31,42,37
India,Bihar,Patna,"Samanpura, Patna - BSPCB","29-07-2026 14:00:00",25.596727,85.085624,PM2.5,52,166,79
India,Bihar,Patna,"Samanpura, Patna - BSPCB","29-07-2026 14:00:00",25.596727,85.085624,NO2,24,24,24
India,Bihar,Purnia,"Mariam Nagar, Purnia - BSPCB","29-07-2026 14:00:00",25.366336,87.117468,NO2,3,11,7
India,Bihar,Rajgir,"Dangi Tola, Rajgir - BSPCB","29-07-2026 14:00:00",25.0328,85.41948,SO2,2,3,3
India,"Andhra Pradesh",Amaravati,"Secretariat, Amaravati - APPCB","29-07-2026 14:00:00",16.5150833,80.5181667,PM2.5,2,27,15
India,"Andhra Pradesh",Amaravati,"Secretariat, Amaravati - APPCB","29-07-2026 14:00:00",16.5150833,80.5181667,PM10,5,93,46
India,"Andhra Pradesh",Anantapur,"Gulzarpet, Anantapur - APPCB","29-07-2026 14:00:00",14.675886,77.593027,PM2.5,57,78,65
India,"Andhra Pradesh",Anantapur,"Gulzarpet, Anantapur - APPCB","29-07-2026 14:00:00",14.675886,77.593027,OZONE,15,51,29
India,"Andhra Pradesh",Chittoor,"Gangineni Cheruvu, Chittoor - APPCB","29-07-2026 14:00:00",13.20488,79.097889,PM10,58,70,63
India,"Andhra Pradesh",Guntur,"Rajendra Nagar North, Guntur - APPCB","29-07-2026 14:00:00",16.316553,80.413302,PM10,40,66,46
India,"Andhra Pradesh",Kadapa,"Yerramukkapalli, Kadapa - APPCB","29-07-2026 14:00:00",14.465052,78.824187,SO2,NA,NA,NA
India,"Andhra Pradesh",Kadapa,"Yerramukkapalli, Kadapa - APPCB","29-07-2026 14:00:00",14.465052,78.824187,OZONE,29,44,36
India,"Andhra Pradesh",Kakinada,"Rama Rao Peta, Kakinada - APPCB","29-07-2026 14:00:00",16.962488,82.229513,PM2.5,NA,NA,NA
India,Gujarat,Bhavnagar,"Vidhyanagar, Bhavnagar - Nexteng Enviro","29-07-2026 14:00:00",21.755417,72.139056,OZONE,15,21,17
India,Gujarat,Gandhinagar,"Sector-10, Gandhinagar - GPCB","29-07-2026 14:00:00",23.221714,72.654328,PM2.5,28,67,50
India,Gujarat,Gandhinagar,"Sector-10, Gandhinagar - GPCB","29-07-2026 14:00:00",23.221714,72.654328,NO2,5,7,6
India,Gujarat,Gandhinagar,"Sector-10, Gandhinagar - GPCB","29-07-2026 14:00:00",23.221714,72.654328,CO,21,28,23
India,Gujarat,Gandhinagar,"IIPHG Lekawada, Gandhinagar - IITM","29-07-2026 14:00:00",23.243639,72.68994,SO2,2,2,2
India,Gujarat,Gandhinagar,"GIFT City, Gandhinagar - IITM","29-07-2026 14:00:00",23.163798,72.677768,SO2,1,4,3
India,Gujarat,Mehsana,"Sadanand Nagar, Mehsana - Nexteng Enviro","29-07-2026 14:00:00",23.59315,72.372792,PM2.5,46,179,81
India,Gujarat,Nandesari,"GIDC, Nandesari - Nandesari Ind. Association","29-07-2026 14:00:00",22.410802,73.097923,SO2,3,3,3
India,Gujarat,Nandesari,"GIDC, Nandesari - Nandesari Ind. Association","29-07-2026 14:00:00",22.410802,73.097923,CO,20,103,48
India,Gujarat,Nandesari,"GIDC, Nandesari - Nandesari Ind. Association","29-07-2026 14:00:00",22.410802,73.097923,OZONE,NA,NA,NA
India,Gujarat,Rajkot,"Mavdi, Rajkot - Nexteng Enviro ","29-07-2026 14:00:00",22.248853,70.776774,PM10,54,93,64
India,Gujarat,Rajkot,"Mavdi, Rajkot - Nexteng Enviro ","29-07-2026 14:00:00",22.248853,70.776774,OZONE,9,13,11
India,Gujarat,Vadodara,"Bapunagar, Vadodara - Nexteng Enviro","29-07-2026 14:00:00",22.320153,73.216285,PM10,62,115,93
India,Gujarat,Vadodara,"Bapunagar, Vadodara - Nexteng Enviro","29-07-2026 14:00:00",22.320153,73.216285,SO2,8,9,9
India,Gujarat,Vadodara,"Bapunagar, Vadodara - Nexteng Enviro","29-07-2026 14:00:00",22.320153,73.216285,OZONE,3,5,4
India,Gujarat,Vapi,"Phase-1 GIDC, Vapi - GPCB","29-07-2026 14:00:00",20.362421,72.918013,PM2.5,1,53,19
India,Gujarat,Vapi,"Phase-1 GIDC, Vapi - GPCB","29-07-2026 14:00:00",20.362421,72.918013,NH3,3,4,3
India,Gujarat,Vapi,"Phase-1 GIDC, Vapi - GPCB","29-07-2026 14:00:00",20.362421,72.918013,SO2,5,20,9
India,Gujarat,Vapi,"Phase-1 GIDC, Vapi - GPCB","29-07-2026 14:00:00",20.362421,72.918013,CO,NA,NA,NA
India,Gujarat,Vatva,"Phase-4 GIDC, Vatva - GPCB","29-07-2026 14:00:00",22.969611,72.6435,PM2.5,NA,NA,NA
India,Gujarat,Vatva,"Phase-4 GIDC, Vatva - GPCB","29-07-2026 14:00:00",22.969611,72.6435,PM10,NA,NA,NA
India,"Jammu and Kashmir",Pampore,"Khrew, Pampore - JKPCC","29-07-2026 14:00:00",34.031606,75.009712,NH3,NA,NA,NA
India,"Jammu and Kashmir",Pampore,"Khrew, Pampore - JKPCC","29-07-2026 14:00:00",34.031606,75.009712,OZONE,NA,NA,NA
India,"Jammu and Kashmir",Srinagar,"Rajbagh, Srinagar - JKPCC","29-07-2026 14:00:00",34.066206,74.81982,OZONE,0,1,1
India,"Jammu and Kashmir",Srinagar,"Khunmoh, Srinagar - JKPCC","29-07-2026 14:00:00",34.06313,74.96017,PM10,37,65,50
India,"Jammu and Kashmir",Srinagar,"Khunmoh, Srinagar - JKPCC","29-07-2026 14:00:00",34.06313,74.96017,NO2,3,53,12
India,"Jammu and Kashmir",Srinagar,"Khunmoh, Srinagar - JKPCC","29-07-2026 14:00:00",34.06313,74.96017,CO,NA,NA,NA
India,Jharkhand,Dhanbad,"Sardar Patel Nagar, Dhanbad - JSPCB","29-07-2026 14:00:00",23.80569,86.44268,CO,2,42,23
India,Jharkhand,Jorapokhar,"Tata Stadium, Jorapokhar - JSPCB","29-07-2026 14:00:00",23.707909,86.41467,PM10,42,193,79
India,Karnataka,Bagalkot,"Vidayagiri, Bagalkot - KSPCB","29-07-2026 14:00:00",16.172806,75.659694,PM2.5,35,36,36
India,Karnataka,Bagalkot,"Vidayagiri, Bagalkot - KSPCB","29-07-2026 14:00:00",16.172806,75.659694,PM10,51,51,51
India,Karnataka,Bengaluru,"Sanegurava Halli, Bengaluru - KSPCB","29-07-2026 14:00:00",12.990328,77.5431385,PM2.5,NA,NA,NA
India,Karnataka,Bengaluru,"Jigani, Bengaluru - KSPCB","29-07-2026 14:00:00",12.7816279,77.6299145,PM2.5,34,323,61
India,Karnataka,Bengaluru,"Jigani, Bengaluru - KSPCB","29-07-2026 14:00:00",12.7816279,77.6299145,PM10,48,459,96
India,Karnataka,Bengaluru,"Jigani, Bengaluru - KSPCB","29-07-2026 14:00:00",12.7816279,77.6299145,OZONE,24,25,24
India,Karnataka,Bengaluru,"BTM Layout, Bengaluru - CPCB","29-07-2026 14:00:00",12.9135218,77.5950804,PM10,42,67,56
India,Karnataka,Bengaluru,"BTM Layout, Bengaluru - CPCB","29-07-2026 14:00:00",12.9135218,77.5950804,NH3,5,5,5
India,Karnataka,Bengaluru,"Hebbal, Bengaluru - KSPCB","29-07-2026 14:00:00",13.029152,77.585901,PM2.5,2,25,10
India,Karnataka,Bengaluru,"Hebbal, Bengaluru - KSPCB","29-07-2026 14:00:00",13.029152,77.585901,NH3,2,2,2
India,Gujarat,Vatva,"Phase-4 GIDC, Vatva - GPCB","29-07-2026 14:00:00",22.969611,72.6435,CO,65,70,68
India,Haryana,Ambala,"Patti Mehar, Ambala - HSPCB","29-07-2026 14:00:00",30.379589,76.778328,PM2.5,28,56,47
India,Haryana,Ambala,"Patti Mehar, Ambala - HSPCB","29-07-2026 14:00:00",30.379589,76.778328,NH3,2,12,8
India,Haryana,Bahadurgarh,"Arya Nagar, Bahadurgarh - HSPCB","29-07-2026 14:00:00",28.6701,76.9254,PM10,28,72,53
India,Haryana,Bahadurgarh,"Arya Nagar, Bahadurgarh - HSPCB","29-07-2026 14:00:00",28.6701,76.9254,NO2,20,25,22
India,Haryana,Bahadurgarh,"Arya Nagar, Bahadurgarh - HSPCB","29-07-2026 14:00:00",28.6701,76.9254,OZONE,32,43,39
India,Haryana,Ballabgarh,"Nathu Colony, Ballabgarh - HSPCB","29-07-2026 14:00:00",28.3419248,77.319699,PM10,32,74,46
India,Haryana,Ballabgarh,"Nathu Colony, Ballabgarh - HSPCB","29-07-2026 14:00:00",28.3419248,77.319699,CO,6,9,7
India,Haryana,Bhiwani,"H.B. Colony, Bhiwani - HSPCB","29-07-2026 14:00:00",28.806223,76.141105,PM2.5,19,66,37
India,Haryana,"Charkhi Dadri","Mini Secretariat, Charkhi Dadri - HSPCB","29-07-2026 14:00:00",28.593883,76.270653,PM2.5,47,117,71
India,Haryana,Dharuhera,"Municipal Corporation Office, Dharuhera -  HSPCB","29-07-2026 14:00:00",28.2068,76.7997,PM2.5,48,155,90
India,Haryana,Faridabad,"Sector 30, Faridabad - HSPCB","29-07-2026 14:00:00",28.4417,77.3217,SO2,2,4,2
India,Haryana,Fatehabad,"Huda Sector, Fatehabad - HSPCB","29-07-2026 14:00:00",29.503664,75.467934,PM10,109,151,124
India,Haryana,Gurugram,"Teri Gram, Gurugram - HSPCB","29-07-2026 14:00:00",28.4275,77.1465,SO2,4,23,13
India,Haryana,Gurugram,"Teri Gram, Gurugram - HSPCB","29-07-2026 14:00:00",28.4275,77.1465,OZONE,6,37,18
India,Haryana,Gurugram,"Vikas Sadan, Gurugram - HSPCB","29-07-2026 14:00:00",28.4501238,77.0263051,NH3,NA,NA,NA
India,Haryana,Gurugram,"Vikas Sadan, Gurugram - HSPCB","29-07-2026 14:00:00",28.4501238,77.0263051,CO,3,8,5
India,Haryana,Gurugram,"NISE Gwal Pahari, Gurugram - IITM","29-07-2026 14:00:00",28.422681,77.148944,PM10,3,126,41
India,Haryana,Hisar,"Urban Estate-II, Hisar - HSPCB","29-07-2026 14:00:00",29.14056,75.744941,PM10,11,67,36
India,Haryana,Hisar,"Urban Estate-II, Hisar - HSPCB","29-07-2026 14:00:00",29.14056,75.744941,CO,17,28,22
India,Haryana,Jind,"Police Lines, Jind - HSPCB","29-07-2026 14:00:00",29.307814,76.337619,PM10,2,44,23
India,Haryana,Jind,"Police Lines, Jind - HSPCB","29-07-2026 14:00:00",29.307814,76.337619,NO2,12,14,13
India,Haryana,Kaithal,"Rishi Nagar, Kaithal - HSPCB","29-07-2026 14:00:00",29.8006,76.4155,PM2.5,16,141,34
India,Haryana,Karnal,"Sector-12, Karnal - HSPCB","29-07-2026 14:00:00",29.6953,77.0027,NO2,9,22,15
India,Haryana,Karnal,"Sector-12, Karnal - HSPCB","29-07-2026 14:00:00",29.6953,77.0027,OZONE,11,30,18
India,Haryana,Mandikhera,"General Hospital, Mandikhera(Nuh) - HSPCB","29-07-2026 14:00:00",27.9002,76.9938,PM2.5,49,53,51
India,Haryana,Mandikhera,"General Hospital, Mandikhera(Nuh) - HSPCB","29-07-2026 14:00:00",27.9002,76.9938,PM10,76,83,79
India,Karnataka,Bengaluru,"Hebbal, Bengaluru - KSPCB","29-07-2026 14:00:00",13.029152,77.585901,OZONE,1,6,3
India,Karnataka,Bengaluru,"Jayanagar 5th Block, Bengaluru - KSPCB","29-07-2026 14:00:00",12.920984,77.584908,NO2,NA,NA,NA
India,Karnataka,Bengaluru,"Jayanagar 5th Block, Bengaluru - KSPCB","29-07-2026 14:00:00",12.920984,77.584908,OZONE,42,44,43
India,Karnataka,Bengaluru,"Hombegowda Nagar, Bengaluru - KSPCB","29-07-2026 14:00:00",12.938539,77.5901,PM10,13,63,41
India,Karnataka,Bengaluru,"Hombegowda Nagar, Bengaluru - KSPCB","29-07-2026 14:00:00",12.938539,77.5901,NO2,8,28,15
India,Karnataka,Bengaluru,"Hombegowda Nagar, Bengaluru - KSPCB","29-07-2026 14:00:00",12.938539,77.5901,OZONE,5,7,6
India,Karnataka,Chamarajanagar,"Urban, Chamarajanagar - KSPCB","29-07-2026 14:00:00",11.55358,76.55521,PM2.5,19,32,23
India,Karnataka,Chamarajanagar,"Urban, Chamarajanagar - KSPCB","29-07-2026 14:00:00",11.55358,76.55521,PM10,34,47,38
India,Karnataka,Chikkaballapur,"Chikkaballapur Rural, Chikkaballapur - KSPCB","29-07-2026 14:00:00",13.428828,77.731418,SO2,NA,NA,NA
India,Karnataka,Davanagere,"Devaraj Urs Badavane, Davanagere - KSPCB","29-07-2026 14:00:00",14.4758,75.9052,OZONE,20,21,21
India,Karnataka,Dharwad,"Kalabhavan, Dharwad - KSPCB","29-07-2026 14:00:00",15.459706,75.008381,SO2,7,9,8
India,Karnataka,Gadag,"Panchal Nagar, Gadag - KSPCB","29-07-2026 14:00:00",15.411456,75.638133,NO2,0,18,8
India,Karnataka,Gadag,"Panchal Nagar, Gadag - KSPCB","29-07-2026 14:00:00",15.411456,75.638133,NH3,2,4,3
India,Haryana,Narnaul,"Shastri Nagar, Narnaul - HSPCB","29-07-2026 14:00:00",28.060249,76.113115,PM10,18,192,69
India,Haryana,Palwal,"Shyam Nagar, Palwal - HSPCB","29-07-2026 14:00:00",28.1485564,77.3320667,PM2.5,27,181,52
India,Haryana,Palwal,"Shyam Nagar, Palwal - HSPCB","29-07-2026 14:00:00",28.1485564,77.3320667,SO2,1,16,8
India,Haryana,Panchgaon,"Amity University, Panchgaon - IITM","29-07-2026 14:00:00",28.3153,76.9143,NH3,0,3,1
India,Haryana,Panchkula,"Sector-6, Panchkula - HSPCB ","29-07-2026 14:00:00",30.7057778,76.8531805555555,NO2,26,32,29
India,Haryana,Panchkula,"Sector-6, Panchkula - HSPCB ","29-07-2026 14:00:00",30.7057778,76.8531805555555,SO2,10,13,11
India,Haryana,"Yamuna Nagar","Gobind Pura, Yamuna Nagar - HSPCB","29-07-2026 14:00:00",30.1480566,77.2893471,NO2,18,40,26
India,Haryana,"Yamuna Nagar","Gobind Pura, Yamuna Nagar - HSPCB","29-07-2026 14:00:00",30.1480566,77.2893471,NH3,7,11,9
India,Haryana,"Yamuna Nagar","Gobind Pura, Yamuna Nagar - HSPCB","29-07-2026 14:00:00",30.1480566,77.2893471,CO,49,53,51
India,"Himachal Pradesh",Baddi,"HIMUDA Complex Phase-1, Baddi - HPPCB","29-07-2026 14:00:00",30.943887,76.801991,NO2,6,22,13
India,"Himachal Pradesh",Baddi,"HIMUDA Complex Phase-1, Baddi - HPPCB","29-07-2026 14:00:00",30.943887,76.801991,SO2,7,30,16
India,"Himachal Pradesh",Baddi,"HIMUDA Complex Phase-1, Baddi - HPPCB","29-07-2026 14:00:00",30.943887,76.801991,CO,21,112,97
India,Delhi,Delhi,"Sri Aurobindo Marg, Delhi - DPCC","29-07-2026 14:00:00",28.531346,77.190156,CO,31,74,42
India,Delhi,Delhi,"IHBAS, Dilshad Garden, Delhi - CPCB","29-07-2026 14:00:00",28.6811736,77.3025234,SO2,11,30,19
India,Delhi,Delhi,"IHBAS, Dilshad Garden, Delhi - CPCB","29-07-2026 14:00:00",28.6811736,77.3025234,OZONE,8,34,23
India,Delhi,Delhi,"Jahangirpuri, Delhi - DPCC","29-07-2026 14:00:00",28.73282,77.170633,NO2,31,51,40
India,Delhi,Delhi,"Vivek Vihar, Delhi - DPCC","29-07-2026 14:00:00",28.672342,77.31526,CO,25,45,33
India,Delhi,Delhi,"Okhla Phase-2, Delhi - DPCC","29-07-2026 14:00:00",28.530785,77.271255,NO2,19,63,37
India,Delhi,Delhi,"Major Dhyan Chand National Stadium, Delhi - DPCC","29-07-2026 14:00:00",28.611281,77.237738,PM2.5,3,90,46
India,Delhi,Delhi,"Major Dhyan Chand National Stadium, Delhi - DPCC","29-07-2026 14:00:00",28.611281,77.237738,PM10,6,98,62
India,Delhi,Delhi,"Major Dhyan Chand National Stadium, Delhi - DPCC","29-07-2026 14:00:00",28.611281,77.237738,NO2,30,69,46
India,Delhi,Delhi,"Major Dhyan Chand National Stadium, Delhi - DPCC","29-07-2026 14:00:00",28.611281,77.237738,CO,28,42,37
India,Delhi,Delhi,"Cantonment Area, Delhi - DPCC","29-07-2026 14:00:00",28.594169,77.1251,NO2,9,21,14
India,Delhi,Delhi,"Cantonment Area, Delhi - DPCC","29-07-2026 14:00:00",28.594169,77.1251,SO2,1,3,2
India,Delhi,Delhi,"Mundka, Delhi - DPCC","29-07-2026 14:00:00",28.684678,77.076574,NH3,7,14,11
India,Delhi,Delhi,"Wazirpur, Delhi - DPCC","29-07-2026 14:00:00",28.699793,77.165453,PM2.5,88,382,232
India,Delhi,Delhi,"Wazirpur, Delhi - DPCC","29-07-2026 14:00:00",28.699793,77.165453,NH3,3,23,6
India,Delhi,Delhi,"Wazirpur, Delhi - DPCC","29-07-2026 14:00:00",28.699793,77.165453,CO,69,89,78
India,Delhi,Delhi,"Najafgarh, Delhi - DPCC","29-07-2026 14:00:00",28.570173,76.933762,PM2.5,NA,NA,NA
India,Delhi,Delhi,"Najafgarh, Delhi - DPCC","29-07-2026 14:00:00",28.570173,76.933762,NO2,13,30,21
India,Delhi,Delhi,"Jawaharlal Nehru Stadium, Delhi - DPCC","29-07-2026 14:00:00",28.58028,77.233829,PM2.5,8,140,49
India,Delhi,Delhi,"Jawaharlal Nehru Stadium, Delhi - DPCC","29-07-2026 14:00:00",28.58028,77.233829,SO2,7,15,10
India,Delhi,Delhi,"Patparganj, Delhi - DPCC","29-07-2026 14:00:00",28.623763,77.287209,PM2.5,17,147,67
India,Delhi,Delhi,"Nehru Nagar, Delhi - DPCC","29-07-2026 14:00:00",28.56789,77.250515,NH3,6,12,8
India,Gujarat,Ahmedabad,"Rakhial, Ahmedabad - IITM","29-07-2026 14:00:00",23.016834,72.625775,OZONE,8,10,9
India,Gujarat,Ahmedabad,"Chandkheda, Ahmedabad - IITM","29-07-2026 14:00:00",23.107969,72.574648,PM2.5,25,52,37
India,Gujarat,Ahmedabad,"Gyaspur, Ahmedabad - IITM","29-07-2026 14:00:00",22.977134,72.553024,OZONE,6,7,6
India,Gujarat,Ahmedabad,"SAC ISRO Satellite, Ahmedabad - IITM","29-07-2026 14:00:00",23.023389,72.515201,NH3,1,2,2
India,Gujarat,Ahmedabad,"Raikhad, Ahmedabad - IITM","29-07-2026 14:00:00",23.020509,72.579261,NO2,5,101,28
India,Gujarat,Ankleshwar,"GIDC, Ankleshwar - GPCB","29-07-2026 14:00:00",21.613267,73.010555,CO,20,47,35
India,Gujarat,Bhavnagar,"Vidhyanagar, Bhavnagar - Nexteng Enviro","29-07-2026 14:00:00",21.755417,72.139056,PM10,25,63,42
India,Gujarat,Bhavnagar,"Vidhyanagar, Bhavnagar - Nexteng Enviro","29-07-2026 14:00:00",21.755417,72.139056,NH3,4,5,4
India,"Madhya Pradesh",Singrauli,"Suryakiran Bhawan NCL, Singrauli - MPPCB","29-07-2026 14:00:00",24.10897,82.64558,PM2.5,10,70,34
India,"Madhya Pradesh",Singrauli,"Suryakiran Bhawan NCL, Singrauli - MPPCB","29-07-2026 14:00:00",24.10897,82.64558,SO2,32,75,47
India,"Madhya Pradesh",Ujjain,"Mahashweta Nagar, Ujjain - MPPCB","29-07-2026 14:00:00",23.1633321,75.800225,SO2,0,3,2
India,"Madhya Pradesh",Ujjain,"Mahashweta Nagar, Ujjain - MPPCB","29-07-2026 14:00:00",23.1633321,75.800225,OZONE,35,57,44
India,Maharashtra,Ahmednagar,"Tarakpur, Ahmednagar - MPCB","29-07-2026 14:00:00",19.10122,74.73339,PM10,23,64,42
India,Maharashtra,Akola,"Ramdaspeth, Akola - MPCB","29-07-2026 14:00:00",20.719516,77.000253,OZONE,3,7,5
India,Maharashtra,Ambernath,"Chinchpada, Ambernath - MPCB","29-07-2026 14:00:00",19.215784,73.199781,NO2,13,34,23
India,Maharashtra,Ambernath,"Chinchpada, Ambernath - MPCB","29-07-2026 14:00:00",19.215784,73.199781,SO2,NA,NA,NA
India,Maharashtra,Ambernath,"Chinchpada, Ambernath - MPCB","29-07-2026 14:00:00",19.215784,73.199781,CO,8,11,9
India,Maharashtra,Amravati,"Shri Shivaji Science College, Amravati - MPCB","29-07-2026 14:00:00",20.939198,77.765701,NH3,1,2,2
India,Maharashtra,Aurangabad,"More Chowk Waluj, Aurangabad - MPCB","29-07-2026 14:00:00",19.8389439,75.244448,SO2,22,33,27
India,Maharashtra,Aurangabad,"MIDC Chilkalthana, Aurangabad - MPCB","29-07-2026 14:00:00",19.87562,75.38731,SO2,4,9,6
India,Maharashtra,Aurangabad,"Rachnakar Colony, Aurangabad - MPCB","29-07-2026 14:00:00",19.863756,75.321188,CO,26,39,34
India,Maharashtra,Beed,"Bir, Beed - MPCB","29-07-2026 14:00:00",18.988474,75.753873,PM2.5,8,51,27
India,Maharashtra,Beed,"Bir, Beed - MPCB","29-07-2026 14:00:00",18.988474,75.753873,NH3,2,3,3
India,Maharashtra,Beed,"Bir, Beed - MPCB","29-07-2026 14:00:00",18.988474,75.753873,SO2,1,5,3
India,Maharashtra,Belapur,"CBD Belapur, Belapur - MPCB","29-07-2026 14:00:00",19.0243902,73.0406721,PM2.5,31,70,43
India,Maharashtra,Belapur,"CBD Belapur, Belapur - MPCB","29-07-2026 14:00:00",19.0243902,73.0406721,CO,12,25,20
India,Maharashtra,Bhiwandi,"Gokul Nagar, Bhiwandi - MPCB","29-07-2026 14:00:00",19.309073,73.057223,PM2.5,NA,NA,NA
India,Maharashtra,Bhiwandi,"Gokul Nagar, Bhiwandi - MPCB","29-07-2026 14:00:00",19.309073,73.057223,NO2,7,8,7
India,Maharashtra,Boisar,"Khaira, Boisar - MPCB","29-07-2026 14:00:00",19.786089,72.757971,PM2.5,NA,NA,NA
India,Maharashtra,Chandrapur,"MIDC Khutala, Chandrapur - MPCB","29-07-2026 14:00:00",19.9775302,79.2337086,NH3,NA,NA,NA
India,Maharashtra,Chandrapur,"MIDC Khutala, Chandrapur - MPCB","29-07-2026 14:00:00",19.9775302,79.2337086,SO2,3,5,4
India,Maharashtra,Chandrapur,"Chauhan Colony, Chandrapur - MPCB","29-07-2026 14:00:00",19.9629,79.298714,NH3,0,2,1
India,Maharashtra,Chandrapur,"Chauhan Colony, Chandrapur - MPCB","29-07-2026 14:00:00",19.9629,79.298714,OZONE,4,6,5
India,Maharashtra,Dhule,"Deopur, Dhule - MPCB","29-07-2026 14:00:00",20.918946,74.776388,NO2,5,18,9
India,Maharashtra,Hingoli,"Ashta Vinayak Nagar, Hingoli - MPCB","29-07-2026 14:00:00",19.710842,77.151824,CO,11,22,16
India,Maharashtra,Jalgaon,"Prabhat Colony, Jalgaon - MPCB","29-07-2026 14:00:00",21.001264,75.565602,NO2,NA,NA,NA
India,Maharashtra,Jalgaon,"Prabhat Colony, Jalgaon - MPCB","29-07-2026 14:00:00",21.001264,75.565602,NH3,NA,NA,NA
India,Maharashtra,Jalna,"Old MIDC, Jalna - MPCB","29-07-2026 14:00:00",19.854616,75.905894,NH3,3,5,4
India,Maharashtra,Kalyan,"Pimpleshwar Mandir, Kalyan - MPCB","29-07-2026 14:00:00",19.192056,72.9585188,SO2,NA,NA,NA
India,Maharashtra,Kalyan,"Pimpleshwar Mandir, Kalyan - MPCB","29-07-2026 14:00:00",19.192056,72.9585188,OZONE,13,15,14
India,Maharashtra,Kalyan,"Khadakpada, Kalyan - MPCB","29-07-2026 14:00:00",19.25292,73.142019,PM2.5,41,72,53
India,Maharashtra,Kolhapur,"Shivaji University, Kolhapur - MPCB","29-07-2026 14:00:00",16.6870449,74.2505872,NH3,3,4,4
India,Maharashtra,Kolhapur,"Shivaji University, Kolhapur - MPCB","29-07-2026 14:00:00",16.6870449,74.2505872,OZONE,8,15,13
India,Maharashtra,Kolhapur,"Sinchan Bhavan, Kolhapur - MPCB","29-07-2026 14:00:00",16.7143745,74.2426398,PM10,27,52,37
India,Maharashtra,Kolhapur,"Sinchan Bhavan, Kolhapur - MPCB","29-07-2026 14:00:00",16.7143745,74.2426398,NO2,4,19,15
India,Maharashtra,Latur,"Sawe Wadi, Latur - MPCB","29-07-2026 14:00:00",18.39963,76.57452,SO2,1,6,4
India,Maharashtra,Mahad,"Kamble Tarf Birwadi, Mahad - MPCB","29-07-2026 14:00:00",18.1023399,73.4783687,SO2,5,10,6
India,Maharashtra,Mira-Bhayandar,"Bhayandar West, Mira-Bhayandar - MPCB","29-07-2026 14:00:00",19.296481,72.840923,PM10,24,58,46
India,Maharashtra,Mumbai,"Mazgaon, Mumbai - IITM","29-07-2026 14:00:00",18.96702,72.84214,NH3,4,11,5
India,Maharashtra,Mumbai,"Mazgaon, Mumbai - IITM","29-07-2026 14:00:00",18.96702,72.84214,SO2,9,14,11
India,Maharashtra,Mumbai,"Malad West, Mumbai - IITM","29-07-2026 14:00:00",19.19709,72.82204,OZONE,5,15,12
India,Maharashtra,Mumbai,"Chembur, Mumbai - MPCB","29-07-2026 14:00:00",19.0364585,72.8954371,PM10,47,79,64
India,Maharashtra,Mumbai,"Kandivali West, Mumbai - BMC","29-07-2026 14:00:00",19.215859,72.831718,SO2,1,5,3
India,Maharashtra,Mumbai,"Kandivali West, Mumbai - BMC","29-07-2026 14:00:00",19.215859,72.831718,CO,10,18,16
India,Maharashtra,Mumbai,"Chakala-Andheri East, Mumbai - IITM","29-07-2026 14:00:00",19.11074,72.86084,PM2.5,15,47,27
India,Maharashtra,Mumbai,"Byculla, Mumbai - BMC","29-07-2026 14:00:00",18.9767,72.838,PM2.5,16,30,22
India,Maharashtra,Mumbai,"Khindipada-Bhandup West, Mumbai - IITM","29-07-2026 14:00:00",19.1653323,72.922099,PM2.5,5,47,23
India,Maharashtra,Mumbai,"Khindipada-Bhandup West, Mumbai - IITM","29-07-2026 14:00:00",19.1653323,72.922099,NO2,5,8,6
India,Maharashtra,Mumbai,"Khindipada-Bhandup West, Mumbai - IITM","29-07-2026 14:00:00",19.1653323,72.922099,NH3,0,0,0
India,Maharashtra,Mumbai,"Khindipada-Bhandup West, Mumbai - IITM","29-07-2026 14:00:00",19.1653323,72.922099,OZONE,9,12,11
India,Maharashtra,Mumbai,"Mindspace-Malad West, Mumbai - MPCB","29-07-2026 14:00:00",19.1878657,72.8304069,NH3,9,10,9
India,Maharashtra,Mumbai,"Mindspace-Malad West, Mumbai - MPCB","29-07-2026 14:00:00",19.1878657,72.8304069,OZONE,12,12,12
India,Maharashtra,Mumbai,"Borivali East, Mumbai - IITM","29-07-2026 14:00:00",19.23241,72.86895,PM10,42,95,73
India,Maharashtra,Mumbai,"Borivali East, Mumbai - IITM","29-07-2026 14:00:00",19.23241,72.86895,NO2,10,23,16
India,Maharashtra,Mumbai,"Borivali East, Mumbai - IITM","29-07-2026 14:00:00",19.23241,72.86895,CO,33,44,41
India,Maharashtra,Mumbai,"Borivali East, Mumbai - IITM","29-07-2026 14:00:00",19.23241,72.86895,OZONE,17,25,22
India,Maharashtra,Mumbai,"Worli, Mumbai - MPCB","29-07-2026 14:00:00",18.9936162,72.8128113,NO2,1,11,5
India,Kerala,Thiruvananthapuram,"Kariavattom, Thiruvananthapuram - Kerala PCB","29-07-2026 14:00:00",8.5637,76.8865,PM10,26,152,70
India,Kerala,Thiruvananthapuram,"Plammoodu, Thiruvananthapuram - Kerala PCB","29-07-2026 14:00:00",8.5149093,76.9435879,PM10,21,45,30
India,Kerala,Thiruvananthapuram,"Plammoodu, Thiruvananthapuram - Kerala PCB","29-07-2026 14:00:00",8.5149093,76.9435879,SO2,11,19,15
India,Kerala,Thrissur,"Corporation Ground, Thrissur - Kerala PCB","29-07-2026 14:00:00",10.5324,76.2159,SO2,0,1,0
India,Kerala,Thrissur,"Corporation Ground, Thrissur - Kerala PCB","29-07-2026 14:00:00",10.5324,76.2159,CO,10,14,12
India,"Madhya Pradesh",Bhopal,"T T Nagar, Bhopal - MPPCB","29-07-2026 14:00:00",23.233584,77.400574,NH3,6,6,6
India,"Madhya Pradesh",Bhopal,"Idgah Hills, Bhopal - MPPCB","29-07-2026 14:00:00",23.264759,77.381568,OZONE,17,28,22
India,"Madhya Pradesh",Bhopal,"Paryavaran Parisar, Bhopal - MPPCB","29-07-2026 14:00:00",23.210494,77.425409,PM2.5,5,47,30
India,"Madhya Pradesh",Bhopal,"Paryavaran Parisar, Bhopal - MPPCB","29-07-2026 14:00:00",23.210494,77.425409,CO,12,16,14
India,"Madhya Pradesh",Bhopal,"Paryavaran Parisar, Bhopal - MPPCB","29-07-2026 14:00:00",23.210494,77.425409,OZONE,21,43,27
India,"Madhya Pradesh",Damoh,"Shrivastav Colony, Damoh - MPPCB","29-07-2026 14:00:00",23.81748678,79.446246,NO2,NA,NA,NA
India,"Madhya Pradesh",Dewas,"Bhopal Chauraha, Dewas - MPPCB","29-07-2026 14:00:00",22.9682591,76.064118,NH3,3,4,3
India,"Madhya Pradesh",Dewas,"Bhopal Chauraha, Dewas - MPPCB","29-07-2026 14:00:00",22.9682591,76.064118,SO2,14,46,31
India,Karnataka,Hubballi,"Lingaraj Nagar, Hubballi - KSPCB","29-07-2026 14:00:00",15.3714823,75.1160168,SO2,2,4,2
India,Karnataka,Hubballi,"Lingaraj Nagar, Hubballi - KSPCB","29-07-2026 14:00:00",15.3714823,75.1160168,CO,11,17,13
India,Karnataka,Karwar,"KHB Colony, Karwar - KSPCB","29-07-2026 14:00:00",14.816666,74.141003,NO2,22,29,27
India,Karnataka,Karwar,"KHB Colony, Karwar - KSPCB","29-07-2026 14:00:00",14.816666,74.141003,CO,30,56,36
India,Karnataka,Koppal,"Diwator Nagar, Koppal - KSPCB","29-07-2026 14:00:00",15.34763,76.181767,PM10,NA,NA,NA
India,Karnataka,Koppal,"Diwator Nagar, Koppal - KSPCB","29-07-2026 14:00:00",15.34763,76.181767,NH3,NA,NA,NA
India,Karnataka,Koppal,"Diwator Nagar, Koppal - KSPCB","29-07-2026 14:00:00",15.34763,76.181767,CO,17,21,19
India,Karnataka,Mangalore,"Kadri, Mangalore - KSPCB","29-07-2026 14:00:00",12.88925,74.853,NH3,0,1,1
India,Karnataka,Mangalore,"Kadri, Mangalore - KSPCB","29-07-2026 14:00:00",12.88925,74.853,SO2,NA,NA,NA
India,Karnataka,Tumakuru,"Thimmalapura, Tumakuru - KSPCB","29-07-2026 14:00:00",13.377516,77.099072,PM2.5,29,68,36
India,Karnataka,Vijayapura,"Ibrahimpur, Vijayapura - KSPCB","29-07-2026 14:00:00",16.802639,75.722694,PM10,42,43,43
India,Karnataka,Vijayapura,"Ibrahimpur, Vijayapura - KSPCB","29-07-2026 14:00:00",16.802639,75.722694,NH3,3,4,4
India,Kerala,Kannur,"Thavakkara, Kannur - Kerala PCB","29-07-2026 14:00:00",11.875,75.3732,PM2.5,NA,NA,NA
India,Kerala,Kannur,"Thavakkara, Kannur - Kerala PCB","29-07-2026 14:00:00",11.875,75.3732,NO2,NA,NA,NA
India,Kerala,Kannur,"Thavakkara, Kannur - Kerala PCB","29-07-2026 14:00:00",11.875,75.3732,CO,12,13,13
India,"Madhya Pradesh",Jabalpur,"Suhagi, Jabalpur - JMC","29-07-2026 14:00:00",23.218135,79.95777,PM2.5,NA,NA,NA
India,"Madhya Pradesh",Jabalpur,"Suhagi, Jabalpur - JMC","29-07-2026 14:00:00",23.218135,79.95777,OZONE,52,52,52
India,"Madhya Pradesh",Jabalpur,"Govindh Bhavan Colony, Jabalpur - JMC","29-07-2026 14:00:00",23.163174,79.973061,SO2,7,19,11
India,"Madhya Pradesh",Katni,"Gole Bazar, Katni - MPPCB","29-07-2026 14:00:00",23.50016,80.23284,NH3,2,2,2
India,"Madhya Pradesh",Katni,"Gole Bazar, Katni - MPPCB","29-07-2026 14:00:00",23.50016,80.23284,SO2,6,36,20
India,"Madhya Pradesh",Katni,"Gole Bazar, Katni - MPPCB","29-07-2026 14:00:00",23.50016,80.23284,CO,16,36,26
India,"Madhya Pradesh",Maihar,"Sahilara, Maihar - KJS Cements","29-07-2026 14:00:00",24.2613009,80.7231783,NO2,6,7,7
India,"Madhya Pradesh",Maihar,"Sahilara, Maihar - KJS Cements","29-07-2026 14:00:00",24.2613009,80.7231783,NH3,NA,NA,NA
India,"Madhya Pradesh",Maihar,"Sahilara, Maihar - KJS Cements","29-07-2026 14:00:00",24.2613009,80.7231783,CO,12,14,14
India,"Madhya Pradesh",Mandideep,"Sector-D Industrial Area, Mandideep - MPPCB","29-07-2026 14:00:00",23.10844,77.511428,PM10,33,123,80
India,"Madhya Pradesh",Mandideep,"Sector-D Industrial Area, Mandideep - MPPCB","29-07-2026 14:00:00",23.10844,77.511428,CO,19,38,25
India,"Madhya Pradesh",Mandideep,"Sector-D Industrial Area, Mandideep - MPPCB","29-07-2026 14:00:00",23.10844,77.511428,OZONE,5,220,72
India,"Madhya Pradesh",Pithampur,"Sector-2 Industrial Area, Pithampur - MPPCB","29-07-2026 14:00:00",22.624758,75.675238,PM2.5,45,118,80
India,"Madhya Pradesh",Sagar,"Civil Lines, Sagar - MPPCB","29-07-2026 14:00:00",23.838586,78.759431,SO2,2,5,3
India,"Madhya Pradesh",Gwalior,"Deen Dayal Nagar, Gwalior - MPPCB","29-07-2026 14:00:00",26.259242,78.216432,NH3,5,7,6
India,"Madhya Pradesh",Gwalior,"Maharaj Bada, Gwalior - MPPCB","29-07-2026 14:00:00",26.200388,78.147714,OZONE,27,62,43
India,"Madhya Pradesh",Gwalior,"City Center, Gwalior - MPPCB","29-07-2026 14:00:00",26.203442,78.193251,NO2,28,51,46
India,"Madhya Pradesh",Indore,"Regional Park, Indore - IMC","29-07-2026 14:00:00",22.678,75.8559,CO,NA,NA,NA
India,"Madhya Pradesh",Indore,"Airport Area, Indore - IMC","29-07-2026 14:00:00",22.7289,75.8076,SO2,8,9,9
India,"Madhya Pradesh",Indore,"Airport Area, Indore - IMC","29-07-2026 14:00:00",22.7289,75.8076,CO,27,38,35
India,"Madhya Pradesh",Indore,"Residency Area, Indore - IMC","29-07-2026 14:00:00",22.7084,75.8815,PM2.5,28,41,36
India,"Madhya Pradesh",Indore,"Residency Area, Indore - IMC","29-07-2026 14:00:00",22.7084,75.8815,NO2,NA,NA,NA
India,"Madhya Pradesh",Indore,"Residency Area, Indore - IMC","29-07-2026 14:00:00",22.7084,75.8815,NH3,0,0,0
India,"Madhya Pradesh",Indore,"Residency Area, Indore - IMC","29-07-2026 14:00:00",22.7084,75.8815,CO,1,6,3
India,"Madhya Pradesh",Indore,"Residency Area, Indore - IMC","29-07-2026 14:00:00",22.7084,75.8815,OZONE,6,6,6
India,"Madhya Pradesh",Jabalpur,"Marhatal, Jabalpur - MPPCB","29-07-2026 14:00:00",23.168606,79.932247,NH3,2,2,2
India,"Madhya Pradesh",Jabalpur,"Marhatal, Jabalpur - MPPCB","29-07-2026 14:00:00",23.168606,79.932247,CO,14,41,29
India,Maharashtra,Mumbai,"Bandra Kurla Complex, Mumbai - IITM","29-07-2026 14:00:00",19.053536,72.84643,SO2,2,5,4
India,Maharashtra,Mumbai,"Bandra Kurla Complex, Mumbai - MPCB","29-07-2026 14:00:00",19.065931,72.862131,NH3,3,4,4
India,Maharashtra,Mumbai,"Sewri, Mumbai - BMC","29-07-2026 14:00:00",19.000084,72.85673,PM2.5,28,47,35
India,Maharashtra,Mumbai,"Sion, Mumbai - MPCB","29-07-2026 14:00:00",19.047,72.8746,NO2,NA,NA,NA
India,Maharashtra,Mumbai,"Sion, Mumbai - MPCB","29-07-2026 14:00:00",19.047,72.8746,OZONE,NA,NA,NA
India,Maharashtra,Mumbai,"Deonar, Mumbai - IITM","29-07-2026 14:00:00",19.04946,72.923,CO,41,65,53
India,Maharashtra,Mumbai,"Powai, Mumbai - MPCB","29-07-2026 14:00:00",19.1375,72.915056,OZONE,NA,NA,NA
India,Maharashtra,Mumbai,"Ghatkopar, Mumbai - BMC","29-07-2026 14:00:00",19.083694,72.920967,NH3,3,12,4
India,Odisha,Byasanagar,"Ferro Chrome Colony, Byasanagar - OSPCB","29-07-2026 14:00:00",20.94185,86.1151,PM10,13,78,47
India,Odisha,Byasanagar,"Ferro Chrome Colony, Byasanagar - OSPCB","29-07-2026 14:00:00",20.94185,86.1151,NH3,1,1,1
India,Odisha,Cuttack,"CDA Area, Cuttack - OSPCB","29-07-2026 14:00:00",20.48891,85.84768,NH3,0,7,2
India,Odisha,Cuttack,"CDA Area, Cuttack - OSPCB","29-07-2026 14:00:00",20.48891,85.84768,SO2,5,14,9
India,Odisha,Keonjhar,"Jagamohanpur, Keonjhar - OSPCB","29-07-2026 14:00:00",21.6439,85.599355,PM10,20,28,22
India,Odisha,Rairangpur,"Divisional Forest Office, Rairangpur - OSPCB","29-07-2026 14:00:00",22.265816,86.174829,SO2,5,10,7
India,Odisha,Rourkela,"Sector-2, Rourkela - OSPCB","29-07-2026 14:00:00",22.245,84.88111111,PM10,27,42,30
India,Odisha,Rourkela,"Fertilizer Township, Rourkela - OSPCB","29-07-2026 14:00:00",22.18972222,84.86277778,NO2,11,11,11
India,Odisha,Rourkela,"Fertilizer Township, Rourkela - OSPCB","29-07-2026 14:00:00",22.18972222,84.86277778,SO2,10,12,11
India,Odisha,Rourkela,"Raghunathpali, Rourkela - OSPCB","29-07-2026 14:00:00",22.220833,84.809444,CO,21,62,37
India,Odisha,Suakati,"OMC Colony, Suakati - OSPCB","29-07-2026 14:00:00",21.606865,85.510538,CO,6,13,9
India,Odisha,Talcher,"Talcher Coalfields,Talcher - OSPCB","29-07-2026 14:00:00",20.9360711,85.1707021,PM2.5,NA,NA,NA
India,Odisha,Tensa,"Barsua Iron Ore Mines, Tensa - OSPCB","29-07-2026 14:00:00",21.869985,85.167016,NO2,35,398,102
India,Odisha,Tensa,"Barsua Iron Ore Mines, Tensa - OSPCB","29-07-2026 14:00:00",21.869985,85.167016,NH3,0,4,3
India,Puducherry,Puducherry,"Jawahar Nagar, Puducherry - PPCC","29-07-2026 14:00:00",11.9309,79.8027,PM2.5,9,24,17
India,Puducherry,Puducherry,"Jawahar Nagar, Puducherry - PPCC","29-07-2026 14:00:00",11.9309,79.8027,NH3,1,6,3
India,Puducherry,Puducherry,"Jawahar Nagar, Puducherry - PPCC","29-07-2026 14:00:00",11.9309,79.8027,SO2,4,12,8
India,Rajasthan,Alwar,"Vigyan Nagar, Alwar - RSPCB","29-07-2026 14:00:00",27.598796,76.63861,SO2,6,7,6
India,Rajasthan,Banswara,"Rati Talai, Banswara - RSPCB","29-07-2026 14:00:00",23.55519,74.44001,PM10,70,402,174
India,Rajasthan,Banswara,"Rati Talai, Banswara - RSPCB","29-07-2026 14:00:00",23.55519,74.44001,OZONE,22,39,29
India,Rajasthan,Baran,"Bamboliya, Baran - RSPCB","29-07-2026 14:00:00",25.106006,76.469948,NH3,3,5,4
India,Rajasthan,Baran,"Bamboliya, Baran - RSPCB","29-07-2026 14:00:00",25.106006,76.469948,SO2,6,12,9
India,Rajasthan,Barmer,"Railway Colony, Barmer - RSPCB","29-07-2026 14:00:00",25.747299,71.393989,PM2.5,32,78,49
India,Rajasthan,Barmer,"Railway Colony, Barmer - RSPCB","29-07-2026 14:00:00",25.747299,71.393989,SO2,2,3,3
India,Rajasthan,Barmer,"Railway Colony, Barmer - RSPCB","29-07-2026 14:00:00",25.747299,71.393989,OZONE,13,48,26
India,Rajasthan,Bharatpur,"Krishna Nagar, Bharatpur - RSPCB","29-07-2026 14:00:00",27.215415,77.50873,PM2.5,2,20,8
India,Rajasthan,Bharatpur,"Krishna Nagar, Bharatpur - RSPCB","29-07-2026 14:00:00",27.215415,77.50873,SO2,3,5,4
India,Rajasthan,Bhilwara,"Pratap Nagar, Bhilwara - RSPCB","29-07-2026 14:00:00",25.339605,74.618883,PM10,11,145,63
India,Rajasthan,Bhiwadi,"RIICO Ind. Area III, Bhiwadi - RSPCB","29-07-2026 14:00:00",28.194909,76.862296,PM10,41,112,77
India,Rajasthan,Bhiwadi,"Vasundhara Nagar_UIT, Bhiwadi - RSPCB","29-07-2026 14:00:00",28.207266,76.829265,PM2.5,18,392,77
India,Rajasthan,Bhiwadi,"Vasundhara Nagar_UIT, Bhiwadi - RSPCB","29-07-2026 14:00:00",28.207266,76.829265,PM10,27,462,99
India,Rajasthan,Bhiwadi,"Vasundhara Nagar_UIT, Bhiwadi - RSPCB","29-07-2026 14:00:00",28.207266,76.829265,NO2,12,49,24
India,Rajasthan,Bundi,"New Colony, Bundi - RSPCB","29-07-2026 14:00:00",25.435774,75.644272,NH3,6,9,7
India,Maharashtra,Thane,"Upvan Fort, Thane - MPCB","29-07-2026 14:00:00",19.222279,72.957979,PM2.5,8,31,22
India,Maharashtra,Thane,"Upvan Fort, Thane - MPCB","29-07-2026 14:00:00",19.222279,72.957979,PM10,30,60,50
India,Maharashtra,Thane,"Kasarvadavali, Thane - MPCB","29-07-2026 14:00:00",19.26777,72.97182,CO,17,22,20
India,Maharashtra,Ulhasnagar,"Sidhi Vinayak Nagar, Ulhasnagar - MPCB","29-07-2026 14:00:00",19.235581,73.159121,NO2,4,8,6
India,Maharashtra,Ulhasnagar,"Sidhi Vinayak Nagar, Ulhasnagar - MPCB","29-07-2026 14:00:00",19.235581,73.159121,NH3,1,3,2
India,Maharashtra,Ulhasnagar,"Sidhi Vinayak Nagar, Ulhasnagar - MPCB","29-07-2026 14:00:00",19.235581,73.159121,OZONE,11,14,13
India,Maharashtra,Ulhasnagar,"Vithalwadi, Ulhasnagar - MPCB","29-07-2026 14:00:00",19.2307571,73.155192,NO2,3,6,5
India,Maharashtra,Ulhasnagar,"Vithalwadi, Ulhasnagar - MPCB","29-07-2026 14:00:00",19.2307571,73.155192,SO2,NA,NA,NA
India,Maharashtra,Virar,"Bolinj, Virar - MPCB","29-07-2026 14:00:00",19.445821,72.7988231,PM2.5,17,31,24
India,Maharashtra,Virar,"Bolinj, Virar - MPCB","29-07-2026 14:00:00",19.445821,72.7988231,OZONE,22,23,23
India,Meghalaya,Byrnihat,"15th Mile-Nongthymmai, Byrnihat -Meghalaya PCB","29-07-2026 14:00:00",26.079047,91.875185,NO2,0,1,0
India,Meghalaya,Shillong,"JN Stadium, Shillong - Meghalaya PCB","29-07-2026 14:00:00",25.5803419,91.8942571,NH3,3,13,7
India,Meghalaya,Shillong,"JN Stadium, Shillong - Meghalaya PCB","29-07-2026 14:00:00",25.5803419,91.8942571,CO,9,14,12
India,Mizoram,Aizawl,"Sikulpuikawn, Aizawl - Mizoram PCB","29-07-2026 14:00:00",23.7176342,92.7192841,PM10,1,24,8
India,Punjab,Amritsar,"Golden Temple, Amritsar - PPCB","29-07-2026 14:00:00",31.62,74.876512,NO2,9,18,14
India,Punjab,Amritsar,"Golden Temple, Amritsar - PPCB","29-07-2026 14:00:00",31.62,74.876512,SO2,10,13,11
India,Punjab,Amritsar,"Golden Temple, Amritsar - PPCB","29-07-2026 14:00:00",31.62,74.876512,OZONE,19,25,21
India,Punjab,Bathinda,"Hardev Nagar, Bathinda - PPCB","29-07-2026 14:00:00",30.233011,74.907758,PM10,22,500,166
India,Punjab,Bathinda,"Hardev Nagar, Bathinda - PPCB","29-07-2026 14:00:00",30.233011,74.907758,SO2,9,24,15
India,Punjab,Bathinda,"Hardev Nagar, Bathinda - PPCB","29-07-2026 14:00:00",30.233011,74.907758,OZONE,NA,NA,NA
India,Punjab,Jalandhar,"Civil Line, Jalandhar - PPCB","29-07-2026 14:00:00",31.321907,75.578914,PM10,54,77,65
India,Punjab,Jalandhar,"Civil Line, Jalandhar - PPCB","29-07-2026 14:00:00",31.321907,75.578914,NH3,5,6,5
India,Punjab,Jalandhar,"Civil Line, Jalandhar - PPCB","29-07-2026 14:00:00",31.321907,75.578914,OZONE,34,43,38
India,Punjab,Patiala,"Model Town, Patiala - PPCB","29-07-2026 14:00:00",30.349388,76.366642,PM10,NA,NA,NA
India,Punjab,Patiala,"Model Town, Patiala - PPCB","29-07-2026 14:00:00",30.349388,76.366642,NH3,NA,NA,NA
India,Punjab,Rupnagar,"Ratanpura, Rupnagar - Ambuja Cements","29-07-2026 14:00:00",31.0325454,76.5623046,PM2.5,0,171,68
India,Rajasthan,Alwar,"Moti Doongri, Alwar - RSPCB","29-07-2026 14:00:00",27.554793,76.611536,NO2,37,88,56
India,Rajasthan,Chittorgarh,"Shastri Nagar, Chittorgarh - RSPCB","29-07-2026 14:00:00",24.892047,74.623527,PM2.5,3,137,51
India,Rajasthan,Chittorgarh,"Shastri Nagar, Chittorgarh - RSPCB","29-07-2026 14:00:00",24.892047,74.623527,NH3,5,10,7
India,Rajasthan,Churu,"Subash Chowk, Churu - RSPCB","29-07-2026 14:00:00",28.296139,74.961696,SO2,4,7,5
India,Rajasthan,Dausa,"Khatikan Mohalla, Dausa - RSPCB","29-07-2026 14:00:00",26.895552,76.334753,CO,27,59,38
India,Rajasthan,Dholpur,"Raja Ganj, Dholpur - RSPCB","29-07-2026 14:00:00",26.699557,77.898881,PM2.5,5,500,172
India,Rajasthan,Dholpur,"Raja Ganj, Dholpur - RSPCB","29-07-2026 14:00:00",26.699557,77.898881,NH3,5,13,8
India,Rajasthan,Dungarpur,"Bhoiwada, Dungarpur - RSPCB","29-07-2026 14:00:00",23.837789,73.714926,PM10,34,113,80
India,Rajasthan,Hanumangarh,"Housing Board, Hanumangarh - RSPCB","29-07-2026 14:00:00",29.61075,74.283608,NH3,5,6,5
India,Rajasthan,Jaipur,"Shastri Nagar, Jaipur - RSPCB","29-07-2026 14:00:00",26.9502929,75.730943,OZONE,27,56,41
India,Rajasthan,Jaipur,"Police Commissionerate, Jaipur - RSPCB","29-07-2026 14:00:00",26.9164092,75.7994901,NO2,15,31,22
India,Rajasthan,Jaipur,"Police Commissionerate, Jaipur - RSPCB","29-07-2026 14:00:00",26.9164092,75.7994901,CO,23,71,43
India,Maharashtra,Pimpri-Chinchwad,"Gavalinagar, Pimpri Chinchwad - MPCB","29-07-2026 14:00:00",18.63673,73.82487,SO2,1,1,1
India,Maharashtra,Pune,"Panchawati_Pashan, Pune - IITM","29-07-2026 14:00:00",18.536457,73.805454,OZONE,3,6,5
India,Maharashtra,Pune,"Katraj Dairy, Pune - MPCB","29-07-2026 14:00:00",18.45445,73.854155,PM10,25,70,44
India,Maharashtra,Pune,"Katraj Dairy, Pune - MPCB","29-07-2026 14:00:00",18.45445,73.854155,SO2,1,3,3
India,Maharashtra,Pune,"Revenue Colony-Shivajinagar, Pune - IITM","29-07-2026 14:00:00",18.530085,73.849598,NH3,NA,NA,NA
India,Maharashtra,Pune,"Revenue Colony-Shivajinagar, Pune - IITM","29-07-2026 14:00:00",18.530085,73.849598,SO2,1,18,10
India,Maharashtra,Sangli,"Vijay Nagar, Sangli - MPCB","29-07-2026 14:00:00",16.5038,74.3623,PM2.5,18,32,23
India,Maharashtra,Satara,"Koyana Nagar, Satara - MPCB","29-07-2026 14:00:00",17.696651,74.003387,PM2.5,2,304,41
India,Maharashtra,Satara,"Koyana Nagar, Satara - MPCB","29-07-2026 14:00:00",17.696651,74.003387,NO2,0,13,6
India,Maharashtra,Satara,"Koyana Nagar, Satara - MPCB","29-07-2026 14:00:00",17.696651,74.003387,CO,16,23,20
India,Maharashtra,Solapur,"Dnyaneshwar Nagar, Solapur - MPCB","29-07-2026 14:00:00",17.6336264,75.9132495,PM2.5,7,33,17
India,Maharashtra,Solapur,"Dnyaneshwar Nagar, Solapur - MPCB","29-07-2026 14:00:00",17.6336264,75.9132495,NH3,6,12,8
India,Maharashtra,Nagpur,"Ram Nagar, Nagpur - MPCB","29-07-2026 14:00:00",21.143383,79.048912,OZONE,4,6,5
India,Maharashtra,Nagpur,"Mahal, Nagpur - MPCB","29-07-2026 14:00:00",21.14472,79.107595,NH3,2,6,3
India,Maharashtra,Nagpur,"Mahal, Nagpur - MPCB","29-07-2026 14:00:00",21.14472,79.107595,OZONE,6,12,8
India,Maharashtra,Nagpur,"Opp GPO Civil Lines, Nagpur - MPCB","29-07-2026 14:00:00",21.152875,79.0517531,PM10,8,43,23
India,Maharashtra,Nagpur,"Opp GPO Civil Lines, Nagpur - MPCB","29-07-2026 14:00:00",21.152875,79.0517531,SO2,3,5,4
India,Maharashtra,Nanded,"Sneh Nagar, Nanded - MPCB","29-07-2026 14:00:00",19.173852,77.296291,NH3,4,5,4
India,Maharashtra,Nashik,"Pandav Nagari, Nashik - MPCB","29-07-2026 14:00:00",19.9591346,73.7788008,OZONE,11,19,16
India,Maharashtra,Nashik,"MIDC Ambad, Nashik - MPCB","29-07-2026 14:00:00",19.95022,73.73148,PM10,41,83,63
India,Maharashtra,Nashik,"MIDC Ambad, Nashik - MPCB","29-07-2026 14:00:00",19.95022,73.73148,OZONE,11,15,14
India,Maharashtra,"Navi Mumbai","Sanpada, Navi Mumbai - MPCB","29-07-2026 14:00:00",19.0575752,73.0151367,OZONE,6,15,12
India,Maharashtra,"Navi Mumbai","Sector-2E Kalamboli, Navi Mumbai - MPCB","29-07-2026 14:00:00",19.02579,73.10297,PM10,22,44,32
India,Maharashtra,"Navi Mumbai","Sector-2E Kalamboli, Navi Mumbai - MPCB","29-07-2026 14:00:00",19.02579,73.10297,CO,14,21,16
India,Maharashtra,"Navi Mumbai","Nerul, Navi Mumbai - MPCB","29-07-2026 14:00:00",19.008751,73.01662,SO2,NA,NA,NA
India,Maharashtra,"Navi Mumbai","Nerul, Navi Mumbai - MPCB","29-07-2026 14:00:00",19.008751,73.01662,OZONE,NA,NA,NA
India,Maharashtra,"Navi Mumbai","Mahape, Navi Mumbai - MPCB","29-07-2026 14:00:00",19.1135051,73.008978,NO2,42,44,43
India,Maharashtra,"Navi Mumbai","Mahape, Navi Mumbai - MPCB","29-07-2026 14:00:00",19.1135051,73.008978,NH3,1,1,1
India,Maharashtra,"Navi Mumbai","Mahape, Navi Mumbai - MPCB","29-07-2026 14:00:00",19.1135051,73.008978,CO,60,60,60
India,Maharashtra,"Navi Mumbai","Tondare-Taloja, Navi Mumbai - MPCB","29-07-2026 14:00:00",19.063,73.1209,SO2,0,9,7
India,Maharashtra,Parbhani,"Masoom Colony, Parbhani - MPCB","29-07-2026 14:00:00",19.265594,76.761463,PM2.5,11,30,17
India,Maharashtra,Parbhani,"Masoom Colony, Parbhani - MPCB","29-07-2026 14:00:00",19.265594,76.761463,SO2,0,3,2
India,Maharashtra,Pimpri-Chinchwad,"Transport Nagar-Nigdi, Pune - IITM","29-07-2026 14:00:00",18.664282,73.763966,NO2,21,37,26
India,Maharashtra,Pimpri-Chinchwad,"Transport Nagar-Nigdi, Pune - IITM","29-07-2026 14:00:00",18.664282,73.763966,NH3,NA,NA,NA
India,Maharashtra,Pimpri-Chinchwad,"Bhosari, Pune - IITM","29-07-2026 14:00:00",18.640051,73.848956,NO2,15,38,28
India,Maharashtra,Pimpri-Chinchwad,"Park Street Wakad, Pimpri Chinchwad - MPCB","29-07-2026 14:00:00",18.59051,73.77946,PM10,19,41,26
India,Nagaland,Kohima,"PWD Junction, Kohima - NPCB","29-07-2026 14:00:00",25.6635413,94.0989878,OZONE,NA,NA,NA
India,Odisha,Balasore,"Kalidaspur, Balasore - OSPCB","29-07-2026 14:00:00",21.51161,86.89088,NH3,3,4,4
India,Odisha,Balasore,"Kalidaspur, Balasore - OSPCB","29-07-2026 14:00:00",21.51161,86.89088,OZONE,21,45,35
India,Odisha,Barbil,"Forest Office, Barbil - OSPCB","29-07-2026 14:00:00",22.1166054,85.3945546,PM2.5,2,30,14
India,Odisha,Barbil,"Forest Office, Barbil - OSPCB","29-07-2026 14:00:00",22.1166054,85.3945546,PM10,9,45,23
India,Odisha,Barbil,"Forest Office, Barbil - OSPCB","29-07-2026 14:00:00",22.1166054,85.3945546,SO2,3,7,6
India,Odisha,Bhubaneswar,"Lingraj Mandir, Bhubaneswar - OSPCB","29-07-2026 14:00:00",20.24079,85.836784,OZONE,24,46,32
India,Odisha,Bhubaneswar,"Patia, Bhubaneswar - OSPCB","29-07-2026 14:00:00",20.34652,85.8163,NO2,5,8,6
India,Odisha,Bileipada,"Tata Township, Bileipada - OSPCB","29-07-2026 14:00:00",22.06156703,85.47409613,NO2,13,14,13
India,Odisha,Brajrajnagar,"GM Office, Brajrajnagar - OSPCB","29-07-2026 14:00:00",21.8004996,83.8396977,NO2,28,34,31
India,"Uttar Pradesh",Kanpur,"Nehru Nagar, Kanpur - UPPCB","29-07-2026 14:00:00",26.4703136,80.3229863,SO2,10,12,11
India,"Uttar Pradesh",Kanpur,"NSI Kalyanpur, Kanpur - UPPCB","29-07-2026 14:00:00",26.509954,80.249612,PM2.5,8,44,17
India,"Uttar Pradesh",Kanpur,"NSI Kalyanpur, Kanpur - UPPCB","29-07-2026 14:00:00",26.509954,80.249612,NO2,31,31,31
India,"Uttar Pradesh",Kanpur,"NSI Kalyanpur, Kanpur - UPPCB","29-07-2026 14:00:00",26.509954,80.249612,OZONE,19,20,20
India,"Uttar Pradesh",Khora,"Prashant Garden, Khora - UPPCB","29-07-2026 14:00:00",28.61119,77.34206,NH3,8,10,9
India,"Uttar Pradesh",Khurja,"Kalindi Kunj, Khurja - UPPCB","29-07-2026 14:00:00",28.2348927,77.8683002,PM2.5,11,34,23
India,"Uttar Pradesh",Lucknow,"Gomti Nagar, Lucknow - UPPCB","29-07-2026 14:00:00",26.86812,81.005119,PM2.5,20,145,54
India,"Uttar Pradesh",Lucknow,"Gomti Nagar, Lucknow - UPPCB","29-07-2026 14:00:00",26.86812,81.005119,NH3,NA,NA,NA
India,"Uttar Pradesh",Lucknow,"Gomti Nagar, Lucknow - UPPCB","29-07-2026 14:00:00",26.86812,81.005119,CO,39,42,40
India,"Uttar Pradesh",Lucknow,"Lalbagh, Lucknow - CPCB","29-07-2026 14:00:00",26.8458805,80.9365541,PM2.5,15,70,48
India,"Uttar Pradesh",Lucknow,"Lalbagh, Lucknow - CPCB","29-07-2026 14:00:00",26.8458805,80.9365541,NH3,10,17,13
India,"Uttar Pradesh",Lucknow,"Kukrail Picnic Spot-1, Lucknow - UPPCB","29-07-2026 14:00:00",26.90723,80.98579,PM2.5,13,44,28
India,"Uttar Pradesh",Lucknow,"B R Ambedkar University, Lucknow - UPPCB","29-07-2026 14:00:00",26.766433,80.927299,CO,23,27,25
India,"Uttar Pradesh",Lucknow,"B R Ambedkar University, Lucknow - UPPCB","29-07-2026 14:00:00",26.766433,80.927299,OZONE,18,48,30
India,"Uttar Pradesh",Lucknow,"Kendriya Vidyalaya, Lucknow - CPCB","29-07-2026 14:00:00",26.906111,80.948222,PM10,11,39,29
India,"Uttar Pradesh",Lucknow,"Kendriya Vidyalaya, Lucknow - CPCB","29-07-2026 14:00:00",26.906111,80.948222,SO2,4,10,7
India,"Uttar Pradesh",Lucknow,"Talkatora District Industries Center, Lucknow - CPCB","29-07-2026 14:00:00",26.83399722,80.8917361,PM2.5,33,73,53
India,"Uttar Pradesh",Lucknow,"Talkatora District Industries Center, Lucknow - CPCB","29-07-2026 14:00:00",26.83399722,80.8917361,PM10,42,66,56
India,"Uttar Pradesh",Lucknow,"Talkatora District Industries Center, Lucknow - CPCB","29-07-2026 14:00:00",26.83399722,80.8917361,OZONE,11,74,41
India,Rajasthan,Karauli,"Satyawati Vihar, Karauli - RSPCB","29-07-2026 14:00:00",26.506177,77.025989,PM2.5,2,27,10
India,Rajasthan,Karauli,"Satyawati Vihar, Karauli - RSPCB","29-07-2026 14:00:00",26.506177,77.025989,SO2,3,19,9
India,Rajasthan,Karauli,"Satyawati Vihar, Karauli - RSPCB","29-07-2026 14:00:00",26.506177,77.025989,CO,2,23,17
India,Rajasthan,Kota,"Nayapura, Kota - RSPCB","29-07-2026 14:00:00",25.196024,75.855668,PM10,23,62,40
India,Rajasthan,Kota,"Nayapura, Kota - RSPCB","29-07-2026 14:00:00",25.196024,75.855668,NO2,12,32,21
India,Rajasthan,Kota,"Nayapura, Kota - RSPCB","29-07-2026 14:00:00",25.196024,75.855668,NH3,3,4,3
India,Rajasthan,Kota,"Nayapura, Kota - RSPCB","29-07-2026 14:00:00",25.196024,75.855668,CO,16,27,21
India,Rajasthan,Kota,"Dhanmandi, Kota - RSPCB","29-07-2026 14:00:00",25.16409,75.858137,CO,13,18,15
India,Rajasthan,Nagaur,"Karni Colony, Nagaur - RSPCB","29-07-2026 14:00:00",27.213494,73.734444,NH3,3,14,5
India,Rajasthan,Nagaur,"Karni Colony, Nagaur - RSPCB","29-07-2026 14:00:00",27.213494,73.734444,CO,13,25,19
India,Rajasthan,Pali,"Indira Colony Vistar, Pali - RSPCB","29-07-2026 14:00:00",25.771061,73.340227,CO,20,65,47
India,Rajasthan,Pali,"Indira Colony Vistar, Pali - RSPCB","29-07-2026 14:00:00",25.771061,73.340227,OZONE,8,23,13
India,Rajasthan,Pratapgarh,"Pragati Nagar, Pratapgarh - RSPCB","29-07-2026 14:00:00",24.041198,74.780702,PM10,68,99,82
India,Rajasthan,Pratapgarh,"Pragati Nagar, Pratapgarh - RSPCB","29-07-2026 14:00:00",24.041198,74.780702,NH3,3,4,3
India,Rajasthan,Pratapgarh,"Pragati Nagar, Pratapgarh - RSPCB","29-07-2026 14:00:00",24.041198,74.780702,OZONE,27,46,37
India,Rajasthan,Rajsamand,"Dhoinda, Rajsamand - RSPCB","29-07-2026 14:00:00",25.03636,73.883502,PM2.5,5,120,46
India,Rajasthan,Rajsamand,"Dhoinda, Rajsamand - RSPCB","29-07-2026 14:00:00",25.03636,73.883502,PM10,34,107,80
India,Rajasthan,"Sawai Madhopur","Sahu Nagar, Sawai Madhopur - RSPCB","29-07-2026 14:00:00",26.031443,76.359327,NO2,9,24,14
India,Rajasthan,"Sawai Madhopur","Sahu Nagar, Sawai Madhopur - RSPCB","29-07-2026 14:00:00",26.031443,76.359327,OZONE,12,38,26
India,Rajasthan,Sikar,"Radhakishan Pura, Sikar - RSPCB","29-07-2026 14:00:00",27.608912,75.153302,SO2,2,5,3
India,Rajasthan,Sirohi,"Vedhaynath Colony, Sirohi - RSPCB","29-07-2026 14:00:00",24.885261,72.857549,OZONE,10,25,18
India,Rajasthan,"Sri Ganganagar","Old City, Sri Ganganagar - RSPCB","29-07-2026 14:00:00",29.931624,73.864511,NH3,2,7,4
India,Rajasthan,"Sri Ganganagar","Old City, Sri Ganganagar - RSPCB","29-07-2026 14:00:00",29.931624,73.864511,SO2,1,5,3
India,Rajasthan,"Sri Ganganagar","Old City, Sri Ganganagar - RSPCB","29-07-2026 14:00:00",29.931624,73.864511,CO,4,21,10
India,Rajasthan,Tonk,"Shastri Nagar, Tonk - RSPCB","29-07-2026 14:00:00",26.159933,75.780517,PM2.5,NA,NA,NA
India,Rajasthan,Tonk,"Shastri Nagar, Tonk - RSPCB","29-07-2026 14:00:00",26.159933,75.780517,NH3,4,7,5
India,Rajasthan,Tonk,"Shastri Nagar, Tonk - RSPCB","29-07-2026 14:00:00",26.159933,75.780517,SO2,2,7,4
India,Rajasthan,Udaipur,"Ashok Nagar, Udaipur - RSPCB","29-07-2026 14:00:00",24.5886166,73.6321397,NH3,1,32,7
India,Rajasthan,Udaipur,"Ashok Nagar, Udaipur - RSPCB","29-07-2026 14:00:00",24.5886166,73.6321397,CO,14,36,22
India,Sikkim,Gangtok,"Zero Point GICI, Gangtok - SSPCB","29-07-2026 14:00:00",27.33853,88.614099,SO2,1,1,1
India,"Tamil Nadu",Chennai,"Royapuram, Chennai - TNPCB","29-07-2026 14:00:00",13.1036,80.2909,PM2.5,NA,NA,NA
India,"Tamil Nadu",Chennai,"Royapuram, Chennai - TNPCB","29-07-2026 14:00:00",13.1036,80.2909,NO2,NA,NA,NA
India,"Tamil Nadu",Chennai,"Royapuram, Chennai - TNPCB","29-07-2026 14:00:00",13.1036,80.2909,NH3,NA,NA,NA
India,"Tamil Nadu",Chennai,"Royapuram, Chennai - TNPCB","29-07-2026 14:00:00",13.1036,80.2909,CO,51,58,54
India,"Tamil Nadu",Chennai,"Velachery Res. Area, Chennai - CPCB","29-07-2026 14:00:00",13.0052189,80.2398125,PM10,84,111,100
India,"Tamil Nadu",Chennai,"Velachery Res. Area, Chennai - CPCB","29-07-2026 14:00:00",13.0052189,80.2398125,SO2,4,6,5
India,"Tamil Nadu",Chennai,"Velachery Res. Area, Chennai - CPCB","29-07-2026 14:00:00",13.0052189,80.2398125,OZONE,9,14,11
India,"Tamil Nadu",Chennai,"Manali, Chennai - CPCB","29-07-2026 14:00:00",13.164544,80.26285,NO2,7,10,10
India,"Tamil Nadu",Chennai,"Kodungaiyur, Chennai - TNPCB","29-07-2026 14:00:00",13.1278,80.2642,PM10,46,94,68
India,"Uttar Pradesh",Bareilly,"Rajendra Nagar, Bareilly - UPPCB","29-07-2026 14:00:00",28.38910936,79.42963708,PM10,42,74,57
India,"Uttar Pradesh",Bareilly,"Rajendra Nagar, Bareilly - UPPCB","29-07-2026 14:00:00",28.38910936,79.42963708,NO2,7,12,9
India,"Uttar Pradesh",Bulandshahr,"Yamunapuram, Bulandshahr - UPPCB","29-07-2026 14:00:00",28.406963,77.849831,PM10,6,63,37
India,"Uttar Pradesh",Bulandshahr,"Yamunapuram, Bulandshahr - UPPCB","29-07-2026 14:00:00",28.406963,77.849831,NH3,5,29,14
India,"Uttar Pradesh","Fatehpur Sikri","Dadupura, Fatehpur Sikri - UPPCB","29-07-2026 14:00:00",27.097694,77.671335,PM2.5,12,24,23
India,"Uttar Pradesh","Fatehpur Sikri","Dadupura, Fatehpur Sikri - UPPCB","29-07-2026 14:00:00",27.097694,77.671335,NH3,2,2,2
India,"Uttar Pradesh","Fatehpur Sikri","Dadupura, Fatehpur Sikri - UPPCB","29-07-2026 14:00:00",27.097694,77.671335,OZONE,4,38,16
India,"Uttar Pradesh",Firozabad,"Nagla Bhau, Firozabad - UPPCB","29-07-2026 14:00:00",27.168897,78.37696,PM10,12,46,30
India,"Uttar Pradesh",Firozabad,"Nagla Bhau, Firozabad - UPPCB","29-07-2026 14:00:00",27.168897,78.37696,CO,5,28,21
India,"Uttar Pradesh",Gajraula,"Rajanpur, Gajraula - UPPCB","29-07-2026 14:00:00",28.829109,78.248796,NH3,0,3,2
India,"Uttar Pradesh",Gajraula,"Rajanpur, Gajraula - UPPCB","29-07-2026 14:00:00",28.829109,78.248796,CO,8,27,13
India,"Uttar Pradesh",Ghaziabad,"Indirapuram, Ghaziabad - UPPCB","29-07-2026 14:00:00",28.646233,77.358075,NO2,45,109,75
India,"Uttar Pradesh",Ghaziabad,"Sanjay Nagar, Ghaziabad - UPPCB","29-07-2026 14:00:00",28.685382,77.453839,NH3,3,12,5
India,"Uttar Pradesh",Ghaziabad,"Sanjay Nagar, Ghaziabad - UPPCB","29-07-2026 14:00:00",28.685382,77.453839,CO,16,48,30
India,"Uttar Pradesh",Ghaziabad,"Vasundhara, Ghaziabad - UPPCB","29-07-2026 14:00:00",28.6603346,77.3572563,NO2,46,100,66
India,"Uttar Pradesh",Ghaziabad,"Vasundhara, Ghaziabad - UPPCB","29-07-2026 14:00:00",28.6603346,77.3572563,SO2,10,15,13
India,"Uttar Pradesh",Ghaziabad,"Vasundhara, Ghaziabad - UPPCB","29-07-2026 14:00:00",28.6603346,77.3572563,CO,18,25,22
India,"Uttar Pradesh",Ghaziabad,"Loni, Ghaziabad - UPPCB","29-07-2026 14:00:00",28.757294,77.278792,NH3,1,9,5
India,Telangana,Hyderabad,"IDA Pashamylaram, Hyderabad - TSPCB","29-07-2026 14:00:00",17.5316895,78.218939,OZONE,23,28,27
India,Telangana,Hyderabad,"IITH Kandi, Hyderabad - TSPCB","29-07-2026 14:00:00",17.585705,78.126199,PM2.5,NA,NA,NA
India,Telangana,Hyderabad,"IITH Kandi, Hyderabad - TSPCB","29-07-2026 14:00:00",17.585705,78.126199,PM10,NA,NA,NA
India,"Uttar Pradesh",Agra,"Shastripuram, Agra - UPPCB","29-07-2026 14:00:00",27.19862,77.92066,NO2,44,44,44
India,"Uttar Pradesh",Agra,"Manoharpur, Agra - UPPCB","29-07-2026 14:00:00",27.23711,78.01936,OZONE,5,31,11
India,"Uttar Pradesh",Agra,"Shahjahan Garden, Agra - UPPCB","29-07-2026 14:00:00",27.169338,78.03582,SO2,60,82,66
India,"Uttar Pradesh",Agra,"Shahjahan Garden, Agra - UPPCB","29-07-2026 14:00:00",27.169338,78.03582,CO,21,21,21
India,"Uttar Pradesh",Agra,"Sanjay Palace, Agra - UPPCB","29-07-2026 14:00:00",27.19865833,78.00598056,NO2,NA,NA,NA
India,"Uttar Pradesh",Agra,"Sanjay Palace, Agra - UPPCB","29-07-2026 14:00:00",27.19865833,78.00598056,CO,33,34,33
India,"Uttar Pradesh",Agra,"Sector-3B Avas Vikas Colony, Agra - UPPCB","29-07-2026 14:00:00",27.19412,77.96237,NH3,8,10,9
India,"Uttar Pradesh",Agra,"Rohta, Agra - UPPCB","29-07-2026 14:00:00",27.106972,78.000111,NO2,18,18,18
India,"Uttar Pradesh",Baghpat,"Sardar Patel Inter College, Baghpat - UPPCB","29-07-2026 14:00:00",28.964949,77.278761,CO,14,19,17
India,"Uttar Pradesh",Baghpat,"Sardar Patel Inter College, Baghpat - UPPCB","29-07-2026 14:00:00",28.964949,77.278761,OZONE,7,63,44
India,"Tamil Nadu",Chennai,"Kodungaiyur, Chennai - TNPCB","29-07-2026 14:00:00",13.1278,80.2642,OZONE,30,35,32
India,"Tamil Nadu",Chennai,"Perungudi, Chennai - TNPCB","29-07-2026 14:00:00",12.9533,80.2357,PM2.5,7,406,39
India,"Tamil Nadu",Chennai,"Perungudi, Chennai - TNPCB","29-07-2026 14:00:00",12.9533,80.2357,NO2,6,14,8
India,"Tamil Nadu",Chennai,"Perungudi, Chennai - TNPCB","29-07-2026 14:00:00",12.9533,80.2357,OZONE,0,6,2
India,"Tamil Nadu",Coimbatore,"SIDCO Kurichi, Coimbatore - TNPCB","29-07-2026 14:00:00",10.942451,76.978996,SO2,24,27,25
India,"Tamil Nadu",Cuddalore,"Semmandalam, Cuddalore - TNPCB","29-07-2026 14:00:00",11.7637683,79.7499835,NH3,6,6,6
India,"Tamil Nadu",Cuddalore,"Kudikadu, Cuddalore - TNPCB","29-07-2026 14:00:00",11.6829898,79.7532099,CO,NA,NA,NA
India,"Tamil Nadu",Madurai,"Uchapatti, Madurai - TNPCB","29-07-2026 14:00:00",9.865935,78.022669,CO,13,13,13
India,"Tamil Nadu",Thoothukudi,"Meelavittan, Thoothukudi - TNPCB","29-07-2026 14:00:00",8.816428,78.099039,NO2,14,20,16
India,"Tamil Nadu",Thoothukudi,"Meelavittan, Thoothukudi - TNPCB","29-07-2026 14:00:00",8.816428,78.099039,SO2,4,17,11
India,Telangana,Hyderabad,"Kokapet, Hyderabad - TSPCB","29-07-2026 14:00:00",17.393559,78.339194,PM2.5,34,47,38
India,Telangana,Hyderabad,"ECIL Kapra, Hyderabad - TSPCB","29-07-2026 14:00:00",17.470431,78.566959,SO2,NA,NA,NA
India,Rajasthan,Jaipur,"Adarsh Nagar, Jaipur - RSPCB","29-07-2026 14:00:00",26.902909,75.836858,NH3,9,14,10
India,Rajasthan,Jaisalmer,"Sadar Bazar, Jaisalmer - RSPCB","29-07-2026 14:00:00",26.912329,70.909168,NH3,NA,NA,NA
India,Rajasthan,Jhunjhunu,"Indra Nagar, Jhunjhunu - RSPCB","29-07-2026 14:00:00",28.108988,75.386577,PM2.5,5,42,20
India,Rajasthan,Jhunjhunu,"Indra Nagar, Jhunjhunu - RSPCB","29-07-2026 14:00:00",28.108988,75.386577,OZONE,59,111,82
India,Rajasthan,Jodhpur,"Mandor, Jodhpur - RSPCB","29-07-2026 14:00:00",26.358805,73.047444,PM2.5,28,60,45
India,Rajasthan,Jodhpur,"Mandor, Jodhpur - RSPCB","29-07-2026 14:00:00",26.358805,73.047444,NO2,2,19,8
India,Rajasthan,Jodhpur,"Mandor, Jodhpur - RSPCB","29-07-2026 14:00:00",26.358805,73.047444,NH3,3,20,6
India,Rajasthan,Jodhpur,"Mandor, Jodhpur - RSPCB","29-07-2026 14:00:00",26.358805,73.047444,SO2,2,5,2
India,Rajasthan,Jodhpur,"Digari Kalan, Jodhpur - RSPCB","29-07-2026 14:00:00",26.29581,73.082283,PM2.5,25,58,37
India,Rajasthan,Jodhpur,"Digari Kalan, Jodhpur - RSPCB","29-07-2026 14:00:00",26.29581,73.082283,CO,10,15,13
India,Rajasthan,Jodhpur,"Collectorate, Jodhpur - RSPCB","29-07-2026 14:00:00",26.268249,73.0193853,PM2.5,52,78,63
India,Rajasthan,Jodhpur,"Collectorate, Jodhpur - RSPCB","29-07-2026 14:00:00",26.268249,73.0193853,SO2,1,12,6
India,Rajasthan,Jodhpur,"Jhalamand, Jodhpur - RSPCB","29-07-2026 14:00:00",26.215415,73.070156,PM10,80,145,107
India,"Uttar Pradesh",Ghaziabad,"Wave City, Ghaziabad - UPPCB","29-07-2026 14:00:00",28.646675,77.489049,NO2,NA,NA,NA
India,"Uttar Pradesh",Ghaziabad,"Govindpuram, Ghaziabad - UPPCB","29-07-2026 14:00:00",28.694528,77.494705,NH3,5,5,5
India,"Uttar Pradesh",Ghaziabad,"Govindpuram, Ghaziabad - UPPCB","29-07-2026 14:00:00",28.694528,77.494705,SO2,2,4,3
India,"Uttar Pradesh",Gorakhpur,"Madan Mohan Malaviya University of Technology, Gorakhpur - UPPCB","29-07-2026 14:00:00",26.730136,83.433859,SO2,42,45,43
India,"Uttar Pradesh","Greater Noida","Knowledge Park - V, Greater Noida - UPPCB","29-07-2026 14:00:00",28.557054,77.453663,NH3,5,6,6
India,"Uttar Pradesh","Greater Noida","Knowledge Park - III, Greater Noida - UPPCB","29-07-2026 14:00:00",28.47272,77.482,NO2,12,54,31
India,"Uttar Pradesh",Jhansi,"Shivaji Nagar, Jhansi - UPPCB","29-07-2026 14:00:00",25.4547,78.6039,PM10,19,68,42
India,"Uttar Pradesh",Jhansi,"Shivaji Nagar, Jhansi - UPPCB","29-07-2026 14:00:00",25.4547,78.6039,OZONE,6,7,7
India,Telangana,Hyderabad,"Ramachandrapuram, Hyderabad - TSPCB","29-07-2026 14:00:00",17.528544,78.286195,PM2.5,27,43,32
India,Telangana,Hyderabad,"Ramachandrapuram, Hyderabad - TSPCB","29-07-2026 14:00:00",17.528544,78.286195,PM10,41,70,49
India,Telangana,Hyderabad,"Sanathnagar, Hyderabad - TSPCB","29-07-2026 14:00:00",17.4559458,78.4332152,NO2,31,100,51
India,Telangana,Hyderabad,"Sanathnagar, Hyderabad - TSPCB","29-07-2026 14:00:00",17.4559458,78.4332152,SO2,NA,NA,NA
India,Telangana,Hyderabad,"Sanathnagar, Hyderabad - TSPCB","29-07-2026 14:00:00",17.4559458,78.4332152,OZONE,18,93,37
India,Telangana,Hyderabad,"Zoo Park, Hyderabad - TSPCB","29-07-2026 14:00:00",17.349694,78.451437,NO2,5,9,8
India,Telangana,Hyderabad,"Zoo Park, Hyderabad - TSPCB","29-07-2026 14:00:00",17.349694,78.451437,NH3,2,2,2
India,Telangana,Hyderabad,"Zoo Park, Hyderabad - TSPCB","29-07-2026 14:00:00",17.349694,78.451437,CO,57,83,71
India,Telangana,Hyderabad,"Nacharam_TSIIC IALA, Hyderabad - TSPCB","29-07-2026 14:00:00",17.429398,78.569354,PM10,52,63,57
India,Telangana,Hyderabad,"New Malakpet, Hyderabad - TSPCB","29-07-2026 14:00:00",17.37206,78.50864,NH3,2,3,2
India,"Uttar Pradesh",Meerut,"Pallavpuram Phase 2, Meerut - UPPCB","29-07-2026 14:00:00",29.06351,77.709723,PM2.5,43,156,78
India,"Uttar Pradesh",Meerut,"Ganga Nagar, Meerut - UPPCB","29-07-2026 14:00:00",28.999264,77.7590354,NO2,28,46,36
India,"Uttar Pradesh",Meerut,"Ganga Nagar, Meerut - UPPCB","29-07-2026 14:00:00",28.999264,77.7590354,CO,44,49,47
India,"Uttar Pradesh",Meerut,"MIET College, Meerut - UPPCB","29-07-2026 14:00:00",28.972677,77.641018,PM2.5,26,119,81
India,"Uttar Pradesh",Meerut,"MIET College, Meerut - UPPCB","29-07-2026 14:00:00",28.972677,77.641018,PM10,52,121,97
India,"Uttar Pradesh",Meerut,"MIET College, Meerut - UPPCB","29-07-2026 14:00:00",28.972677,77.641018,NH3,5,8,7
India,"Uttar Pradesh",Meerut,"MIET College, Meerut - UPPCB","29-07-2026 14:00:00",28.972677,77.641018,OZONE,2,27,15
India,"Uttar Pradesh",Moradabad,"Kashiram Nagar, Moradabad - UPPCB","29-07-2026 14:00:00",28.849399,78.742362,PM2.5,11,48,22
India,"Uttar Pradesh",Moradabad,"Kashiram Nagar, Moradabad - UPPCB","29-07-2026 14:00:00",28.849399,78.742362,NO2,24,25,25
India,"Uttar Pradesh",Moradabad,"Kashiram Nagar, Moradabad - UPPCB","29-07-2026 14:00:00",28.849399,78.742362,NH3,4,4,4
India,"Uttar Pradesh",Moradabad,"Employment Office, Moradabad - UPPCB","29-07-2026 14:00:00",28.88528,78.7388,NO2,23,24,23
India,"Uttar Pradesh",Moradabad,"Employment Office, Moradabad - UPPCB","29-07-2026 14:00:00",28.88528,78.7388,NH3,3,3,3
India,"Uttar Pradesh",Moradabad,"Employment Office, Moradabad - UPPCB","29-07-2026 14:00:00",28.88528,78.7388,OZONE,17,45,28
India,"Uttar Pradesh",Moradabad,"Eco Herbal Park, Moradabad - UPPCB","29-07-2026 14:00:00",28.840739,78.697531,PM2.5,5,95,34
India,"Uttar Pradesh",Moradabad,"Eco Herbal Park, Moradabad - UPPCB","29-07-2026 14:00:00",28.840739,78.697531,CO,14,23,20
India,"Uttar Pradesh",Moradabad,"Buddhi Vihar, Moradabad - UPPCB","29-07-2026 14:00:00",28.83526,78.7446,CO,31,36,34
India,"Uttar Pradesh",Muzaffarnagar,"New Mandi, Muzaffarnagar - UPPCB","29-07-2026 14:00:00",29.4723508,77.7194031,CO,23,46,33
India,"Uttar Pradesh",Noida,"Sector-116, Noida - UPPCB","29-07-2026 14:00:00",28.56923,77.393848,PM10,20,490,138
India,"Uttar Pradesh",Noida,"Sector-116, Noida - UPPCB","29-07-2026 14:00:00",28.56923,77.393848,NO2,30,116,68
India,"Uttar Pradesh",Noida,"Sector-1, Noida - UPPCB","29-07-2026 14:00:00",28.5898,77.3101,PM10,4,84,55
India,"Uttar Pradesh",Noida,"Sector-1, Noida - UPPCB","29-07-2026 14:00:00",28.5898,77.3101,SO2,8,13,11
India,"Uttar Pradesh",Noida,"Sector-1, Noida - UPPCB","29-07-2026 14:00:00",28.5898,77.3101,CO,32,40,36
India,"Uttar Pradesh",Noida,"Sector - 62, Noida - IITM","29-07-2026 14:00:00",28.6245479,77.3577104,CO,31,40,35
India,"Uttar Pradesh",Noida,"Sector - 125, Noida - UPPCB","29-07-2026 14:00:00",28.5447608,77.3231257,NO2,11,56,29
India,"Uttar Pradesh",Noida,"Sector - 125, Noida - UPPCB","29-07-2026 14:00:00",28.5447608,77.3231257,SO2,5,13,8
India,"Uttar Pradesh",Prayagraj,"Nagar Nigam, Prayagraj - UPPCB","29-07-2026 14:00:00",25.44919916,81.82735986,CO,12,14,13
India,"Uttar Pradesh",Prayagraj,"Motilal Nehru NIT, Prayagraj - UPPCB","29-07-2026 14:00:00",25.494,81.863,NO2,12,12,12
India,"Uttar Pradesh",Prayagraj,"Motilal Nehru NIT, Prayagraj - UPPCB","29-07-2026 14:00:00",25.494,81.863,NH3,8,8,8
India,"Uttar Pradesh",Raebareli," Indira Nagar, Raebareli - NTPC Unchahar","29-07-2026 14:00:00",26.207781,81.245571,NO2,NA,NA,NA
India,"Uttar Pradesh",Raebareli," Indira Nagar, Raebareli - NTPC Unchahar","29-07-2026 14:00:00",26.207781,81.245571,OZONE,6,26,18
India,"Uttar Pradesh",Shamli,"New Tehsil, Shamli - UPPCB","29-07-2026 14:00:00",29.4603683,77.3410291,NH3,NA,NA,NA
India,"Uttar Pradesh",Shamli,"New Tehsil, Shamli - UPPCB","29-07-2026 14:00:00",29.4603683,77.3410291,OZONE,33,37,36
India,"Uttar Pradesh",Varanasi,"Ardhali Bazar, Varanasi - UPPCB","29-07-2026 14:00:00",25.3505986,82.9083074,SO2,13,18,16
India,"Uttar Pradesh",Varanasi,"Bhelupur, Varanasi - UPPCB","29-07-2026 14:00:00",25.301778,82.996789,NO2,8,8,8
India,Uttarakhand,Kashipur,"Govt. Girls Inter College, Kashipur - UKPCB","29-07-2026 14:00:00",29.2124114,78.9611753,PM10,NA,NA,NA
India,Uttarakhand,Kashipur,"Govt. Girls Inter College, Kashipur - UKPCB","29-07-2026 14:00:00",29.2124114,78.9611753,NH3,NA,NA,NA
India,Uttarakhand,Rishikesh,"Shivaji Nagar, Rishikesh - UKPCB","29-07-2026 14:00:00",30.075911,78.2859547,PM2.5,2,2,2
India,Uttarakhand,Rishikesh,"Shivaji Nagar, Rishikesh - UKPCB","29-07-2026 14:00:00",30.075911,78.2859547,NO2,7,7,7
India,"West Bengal",Asansol,"Evelyn Lodge, Asansol - WBPCB","29-07-2026 14:00:00",23.697936,86.944395,PM10,18,35,29
India,"West Bengal",Asansol,"Evelyn Lodge, Asansol - WBPCB","29-07-2026 14:00:00",23.697936,86.944395,NH3,4,5,4
India,"West Bengal",Asansol,"Evelyn Lodge, Asansol - WBPCB","29-07-2026 14:00:00",23.697936,86.944395,SO2,75,76,76
India,"West Bengal",Asansol,"Mahabir Colliery, Asansol - WBPCB","29-07-2026 14:00:00",23.618183,87.105718,SO2,1,4,2
India,"West Bengal",Asansol,"Trivenidevi Bhalotia College, Asansol - WBPCB","29-07-2026 14:00:00",23.616515,87.119133,PM2.5,13,56,34
India,"West Bengal",Asansol,"Trivenidevi Bhalotia College, Asansol - WBPCB","29-07-2026 14:00:00",23.616515,87.119133,PM10,7,56,34
India,"West Bengal",Barrackpore,"SVSPA Campus, Barrackpore - WBPCB","29-07-2026 14:00:00",22.7605581,88.3617589,CO,37,40,38
India,"West Bengal",Durgapur,"Mahishkapur Road_B-Zone, Durgapur - WBPCB","29-07-2026 14:00:00",23.567923,87.306843,PM10,7,25,15
India,"West Bengal",Durgapur,"Mahishkapur Road_B-Zone, Durgapur - WBPCB","29-07-2026 14:00:00",23.567923,87.306843,NH3,0,1,0
India,"West Bengal",Durgapur,"Mahishkapur Road_B-Zone, Durgapur - WBPCB","29-07-2026 14:00:00",23.567923,87.306843,CO,NA,NA,NA
India,"West Bengal",Durgapur,"Womens College_City Center, Durgapur - WBPCB","29-07-2026 14:00:00",23.549395,87.300496,CO,12,18,16
India,"West Bengal",Durgapur,"PCBL Residential Complex, Durgapur - WBPCB","29-07-2026 14:00:00",23.508764,87.35444,NH3,7,9,8
India,"West Bengal",Durgapur,"PCBL Residential Complex, Durgapur - WBPCB","29-07-2026 14:00:00",23.508764,87.35444,SO2,11,11,11
India,"West Bengal",Haldia,"Priyambada Housing Estate, Haldia - WBPCB","29-07-2026 14:00:00",22.06047,88.109737,PM10,18,45,34
India,"West Bengal",Howrah,"Padmapukur, Howrah - WBPCB","29-07-2026 14:00:00",22.5687319,88.2797276,NO2,15,53,30
India,"West Bengal",Howrah,"Padmapukur, Howrah - WBPCB","29-07-2026 14:00:00",22.5687319,88.2797276,SO2,4,8,5
India,"West Bengal",Howrah,"Padmapukur, Howrah - WBPCB","29-07-2026 14:00:00",22.5687319,88.2797276,CO,49,88,60
India,"West Bengal",Howrah,"Padmapukur, Howrah - WBPCB","29-07-2026 14:00:00",22.5687319,88.2797276,OZONE,20,29,26
India,"West Bengal",Howrah,"Belur Math, Howrah - WBPCB","29-07-2026 14:00:00",22.629801,88.352017,PM2.5,15,35,22
India,"West Bengal",Howrah,"Belur Math, Howrah - WBPCB","29-07-2026 14:00:00",22.629801,88.352017,OZONE,9,10,9
India,"West Bengal",Howrah,"Botanical Garden, Howrah - WBPCB","29-07-2026 14:00:00",22.554954,88.292568,CO,7,11,9
India,"West Bengal",Howrah,"Botanical Garden, Howrah - WBPCB","29-07-2026 14:00:00",22.554954,88.292568,OZONE,1,7,3
India,"West Bengal",Howrah,"Ghusuri, Howrah - WBPCB","29-07-2026 14:00:00",22.611968,88.347422,NO2,2,55,45
India,"West Bengal",Howrah,"Ghusuri, Howrah - WBPCB","29-07-2026 14:00:00",22.611968,88.347422,SO2,6,9,7
India,"West Bengal",Kolkata,"Ballygunge, Kolkata - WBPCB","29-07-2026 14:00:00",22.5367507,88.3638022,OZONE,13,20,16
India,"West Bengal",Kolkata,"Rabindra Sarobar, Kolkata - WBPCB","29-07-2026 14:00:00",22.51106,88.35142,NH3,6,6,6
India,"West Bengal",Kolkata,"Rabindra Sarobar, Kolkata - WBPCB","29-07-2026 14:00:00",22.51106,88.35142,SO2,6,7,6
India,"West Bengal",Kolkata,"Rabindra Bharati University, Kolkata - WBPCB","29-07-2026 14:00:00",22.627847,88.380669,PM2.5,14,39,25
India,"West Bengal",Kolkata,"Victoria, Kolkata - WBPCB","29-07-2026 14:00:00",22.5448082,88.3403691,NO2,18,29,22
India,"West Bengal",Kolkata,"Victoria, Kolkata - WBPCB","29-07-2026 14:00:00",22.5448082,88.3403691,OZONE,14,35,20
India,"West Bengal",Kolkata,"Bidhannagar, Kolkata - WBPCB","29-07-2026 14:00:00",22.58157048,88.41002457,PM2.5,22,46,30
India,"West Bengal",Siliguri,"Ward-32 Bapupara, Siliguri - WBPCB","29-07-2026 14:00:00",26.6879226,88.4152495,SO2,11,14,13
India,"West Bengal",Siliguri,"Ward-32 Bapupara, Siliguri - WBPCB","29-07-2026 14:00:00",26.6879226,88.4152495,CO,12,38,21
India,"West Bengal",Siliguri,"Ward-32 Bapupara, Siliguri - WBPCB","29-07-2026 14:00:00",26.6879226,88.4152495,OZONE,22,26,23
India,Bihar,Rajgir,"Dangi Tola, Rajgir - BSPCB","29-07-2026 14:00:00",25.0328,85.41948,CO,33,48,42
India,Bihar,Saharsa,"Police Line, Saharsa - BSPCB","29-07-2026 14:00:00",25.892357,86.590325,NO2,6,9,7
India,Bihar,Saharsa,"Police Line, Saharsa - BSPCB","29-07-2026 14:00:00",25.892357,86.590325,SO2,15,18,17
India,Bihar,Saharsa,"Police Line, Saharsa - BSPCB","29-07-2026 14:00:00",25.892357,86.590325,CO,36,39,38
India,Bihar,Samastipur,"DM Office_Kasipur, Samastipur - BSPCB","29-07-2026 14:00:00",25.859655,85.77944,PM2.5,5,83,28
India,Bihar,Samastipur,"DM Office_Kasipur, Samastipur - BSPCB","29-07-2026 14:00:00",25.859655,85.77944,NH3,1,2,1
India,Bihar,Samastipur,"DM Office_Kasipur, Samastipur - BSPCB","29-07-2026 14:00:00",25.859655,85.77944,OZONE,6,6,6
India,Bihar,Siwan,"Chitragupta Nagar, Siwan - BSPCB","29-07-2026 14:00:00",26.2271665,84.3570427,NH3,1,1,1
India,Chandigarh,Chandigarh,"Sector-53, Chandigarh - CPCC","29-07-2026 14:00:00",30.719859,76.738637,OZONE,13,20,17
India,Chandigarh,Chandigarh,"Sector 22, Chandigarh - CPCC","29-07-2026 14:00:00",30.735567,76.775714,SO2,4,6,5
India,Chandigarh,Chandigarh,"Sector-25, Chandigarh - CPCC","29-07-2026 14:00:00",30.751462,76.762879,PM2.5,17,40,26
India,Chandigarh,Chandigarh,"Sector-25, Chandigarh - CPCC","29-07-2026 14:00:00",30.751462,76.762879,SO2,5,9,7
India,Chandigarh,Chandigarh,"Sector-25, Chandigarh - CPCC","29-07-2026 14:00:00",30.751462,76.762879,OZONE,8,27,16
India,Chhattisgarh,Bhilai,"Civic Center, Bhilai - Bhilai Steel Plant","29-07-2026 14:00:00",21.185571,81.343175,SO2,8,11,10
India,Chhattisgarh,Bhilai,"Civic Center, Bhilai - Bhilai Steel Plant","29-07-2026 14:00:00",21.185571,81.343175,CO,20,21,20
India,Chhattisgarh,Bhilai,"32Bungalows, Bhilai - CECB","29-07-2026 14:00:00",21.194815,81.31477,PM2.5,5,19,11
India,Chhattisgarh,Bhilai,"32Bungalows, Bhilai - CECB","29-07-2026 14:00:00",21.194815,81.31477,SO2,4,33,8
India,Chhattisgarh,Bhilai,"Hathkhoj, Bhilai - CECB","29-07-2026 14:00:00",21.224231,81.40835,CO,8,23,13
India,Chhattisgarh,Bilaspur,"Mangala, Bilaspur - NTPC","29-07-2026 14:00:00",22.08815,82.13737,NO2,17,24,22
India,Chhattisgarh,Bilaspur,"Mangala, Bilaspur - NTPC","29-07-2026 14:00:00",22.08815,82.13737,NH3,NA,NA,NA
India,Chhattisgarh,Bilaspur,"Mangala, Bilaspur - NTPC","29-07-2026 14:00:00",22.08815,82.13737,CO,25,45,38
India,Chhattisgarh,Chhal,"Nawapara SECL Colony, Chhal - CECB","29-07-2026 14:00:00",22.118125,83.140608,PM10,23,43,35
India,Bihar,Chhapra,"Darshan Nagar, Chhapra - BSPCB","29-07-2026 14:00:00",25.7808257,84.7446768,PM2.5,60,63,62
India,Bihar,Gaya,"SFTI Kusdihra, Gaya - BSPCB","29-07-2026 14:00:00",24.762518,84.982348,CO,19,27,24
India,Bihar,Gaya,"SFTI Kusdihra, Gaya - BSPCB","29-07-2026 14:00:00",24.762518,84.982348,OZONE,14,30,22
India,Bihar,Gaya,"Collectorate, Gaya - BSPCB","29-07-2026 14:00:00",24.7955,84.9994,OZONE,28,28,28
India,Bihar,Gaya,"Kareemganj, Gaya - BSPCB","29-07-2026 14:00:00",24.792403,84.992416,PM10,8,107,40
India,Bihar,Gaya,"Kareemganj, Gaya - BSPCB","29-07-2026 14:00:00",24.792403,84.992416,CO,28,65,41
India,Bihar,Hajipur,"Industrial Area, Hajipur - BSPCB","29-07-2026 14:00:00",25.697189,85.2459,OZONE,24,56,41
India,Bihar,Katihar,"Mirchaibari, Katihar - BSPCB","29-07-2026 14:00:00",25.560083,87.553265,PM10,26,38,31
India,Bihar,Kishanganj,"SDM Office_Khagra, Kishanganj - BSPCB","29-07-2026 14:00:00",26.0881305,87.93840336,PM2.5,33,63,42
India,Bihar,Kishanganj,"SDM Office_Khagra, Kishanganj - BSPCB","29-07-2026 14:00:00",26.0881305,87.93840336,CO,13,15,14
India,Bihar,Manguraha,"Forest Rest House, Manguraha - BSPCB","29-07-2026 14:00:00",27.308328,84.531742,NO2,10,16,13
India,Bihar,Manguraha,"Forest Rest House, Manguraha - BSPCB","29-07-2026 14:00:00",27.308328,84.531742,NH3,0,1,1
India,Bihar,Manguraha,"Forest Rest House, Manguraha - BSPCB","29-07-2026 14:00:00",27.308328,84.531742,OZONE,27,32,29
India,Bihar,Motihari,"Gandak Colony, Motihari - BSPCB","29-07-2026 14:00:00",26.63086,84.90051,CO,12,14,13
India,Bihar,Munger,"Town Hall, Munger - BSPCB","29-07-2026 14:00:00",25.376776,86.471523,PM2.5,3,90,32
India,Bihar,Muzaffarpur,"MIT-Daudpur Kothi, Muzaffarpur - BSPCB","29-07-2026 14:00:00",26.1403345,85.3650192,NH3,1,1,1
India,Bihar,Muzaffarpur,"MIT-Daudpur Kothi, Muzaffarpur - BSPCB","29-07-2026 14:00:00",26.1403345,85.3650192,CO,9,32,21
India,Bihar,Muzaffarpur,"Muzaffarpur Collectorate, Muzaffarpur - BSPCB","29-07-2026 14:00:00",26.1209,85.3647,NH3,NA,NA,NA
India,Bihar,Muzaffarpur,"Buddha Colony, Muzaffarpur - BSPCB","29-07-2026 14:00:00",26.11442,85.39813,SO2,1,19,8
India,Bihar,Patna,"IGSC Planetarium Complex, Patna - BSPCB","29-07-2026 14:00:00",25.610369,85.132568,PM2.5,8,72,34
India,Bihar,Patna,"IGSC Planetarium Complex, Patna - BSPCB","29-07-2026 14:00:00",25.610369,85.132568,SO2,18,31,22
India,Bihar,Patna,"Rajbansi Nagar, Patna - BSPCB","29-07-2026 14:00:00",25.599486,85.113666,PM10,19,30,23
India,Bihar,Patna,"Rajbansi Nagar, Patna - BSPCB","29-07-2026 14:00:00",25.599486,85.113666,NO2,29,32,31
India,Bihar,Patna,"Rajbansi Nagar, Patna - BSPCB","29-07-2026 14:00:00",25.599486,85.113666,SO2,1,15,8
India,Bihar,Patna,"Muradpur, Patna - BSPCB","29-07-2026 14:00:00",25.619651,85.147382,NO2,5,5,5
India,Bihar,Patna,"Govt. High School Shikarpur, Patna - BSPCB","29-07-2026 14:00:00",25.592539,85.227158,PM10,40,75,55
India,Bihar,Patna,"Samanpura, Patna - BSPCB","29-07-2026 14:00:00",25.596727,85.085624,PM10,76,96,89
India,Bihar,Patna,"Samanpura, Patna - BSPCB","29-07-2026 14:00:00",25.596727,85.085624,NH3,4,5,5
India,Bihar,Purnia,"Mariam Nagar, Purnia - BSPCB","29-07-2026 14:00:00",25.366336,87.117468,PM2.5,17,32,25
India,Bihar,Purnia,"Mariam Nagar, Purnia - BSPCB","29-07-2026 14:00:00",25.366336,87.117468,PM10,14,25,20
India,Bihar,Purnia,"Mariam Nagar, Purnia - BSPCB","29-07-2026 14:00:00",25.366336,87.117468,CO,57,59,58
India,"Andhra Pradesh",Vijayawada,"Rajiv Gandhi Park, Vijayawada - APPCB","29-07-2026 14:00:00",16.509717,80.612222,SO2,11,17,14
India,"Andhra Pradesh",Vijayawada,"HB Colony, Vijayawada - APPCB","29-07-2026 14:00:00",16.536107,80.594233,PM10,49,64,51
India,"Andhra Pradesh",Vijayawada,"Kanuru, Vijayawada - APPCB","29-07-2026 14:00:00",16.486692,80.699436,PM2.5,NA,NA,NA
India,"Andhra Pradesh",Vijayawada,"Kanuru, Vijayawada - APPCB","29-07-2026 14:00:00",16.486692,80.699436,PM10,NA,NA,NA
India,"Andhra Pradesh",Vijayawada,"Kanuru, Vijayawada - APPCB","29-07-2026 14:00:00",16.486692,80.699436,NH3,4,5,4
India,"Andhra Pradesh",Visakhapatnam,"GVM Corporation, Visakhapatnam - APPCB","29-07-2026 14:00:00",17.72,83.3,NO2,28,74,51
India,"Arunachal Pradesh",Naharlagun,"Naharlagun, Naharlagun - APSPCB","29-07-2026 14:00:00",27.103358,93.679645,NO2,7,9,8
India,"Arunachal Pradesh",Naharlagun,"Naharlagun, Naharlagun - APSPCB","29-07-2026 14:00:00",27.103358,93.679645,SO2,10,12,11
India,"Arunachal Pradesh",Naharlagun,"Naharlagun, Naharlagun - APSPCB","29-07-2026 14:00:00",27.103358,93.679645,CO,8,10,9
India,Assam,Byrnihat,"Central Academy for SFS, Byrnihat - PCBA","29-07-2026 14:00:00",26.071318,91.87488,PM2.5,71,92,84
India,Assam,Byrnihat,"Central Academy for SFS, Byrnihat - PCBA","29-07-2026 14:00:00",26.071318,91.87488,CO,60,143,101
India,Assam,Guwahati,"IITG, Guwahati - PCBA","29-07-2026 14:00:00",26.2028636,91.70046436,NO2,0,2,1
India,Assam,Guwahati,"LGBI Airport, Guwahati - PCBA","29-07-2026 14:00:00",26.10887,91.589544,PM2.5,NA,NA,NA
India,Assam,Guwahati,"LGBI Airport, Guwahati - PCBA","29-07-2026 14:00:00",26.10887,91.589544,PM10,NA,NA,NA
India,Assam,Guwahati,"LGBI Airport, Guwahati - PCBA","29-07-2026 14:00:00",26.10887,91.589544,OZONE,13,40,35
India,Delhi,Delhi,"Talkatora Garden, Delhi - DPCC","29-07-2026 14:00:00",28.62181,77.1944633,PM2.5,NA,NA,NA
India,Delhi,Delhi,"Aya Nagar, Delhi - IITM","29-07-2026 14:00:00",28.4706914,77.1099364,CO,16,30,24
India,Delhi,Delhi,"Burari Crossing, Delhi - IITM","29-07-2026 14:00:00",28.7256504,77.2011573,SO2,NA,NA,NA
India,Delhi,Delhi,"IMD Lodhi Road, Delhi - IITM","29-07-2026 14:00:00",28.5918245,77.2273074,SO2,NA,NA,NA
India,Delhi,Delhi,"JNU, Delhi - DPCC","29-07-2026 14:00:00",28.540721,77.168544,PM2.5,5,62,30
India,Delhi,Delhi,"JNU, Delhi - DPCC","29-07-2026 14:00:00",28.540721,77.168544,NO2,12,38,21
India,Delhi,Delhi,"Alipur, Delhi - DPCC","29-07-2026 14:00:00",28.815329,77.15301,CO,28,41,33
India,Delhi,Delhi,"North Campus, DU, Delhi - IITM","29-07-2026 14:00:00",28.6573814,77.1585447,NO2,25,28,27
India,Delhi,Delhi,"North Campus, DU, Delhi - IITM","29-07-2026 14:00:00",28.6573814,77.1585447,NH3,NA,NA,NA
India,Delhi,Delhi,"North Campus, DU, Delhi - IITM","29-07-2026 14:00:00",28.6573814,77.1585447,CO,32,57,45
India,Delhi,Delhi,"R K Puram, Delhi - DPCC","29-07-2026 14:00:00",28.563262,77.186937,NH3,1,9,2
India,Delhi,Delhi,"R K Puram, Delhi - DPCC","29-07-2026 14:00:00",28.563262,77.186937,SO2,4,5,5
India,Delhi,Delhi,"IIT Delhi, Delhi - IITM","29-07-2026 14:00:00",28.54246,77.191651,PM10,12,136,72
India,Delhi,Delhi,"IIT Delhi, Delhi - IITM","29-07-2026 14:00:00",28.54246,77.191651,SO2,NA,NA,NA
India,Delhi,Delhi,"IIT Delhi, Delhi - IITM","29-07-2026 14:00:00",28.54246,77.191651,OZONE,13,51,36
India,Delhi,Delhi,"Dr. Karni Singh Shooting Range, Delhi - DPCC","29-07-2026 14:00:00",28.498571,77.26484,SO2,6,9,7
India,Chhattisgarh,Chhal,"Nawapara SECL Colony, Chhal - CECB","29-07-2026 14:00:00",22.118125,83.140608,CO,10,28,16
India,Chhattisgarh,Chhal,"Nawapara SECL Colony, Chhal - CECB","29-07-2026 14:00:00",22.118125,83.140608,OZONE,29,73,60
India,Chhattisgarh,Korba,"Urja Nagar, Korba - CECB","29-07-2026 14:00:00",22.348441,82.549611,PM10,10,28,16
India,Chhattisgarh,Korba,"Urja Nagar, Korba - CECB","29-07-2026 14:00:00",22.348441,82.549611,OZONE,5,5,5
India,Chhattisgarh,Korba,"Rampur, Korba - CECB","29-07-2026 14:00:00",22.368195,82.746431,PM10,6,12,9
India,Chhattisgarh,Kunjemura,"OP Jindal School, Kunjemura - CECB","29-07-2026 14:00:00",22.12665,83.483212,NO2,11,33,20
India,Chhattisgarh,Kunjemura,"OP Jindal School, Kunjemura - CECB","29-07-2026 14:00:00",22.12665,83.483212,CO,21,25,23
India,Chhattisgarh,Milupara,"Govt. Higher Secondary School, Milupara - CECB","29-07-2026 14:00:00",22.1910172,83.5197009,NO2,NA,NA,NA
India,Chhattisgarh,Milupara,"Govt. Higher Secondary School, Milupara - CECB","29-07-2026 14:00:00",22.1910172,83.5197009,NH3,NA,NA,NA
India,Chhattisgarh,Milupara,"Govt. Higher Secondary School, Milupara - CECB","29-07-2026 14:00:00",22.1910172,83.5197009,SO2,NA,NA,NA
India,Chhattisgarh,Raipur,"Krishak Nagar, Raipur - CECB","29-07-2026 14:00:00",21.237755,81.705301,SO2,5,8,6
India,Chhattisgarh,Tumidih,"OP Jindal Industrial Park, Tumidih - CECB","29-07-2026 14:00:00",22.06631475,83.33820077,NH3,NA,NA,NA
India,Chhattisgarh,Tumidih,"OP Jindal Industrial Park, Tumidih - CECB","29-07-2026 14:00:00",22.06631475,83.33820077,OZONE,38,38,38
India,Delhi,Delhi,"ITO, Delhi - CPCB","29-07-2026 14:00:00",28.628624,77.24106,OZONE,15,28,19
India,Delhi,Delhi,"NSUT Jaffarpur, Delhi - DPCC","29-07-2026 14:00:00",28.594004,76.909423,NO2,7,53,23
India,Delhi,Delhi,"Punjabi Bagh, Delhi - DPCC","29-07-2026 14:00:00",28.674045,77.131023,NH3,4,6,4
India,Delhi,Delhi,"Punjabi Bagh, Delhi - DPCC","29-07-2026 14:00:00",28.674045,77.131023,CO,46,51,48
India,Delhi,Delhi,"Punjabi Bagh, Delhi - DPCC","29-07-2026 14:00:00",28.674045,77.131023,OZONE,9,67,36
India,Delhi,Delhi,"Shadipur, Delhi - CPCB","29-07-2026 14:00:00",28.6514781,77.1473105,NO2,23,47,32
India,Delhi,Delhi,"Shadipur, Delhi - CPCB","29-07-2026 14:00:00",28.6514781,77.1473105,SO2,5,18,13
India,Delhi,Delhi,"Mandir Marg, Delhi - DPCC","29-07-2026 14:00:00",28.636429,77.201067,SO2,2,54,26
India,Delhi,Delhi,"Mandir Marg, Delhi - DPCC","29-07-2026 14:00:00",28.636429,77.201067,CO,59,72,64
India,Delhi,Delhi,"Pusa, Delhi - DPCC","29-07-2026 14:00:00",28.639652,77.146275,PM2.5,2,85,51
India,Delhi,Delhi,"Pusa, Delhi - DPCC","29-07-2026 14:00:00",28.639652,77.146275,SO2,4,16,9
India,Delhi,Delhi,"Pusa, Delhi - DPCC","29-07-2026 14:00:00",28.639652,77.146275,CO,48,73,62
India,Delhi,Delhi,"Chandni Chowk, Delhi - IITM","29-07-2026 14:00:00",28.656756,77.227234,CO,68,84,74
India,Delhi,Delhi,"IGI Airport (T3), Delhi - IITM","29-07-2026 14:00:00",28.5627763,77.1180053,CO,42,51,45
India,Delhi,Delhi,"IGNOU_Maidan Garhi, Delhi - DPCC","29-07-2026 14:00:00",28.493624,77.201159,PM2.5,1,19,10
India,Delhi,Delhi,"IGNOU_Maidan Garhi, Delhi - DPCC","29-07-2026 14:00:00",28.493624,77.201159,NH3,0,14,3
India,Assam,Nagaon,"Christianpatty, Nagaon - PCBA","29-07-2026 14:00:00",26.349082,92.68449,NO2,1,6,1
India,Assam,Silchar,"Tarapur, Silchar - PCBA","29-07-2026 14:00:00",24.82827,92.79525,PM2.5,42,43,42
India,Assam,Silchar,"Tarapur, Silchar - PCBA","29-07-2026 14:00:00",24.82827,92.79525,NO2,17,17,17
India,Assam,Silchar,"Tarapur, Silchar - PCBA","29-07-2026 14:00:00",24.82827,92.79525,NH3,1,1,1
India,Assam,Silchar,"Tarapur, Silchar - PCBA","29-07-2026 14:00:00",24.82827,92.79525,OZONE,2,3,3
India,Bihar,Arrah,"New DM Office, Arrah - BSPCB","29-07-2026 14:00:00",25.5626095,84.663264,PM10,2,187,73
India,Bihar,Begusarai,"Lohiyanagar, Begusarai - BSPCB","29-07-2026 14:00:00",25.42742023,86.13886079,NO2,4,12,8
India,Bihar,Bettiah,"Kamalnath Nagar, Bettiah - BSPCB","29-07-2026 14:00:00",26.80365,84.51954,NH3,2,4,3
India,Bihar,Bhagalpur,"Mayaganj, Bhagalpur - BSPCB","29-07-2026 14:00:00",25.265194,87.012947,PM2.5,13,62,29
India,Bihar,Bhagalpur,"Mayaganj, Bhagalpur - BSPCB","29-07-2026 14:00:00",25.265194,87.012947,SO2,15,28,23
India,Bihar,Bhagalpur,"Mayaganj, Bhagalpur - BSPCB","29-07-2026 14:00:00",25.265194,87.012947,OZONE,10,43,23
India,Bihar,"Bihar Sharif","D M Colony, Bihar Sharif - BSPCB","29-07-2026 14:00:00",25.204762,85.51496,PM10,NA,NA,NA
India,Bihar,"Bihar Sharif","D M Colony, Bihar Sharif - BSPCB","29-07-2026 14:00:00",25.204762,85.51496,NH3,3,3,3
India,Bihar,Buxar,"Charitra Van, Buxar - BSPCB","29-07-2026 14:00:00",25.56752,83.966379,NH3,3,3,3
India,"Andhra Pradesh",Guntur,"Rajendra Nagar North, Guntur - APPCB","29-07-2026 14:00:00",16.316553,80.413302,PM2.5,41,68,47
India,"Andhra Pradesh",Kakinada,"Rama Rao Peta, Kakinada - APPCB","29-07-2026 14:00:00",16.962488,82.229513,PM10,41,80,61
India,"Andhra Pradesh",Kakinada,"Rama Rao Peta, Kakinada - APPCB","29-07-2026 14:00:00",16.962488,82.229513,SO2,10,14,11
India,"Andhra Pradesh",Kurnool,"Sita Rama Nagar, Kurnool - APPCB","29-07-2026 14:00:00",15.83411,78.028546,NO2,24,26,25
India,"Andhra Pradesh",Machilipatnam,"Srinivas Nagar Colony, Machilipatnam - APPCB","29-07-2026 14:00:00",16.186555,81.13219,PM2.5,37,325,64
India,"Andhra Pradesh",Machilipatnam,"Srinivas Nagar Colony, Machilipatnam - APPCB","29-07-2026 14:00:00",16.186555,81.13219,SO2,13,22,15
India,"Andhra Pradesh",Nellore,"Ambedkar Nagar, Nellore - APPCB ","29-07-2026 14:00:00",14.438164,79.966814,NO2,27,36,33
India,"Andhra Pradesh",Nellore,"Ambedkar Nagar, Nellore - APPCB ","29-07-2026 14:00:00",14.438164,79.966814,CO,31,39,37
India,"Andhra Pradesh",Srikakulam,"Chinna Bharatham Colony, Srikakulam - APPCB","29-07-2026 14:00:00",18.292191,83.897173,NO2,18,51,31
India,"Andhra Pradesh",Srikakulam,"Chinna Bharatham Colony, Srikakulam - APPCB","29-07-2026 14:00:00",18.292191,83.897173,SO2,14,23,18
India,"Andhra Pradesh",Tirumala,"Toll Gate, Tirumala - APPCB","29-07-2026 14:00:00",13.67,79.35,NO2,17,62,36
India,"Andhra Pradesh",Anantapur,"Gulzarpet, Anantapur - APPCB","29-07-2026 14:00:00",14.675886,77.593027,NO2,17,24,20
India,"Andhra Pradesh",Anantapur,"Gulzarpet, Anantapur - APPCB","29-07-2026 14:00:00",14.675886,77.593027,NH3,2,5,4
India,"Andhra Pradesh",Chittoor,"Gangineni Cheruvu, Chittoor - APPCB","29-07-2026 14:00:00",13.20488,79.097889,PM2.5,55,65,60
India,"Andhra Pradesh",Chittoor,"Gangineni Cheruvu, Chittoor - APPCB","29-07-2026 14:00:00",13.20488,79.097889,SO2,15,25,24
India,"Andhra Pradesh",Chittoor,"Gangineni Cheruvu, Chittoor - APPCB","29-07-2026 14:00:00",13.20488,79.097889,CO,15,21,17
India,"Andhra Pradesh",Eluru,"District Court, Eluru - APPCB","29-07-2026 14:00:00",16.711754,81.092095,PM2.5,55,73,62
India,"Andhra Pradesh",Eluru,"District Court, Eluru - APPCB","29-07-2026 14:00:00",16.711754,81.092095,NO2,9,43,19
India,Haryana,Panchkula,"Sector-6, Panchkula - HSPCB ","29-07-2026 14:00:00",30.7057778,76.8531805555555,NH3,NA,NA,NA
India,Haryana,Panchkula,"Sector-6, Panchkula - HSPCB ","29-07-2026 14:00:00",30.7057778,76.8531805555555,OZONE,31,42,39
India,Haryana,Rohtak,"MD University, Rohtak - HSPCB","29-07-2026 14:00:00",28.52123,76.37138,PM2.5,15,63,37
India,Haryana,Rohtak,"MD University, Rohtak - HSPCB","29-07-2026 14:00:00",28.52123,76.37138,PM10,18,76,47
India,Haryana,Rohtak,"MD University, Rohtak - HSPCB","29-07-2026 14:00:00",28.52123,76.37138,NO2,8,11,9
India,Haryana,Rohtak,"MD University, Rohtak - HSPCB","29-07-2026 14:00:00",28.52123,76.37138,OZONE,19,41,31
India,Haryana,Sirsa,"F-Block, Sirsa - HSPCB","29-07-2026 14:00:00",29.5364,75.0158,PM2.5,9,38,22
India,Haryana,Sirsa,"F-Block, Sirsa - HSPCB","29-07-2026 14:00:00",29.5364,75.0158,NO2,19,21,20
India,Haryana,Sirsa,"F-Block, Sirsa - HSPCB","29-07-2026 14:00:00",29.5364,75.0158,NH3,13,14,14
India,Haryana,Sirsa,"F-Block, Sirsa - HSPCB","29-07-2026 14:00:00",29.5364,75.0158,SO2,6,37,21
India,Haryana,Sirsa,"F-Block, Sirsa - HSPCB","29-07-2026 14:00:00",29.5364,75.0158,CO,72,94,84
India,Haryana,Sirsa,"F-Block, Sirsa - HSPCB","29-07-2026 14:00:00",29.5364,75.0158,OZONE,31,70,46
India,Haryana,"Yamuna Nagar","Gobind Pura, Yamuna Nagar - HSPCB","29-07-2026 14:00:00",30.1480566,77.2893471,PM2.5,49,102,74
India,"Himachal Pradesh",Baddi,"HIMUDA Complex Phase-1, Baddi - HPPCB","29-07-2026 14:00:00",30.943887,76.801991,PM2.5,5,113,41
India,"Jammu and Kashmir",Srinagar,"Rajbagh, Srinagar - JKPCC","29-07-2026 14:00:00",34.066206,74.81982,NH3,9,9,9
India,"Jammu and Kashmir",Srinagar,"Khunmoh, Srinagar - JKPCC","29-07-2026 14:00:00",34.06313,74.96017,NH3,NA,NA,NA
India,"Jammu and Kashmir",Srinagar,"Khunmoh, Srinagar - JKPCC","29-07-2026 14:00:00",34.06313,74.96017,SO2,3,4,4
India,Jharkhand,Dhanbad,"Sardar Patel Nagar, Dhanbad - JSPCB","29-07-2026 14:00:00",23.80569,86.44268,PM10,8,108,46
India,Jharkhand,Dhanbad,"Sardar Patel Nagar, Dhanbad - JSPCB","29-07-2026 14:00:00",23.80569,86.44268,NO2,98,211,116
India,Karnataka,Bagalkot,"Vidayagiri, Bagalkot - KSPCB","29-07-2026 14:00:00",16.172806,75.659694,NO2,10,10,10
India,Delhi,Delhi,"Jahangirpuri, Delhi - DPCC","29-07-2026 14:00:00",28.73282,77.170633,SO2,6,14,11
India,Delhi,Delhi,"Vivek Vihar, Delhi - DPCC","29-07-2026 14:00:00",28.672342,77.31526,OZONE,16,51,31
India,Delhi,Delhi,"Rohini, Delhi - DPCC","29-07-2026 14:00:00",28.732528,77.11992,PM2.5,18,302,145
India,Delhi,Delhi,"Rohini, Delhi - DPCC","29-07-2026 14:00:00",28.732528,77.11992,PM10,28,184,108
India,Delhi,Delhi,"Rohini, Delhi - DPCC","29-07-2026 14:00:00",28.732528,77.11992,NO2,26,60,44
India,Delhi,Delhi,"Okhla Phase-2, Delhi - DPCC","29-07-2026 14:00:00",28.530785,77.271255,PM2.5,27,88,52
India,Delhi,Delhi,"Bawana, Delhi - DPCC","29-07-2026 14:00:00",28.7762,77.051074,PM2.5,3,307,116
India,Delhi,Delhi,"Bawana, Delhi - DPCC","29-07-2026 14:00:00",28.7762,77.051074,NO2,5,14,9
India,Delhi,Delhi,"Sonia Vihar, Delhi - DPCC","29-07-2026 14:00:00",28.710508,77.249485,PM10,14,169,100
India,Delhi,Delhi,"Sonia Vihar, Delhi - DPCC","29-07-2026 14:00:00",28.710508,77.249485,NH3,13,24,17
India,Delhi,Delhi,"Major Dhyan Chand National Stadium, Delhi - DPCC","29-07-2026 14:00:00",28.611281,77.237738,OZONE,13,64,35
India,Delhi,Delhi,"Cantonment Area, Delhi - DPCC","29-07-2026 14:00:00",28.594169,77.1251,CO,42,55,49
India,Delhi,Delhi,"Narela, Delhi - DPCC","29-07-2026 14:00:00",28.822836,77.101981,PM10,16,139,82
India,Delhi,Delhi,"Narela, Delhi - DPCC","29-07-2026 14:00:00",28.822836,77.101981,NH3,4,19,11
India,Delhi,Delhi,"Narela, Delhi - DPCC","29-07-2026 14:00:00",28.822836,77.101981,CO,24,50,36
India,Gujarat,Ahmedabad,"SVPI Airport Hansol, Ahmedabad - IITM","29-07-2026 14:00:00",23.076793,72.627874,SO2,3,4,3
India,Gujarat,Ahmedabad,"Rakhial, Ahmedabad - IITM","29-07-2026 14:00:00",23.016834,72.625775,PM2.5,20,500,90
India,Gujarat,Ahmedabad,"Rakhial, Ahmedabad - IITM","29-07-2026 14:00:00",23.016834,72.625775,PM10,77,127,101
India,Gujarat,Ahmedabad,"Chandkheda, Ahmedabad - IITM","29-07-2026 14:00:00",23.107969,72.574648,PM10,72,115,92
India,Gujarat,Ahmedabad,"Chandkheda, Ahmedabad - IITM","29-07-2026 14:00:00",23.107969,72.574648,OZONE,1,4,3
India,Gujarat,Ahmedabad,"Maninagar, Ahmedabad - GPCB","29-07-2026 14:00:00",23.002657,72.591912,NH3,NA,NA,NA
India,Gujarat,Ahmedabad,"Maninagar, Ahmedabad - GPCB","29-07-2026 14:00:00",23.002657,72.591912,CO,77,110,101
India,Gujarat,Ahmedabad,"Maninagar, Ahmedabad - GPCB","29-07-2026 14:00:00",23.002657,72.591912,OZONE,20,33,22
India,Gujarat,Ahmedabad,"Gyaspur, Ahmedabad - IITM","29-07-2026 14:00:00",22.977134,72.553024,PM10,79,167,119
India,Gujarat,Ahmedabad,"SAC ISRO Satellite, Ahmedabad - IITM","29-07-2026 14:00:00",23.023389,72.515201,PM2.5,43,87,71
India,Gujarat,Ahmedabad,"SAC ISRO Satellite, Ahmedabad - IITM","29-07-2026 14:00:00",23.023389,72.515201,CO,1,6,3
India,Gujarat,Ahmedabad,"Raikhad, Ahmedabad - IITM","29-07-2026 14:00:00",23.020509,72.579261,PM2.5,25,66,42
India,Gujarat,Ankleshwar,"GIDC, Ankleshwar - GPCB","29-07-2026 14:00:00",21.613267,73.010555,PM10,NA,NA,NA
India,Gujarat,Ankleshwar,"GIDC, Ankleshwar - GPCB","29-07-2026 14:00:00",21.613267,73.010555,OZONE,8,23,13
India,Gujarat,Bhavnagar,"Vidhyanagar, Bhavnagar - Nexteng Enviro","29-07-2026 14:00:00",21.755417,72.139056,SO2,6,8,7
India,Gujarat,Gandhinagar,"Sector-10, Gandhinagar - GPCB","29-07-2026 14:00:00",23.221714,72.654328,NH3,1,1,1
India,Gujarat,Gandhinagar,"Sector-10, Gandhinagar - GPCB","29-07-2026 14:00:00",23.221714,72.654328,OZONE,3,8,6
India,Gujarat,Gandhinagar,"IIPHG Lekawada, Gandhinagar - IITM","29-07-2026 14:00:00",23.243639,72.68994,PM2.5,23,63,42
India,Gujarat,Gandhinagar,"IIPHG Lekawada, Gandhinagar - IITM","29-07-2026 14:00:00",23.243639,72.68994,NO2,3,12,6
India,Gujarat,Gandhinagar,"IIPHG Lekawada, Gandhinagar - IITM","29-07-2026 14:00:00",23.243639,72.68994,OZONE,2,3,2
India,Gujarat,Gandhinagar,"GIFT City, Gandhinagar - IITM","29-07-2026 14:00:00",23.163798,72.677768,CO,1,1,1
India,Karnataka,Davanagere,"Devaraj Urs Badavane, Davanagere - KSPCB","29-07-2026 14:00:00",14.4758,75.9052,PM2.5,2,57,28
India,Karnataka,Dharwad,"Kalabhavan, Dharwad - KSPCB","29-07-2026 14:00:00",15.459706,75.008381,NO2,23,27,25
India,Karnataka,Dharwad,"Kalabhavan, Dharwad - KSPCB","29-07-2026 14:00:00",15.459706,75.008381,NH3,6,7,6
India,Karnataka,Hubballi,"Lingaraj Nagar, Hubballi - KSPCB","29-07-2026 14:00:00",15.3714823,75.1160168,NH3,1,2,2
India,Karnataka,Hubballi,"Lingaraj Nagar, Hubballi - KSPCB","29-07-2026 14:00:00",15.3714823,75.1160168,OZONE,19,22,21
India,Karnataka,Kalaburagi,"Mahatma Basaveswar Colony, Kalaburgi - KSPCB","29-07-2026 14:00:00",17.336318,76.847397,PM10,18,33,24
India,Karnataka,Karwar,"KHB Colony, Karwar - KSPCB","29-07-2026 14:00:00",14.816666,74.141003,PM2.5,28,70,44
India,Karnataka,Karwar,"KHB Colony, Karwar - KSPCB","29-07-2026 14:00:00",14.816666,74.141003,SO2,15,26,22
India,Karnataka,Koppal,"Diwator Nagar, Koppal - KSPCB","29-07-2026 14:00:00",15.34763,76.181767,OZONE,5,6,5
India,Karnataka,Mangalore,"Kadri, Mangalore - KSPCB","29-07-2026 14:00:00",12.88925,74.853,PM2.5,40,58,48
India,Karnataka,Mangalore,"Kadri, Mangalore - KSPCB","29-07-2026 14:00:00",12.88925,74.853,CO,NA,NA,NA
India,Karnataka,Mysuru,"Hebbal 1st Stage, Mysuru - KSPCB","29-07-2026 14:00:00",12.21041,76.37376,SO2,0,15,4
India,Karnataka,Mysuru,"Hebbal 1st Stage, Mysuru - KSPCB","29-07-2026 14:00:00",12.21041,76.37376,OZONE,7,41,20
India,Karnataka,Ramanagara,"Vijay Nagar, Ramanagara - KSPCB","29-07-2026 14:00:00",12.733409,77.298051,NO2,NA,NA,NA
India,Karnataka,Ramanagara,"Vijay Nagar, Ramanagara - KSPCB","29-07-2026 14:00:00",12.733409,77.298051,SO2,15,19,17
India,Gujarat,Mehsana,"Sadanand Nagar, Mehsana - Nexteng Enviro","29-07-2026 14:00:00",23.59315,72.372792,PM10,55,117,94
India,Gujarat,Mehsana,"Sadanand Nagar, Mehsana - Nexteng Enviro","29-07-2026 14:00:00",23.59315,72.372792,SO2,12,14,13
India,Gujarat,Mehsana,"Sadanand Nagar, Mehsana - Nexteng Enviro","29-07-2026 14:00:00",23.59315,72.372792,CO,45,47,46
India,Gujarat,Mehsana,"Sadanand Nagar, Mehsana - Nexteng Enviro","29-07-2026 14:00:00",23.59315,72.372792,OZONE,9,13,11
India,Gujarat,Nandesari,"GIDC, Nandesari - Nandesari Ind. Association","29-07-2026 14:00:00",22.410802,73.097923,PM2.5,52,89,71
India,Gujarat,Nandesari,"GIDC, Nandesari - Nandesari Ind. Association","29-07-2026 14:00:00",22.410802,73.097923,NO2,5,32,14
India,Gujarat,Rajkot,"Mavdi, Rajkot - Nexteng Enviro ","29-07-2026 14:00:00",22.248853,70.776774,SO2,10,13,12
India,Gujarat,Rajkot,"Mavdi, Rajkot - Nexteng Enviro ","29-07-2026 14:00:00",22.248853,70.776774,CO,39,40,40
India,Gujarat,Surat,"Katargam, Surat - Nexteng Enviro","29-07-2026 14:00:00",21.217779,72.834787,PM2.5,10,48,29
India,Gujarat,Surat,"Katargam, Surat - Nexteng Enviro","29-07-2026 14:00:00",21.217779,72.834787,PM10,89,138,105
India,Gujarat,Surat,"Katargam, Surat - Nexteng Enviro","29-07-2026 14:00:00",21.217779,72.834787,NH3,1,1,1
India,Gujarat,Vatva,"Phase-4 GIDC, Vatva - GPCB","29-07-2026 14:00:00",22.969611,72.6435,NH3,NA,NA,NA
India,Haryana,Ambala,"Patti Mehar, Ambala - HSPCB","29-07-2026 14:00:00",30.379589,76.778328,PM10,NA,NA,NA
India,Haryana,Ballabgarh,"Nathu Colony, Ballabgarh - HSPCB","29-07-2026 14:00:00",28.3419248,77.319699,OZONE,5,29,17
India,Haryana,"Charkhi Dadri","Mini Secretariat, Charkhi Dadri - HSPCB","29-07-2026 14:00:00",28.593883,76.270653,SO2,6,9,8
India,Haryana,Dharuhera,"Municipal Corporation Office, Dharuhera -  HSPCB","29-07-2026 14:00:00",28.2068,76.7997,NH3,4,9,6
India,Haryana,Faridabad,"New Industrial Town, Faridabad - HSPCB","29-07-2026 14:00:00",28.39072,77.30059,PM2.5,49,449,71
India,Haryana,Faridabad,"New Industrial Town, Faridabad - HSPCB","29-07-2026 14:00:00",28.39072,77.30059,SO2,5,17,11
India,Haryana,Faridabad,"Sector 11, Faridabad - HSPCB","29-07-2026 14:00:00",28.376058,77.315741,PM2.5,23,351,120
India,Haryana,Faridabad,"Sector 11, Faridabad - HSPCB","29-07-2026 14:00:00",28.376058,77.315741,NO2,29,33,31
India,Haryana,Faridabad,"Sector 11, Faridabad - HSPCB","29-07-2026 14:00:00",28.376058,77.315741,OZONE,16,17,16
India,Haryana,Faridabad,"Sector 30, Faridabad - HSPCB","29-07-2026 14:00:00",28.4417,77.3217,NH3,6,9,7
India,Haryana,Fatehabad,"Huda Sector, Fatehabad - HSPCB","29-07-2026 14:00:00",29.503664,75.467934,SO2,5,14,8
India,Haryana,Gurugram,"Teri Gram, Gurugram - HSPCB","29-07-2026 14:00:00",28.4275,77.1465,NH3,4,10,7
India,Haryana,Gurugram,"Vikas Sadan, Gurugram - HSPCB","29-07-2026 14:00:00",28.4501238,77.0263051,OZONE,8,36,24
India,Haryana,Gurugram,"NISE Gwal Pahari, Gurugram - IITM","29-07-2026 14:00:00",28.422681,77.148944,PM2.5,1,78,33
India,Haryana,Gurugram,"NISE Gwal Pahari, Gurugram - IITM","29-07-2026 14:00:00",28.422681,77.148944,OZONE,8,24,17
India,Delhi,Delhi,"DTU, Delhi - CPCB","29-07-2026 14:00:00",28.7500499,77.1112615,OZONE,12,49,24
India,Delhi,Delhi,"Ashok Vihar, Delhi - DPCC","29-07-2026 14:00:00",28.695381,77.181665,PM2.5,17,244,117
India,Delhi,Delhi,"Ashok Vihar, Delhi - DPCC","29-07-2026 14:00:00",28.695381,77.181665,NO2,27,70,44
India,Delhi,Delhi,"Mundka, Delhi - DPCC","29-07-2026 14:00:00",28.684678,77.076574,PM10,11,127,74
India,Delhi,Delhi,"Mundka, Delhi - DPCC","29-07-2026 14:00:00",28.684678,77.076574,OZONE,2,14,8
India,Delhi,Delhi,"Wazirpur, Delhi - DPCC","29-07-2026 14:00:00",28.699793,77.165453,NO2,19,70,35
India,Delhi,Delhi,"Patparganj, Delhi - DPCC","29-07-2026 14:00:00",28.623763,77.287209,SO2,4,6,5
India,Delhi,Delhi,"Patparganj, Delhi - DPCC","29-07-2026 14:00:00",28.623763,77.287209,OZONE,1,92,36
India,Delhi,Delhi,"Nehru Nagar, Delhi - DPCC","29-07-2026 14:00:00",28.56789,77.250515,PM2.5,3,277,76
India,Delhi,Delhi,"Nehru Nagar, Delhi - DPCC","29-07-2026 14:00:00",28.56789,77.250515,NO2,25,62,41
India,Delhi,Delhi,"Sri Aurobindo Marg, Delhi - DPCC","29-07-2026 14:00:00",28.531346,77.190156,NH3,2,6,4
India,Delhi,Delhi,"Sri Aurobindo Marg, Delhi - DPCC","29-07-2026 14:00:00",28.531346,77.190156,SO2,24,51,32
India,Delhi,Delhi,"Sri Aurobindo Marg, Delhi - DPCC","29-07-2026 14:00:00",28.531346,77.190156,OZONE,11,42,26
India,Delhi,Delhi,"IHBAS, Dilshad Garden, Delhi - CPCB","29-07-2026 14:00:00",28.6811736,77.3025234,PM10,21,102,66
India,Karnataka,Bagalkot,"Vidayagiri, Bagalkot - KSPCB","29-07-2026 14:00:00",16.172806,75.659694,CO,18,42,30
India,Karnataka,Bagalkot,"Vidayagiri, Bagalkot - KSPCB","29-07-2026 14:00:00",16.172806,75.659694,OZONE,18,18,18
India,Karnataka,Bengaluru,"Bapuji Nagar, Bengaluru - KSPCB","29-07-2026 14:00:00",12.951913,77.539784,PM10,NA,NA,NA
India,Karnataka,Bengaluru,"Bapuji Nagar, Bengaluru - KSPCB","29-07-2026 14:00:00",12.951913,77.539784,SO2,NA,NA,NA
India,Karnataka,Bengaluru,"Sanegurava Halli, Bengaluru - KSPCB","29-07-2026 14:00:00",12.990328,77.5431385,NO2,18,18,18
India,Karnataka,Bengaluru,"Sanegurava Halli, Bengaluru - KSPCB","29-07-2026 14:00:00",12.990328,77.5431385,SO2,5,7,6
India,Karnataka,Bengaluru,"Jigani, Bengaluru - KSPCB","29-07-2026 14:00:00",12.7816279,77.6299145,NH3,4,4,4
India,Karnataka,Bengaluru,"Jayanagar 5th Block, Bengaluru - KSPCB","29-07-2026 14:00:00",12.920984,77.584908,PM2.5,27,45,34
India,Karnataka,Bengaluru,"Jayanagar 5th Block, Bengaluru - KSPCB","29-07-2026 14:00:00",12.920984,77.584908,NH3,NA,NA,NA
India,Karnataka,Bengaluru,"Jayanagar 5th Block, Bengaluru - KSPCB","29-07-2026 14:00:00",12.920984,77.584908,SO2,17,26,22
India,Karnataka,Chamarajanagar,"Urban, Chamarajanagar - KSPCB","29-07-2026 14:00:00",11.55358,76.55521,OZONE,14,18,15
India,Karnataka,Chikkaballapur,"Chikkaballapur Rural, Chikkaballapur - KSPCB","29-07-2026 14:00:00",13.428828,77.731418,PM10,22,139,54
India,Karnataka,Chikkaballapur,"Chikkaballapur Rural, Chikkaballapur - KSPCB","29-07-2026 14:00:00",13.428828,77.731418,NO2,NA,NA,NA
India,Haryana,Hisar,"Urban Estate-II, Hisar - HSPCB","29-07-2026 14:00:00",29.14056,75.744941,NO2,33,84,70
India,Haryana,Hisar,"Urban Estate-II, Hisar - HSPCB","29-07-2026 14:00:00",29.14056,75.744941,OZONE,51,55,52
India,Haryana,Jind,"Police Lines, Jind - HSPCB","29-07-2026 14:00:00",29.307814,76.337619,SO2,27,29,29
India,Haryana,Kaithal,"Rishi Nagar, Kaithal - HSPCB","29-07-2026 14:00:00",29.8006,76.4155,NH3,5,6,5
India,Haryana,Mandikhera,"General Hospital, Mandikhera(Nuh) - HSPCB","29-07-2026 14:00:00",27.9002,76.9938,NO2,14,17,16
India,Haryana,Mandikhera,"General Hospital, Mandikhera(Nuh) - HSPCB","29-07-2026 14:00:00",27.9002,76.9938,NH3,7,9,8
India,Haryana,Mandikhera,"General Hospital, Mandikhera(Nuh) - HSPCB","29-07-2026 14:00:00",27.9002,76.9938,OZONE,47,49,48
India,Haryana,Palwal,"Shyam Nagar, Palwal - HSPCB","29-07-2026 14:00:00",28.1485564,77.3320667,PM10,33,152,66
India,Haryana,Palwal,"Shyam Nagar, Palwal - HSPCB","29-07-2026 14:00:00",28.1485564,77.3320667,OZONE,5,8,6
India,Haryana,Panchgaon,"Amity University, Panchgaon - IITM","29-07-2026 14:00:00",28.3153,76.9143,OZONE,6,55,34
India,"Madhya Pradesh",Sagar,"Civil Lines, Sagar - MPPCB","29-07-2026 14:00:00",23.838586,78.759431,CO,31,40,35
India,"Madhya Pradesh",Satna,"Bandhavgar Colony, Satna - Birla Cement","29-07-2026 14:00:00",24.58434363,80.8549414,CO,13,13,13
India,"Madhya Pradesh",Singrauli,"Suryakiran Bhawan NCL, Singrauli - MPPCB","29-07-2026 14:00:00",24.10897,82.64558,NO2,25,51,40
India,"Madhya Pradesh",Singrauli,"Suryakiran Bhawan NCL, Singrauli - MPPCB","29-07-2026 14:00:00",24.10897,82.64558,NH3,4,4,4
India,"Madhya Pradesh",Ujjain,"Mahashweta Nagar, Ujjain - MPPCB","29-07-2026 14:00:00",23.1633321,75.800225,PM2.5,31,122,70
India,"Madhya Pradesh",Ujjain,"Mahashweta Nagar, Ujjain - MPPCB","29-07-2026 14:00:00",23.1633321,75.800225,NO2,5,18,9
India,Maharashtra,Ahmednagar,"Tarakpur, Ahmednagar - MPCB","29-07-2026 14:00:00",19.10122,74.73339,NH3,3,10,6
India,Maharashtra,Ahmednagar,"Tarakpur, Ahmednagar - MPCB","29-07-2026 14:00:00",19.10122,74.73339,SO2,3,16,11
India,Maharashtra,Ahmednagar,"Tarakpur, Ahmednagar - MPCB","29-07-2026 14:00:00",19.10122,74.73339,OZONE,9,32,19
India,Maharashtra,Amravati,"Shri Shivaji Science College, Amravati - MPCB","29-07-2026 14:00:00",20.939198,77.765701,PM2.5,17,52,27
India,Maharashtra,Amravati,"Shri Shivaji Science College, Amravati - MPCB","29-07-2026 14:00:00",20.939198,77.765701,NO2,0,6,2
India,Maharashtra,Amravati,"Shivneri Colony, Amravati - MPCB","29-07-2026 14:00:00",20.9402359,77.7895248,OZONE,5,7,6
India,Maharashtra,Aurangabad,"More Chowk Waluj, Aurangabad - MPCB","29-07-2026 14:00:00",19.8389439,75.244448,PM10,45,56,50
India,Maharashtra,Aurangabad,"More Chowk Waluj, Aurangabad - MPCB","29-07-2026 14:00:00",19.8389439,75.244448,NO2,8,12,10
India,Maharashtra,Aurangabad,"More Chowk Waluj, Aurangabad - MPCB","29-07-2026 14:00:00",19.8389439,75.244448,CO,11,96,44
India,Maharashtra,Aurangabad,"MIDC Chilkalthana, Aurangabad - MPCB","29-07-2026 14:00:00",19.87562,75.38731,PM2.5,20,68,34
India,Maharashtra,Aurangabad,"MIDC Chilkalthana, Aurangabad - MPCB","29-07-2026 14:00:00",19.87562,75.38731,PM10,33,198,83
India,Maharashtra,Nagpur,"Ambazari, Nagpur - MPCB","29-07-2026 14:00:00",21.121801,79.04952,OZONE,8,13,10
India,Maharashtra,Nagpur,"Opp GPO Civil Lines, Nagpur - MPCB","29-07-2026 14:00:00",21.152875,79.0517531,NO2,16,16,16
India,Maharashtra,Nagpur,"Opp GPO Civil Lines, Nagpur - MPCB","29-07-2026 14:00:00",21.152875,79.0517531,NH3,5,5,5
India,Maharashtra,Nagpur,"Opp GPO Civil Lines, Nagpur - MPCB","29-07-2026 14:00:00",21.152875,79.0517531,OZONE,5,11,8
India,Maharashtra,Nanded,"Sneh Nagar, Nanded - MPCB","29-07-2026 14:00:00",19.173852,77.296291,PM10,22,51,34
India,Maharashtra,Nanded,"Sneh Nagar, Nanded - MPCB","29-07-2026 14:00:00",19.173852,77.296291,SO2,2,4,3
India,Maharashtra,Nanded,"Sneh Nagar, Nanded - MPCB","29-07-2026 14:00:00",19.173852,77.296291,CO,20,26,24
India,Maharashtra,Nashik,"Pandav Nagari, Nashik - MPCB","29-07-2026 14:00:00",19.9591346,73.7788008,NO2,3,5,4
India,Maharashtra,Nashik,"MIDC Ambad, Nashik - MPCB","29-07-2026 14:00:00",19.95022,73.73148,NH3,2,3,2
India,Maharashtra,"Navi Mumbai","Sanpada, Navi Mumbai - MPCB","29-07-2026 14:00:00",19.0575752,73.0151367,NO2,2,8,4
India,Maharashtra,"Navi Mumbai","Sector-2E Kalamboli, Navi Mumbai - MPCB","29-07-2026 14:00:00",19.02579,73.10297,NH3,6,8,7
India,Maharashtra,"Navi Mumbai","Sector-2E Kalamboli, Navi Mumbai - MPCB","29-07-2026 14:00:00",19.02579,73.10297,SO2,1,5,4
India,Maharashtra,"Navi Mumbai","Nerul, Navi Mumbai - MPCB","29-07-2026 14:00:00",19.008751,73.01662,NO2,7,7,7
India,Maharashtra,"Navi Mumbai","Kopripada-Vashi, Navi Mumbai - MPCB","29-07-2026 14:00:00",19.090337,73.014232,PM2.5,22,24,23
India,Maharashtra,"Navi Mumbai","Kopripada-Vashi, Navi Mumbai - MPCB","29-07-2026 14:00:00",19.090337,73.014232,NO2,7,14,10
India,Maharashtra,"Navi Mumbai","Kopripada-Vashi, Navi Mumbai - MPCB","29-07-2026 14:00:00",19.090337,73.014232,NH3,4,6,5
India,Maharashtra,"Navi Mumbai","Kopripada-Vashi, Navi Mumbai - MPCB","29-07-2026 14:00:00",19.090337,73.014232,CO,22,39,32
India,Maharashtra,Mumbai,"Bandra Kurla Complex, Mumbai - IITM","29-07-2026 14:00:00",19.053536,72.84643,NO2,4,11,5
India,Maharashtra,Mumbai,"Bandra Kurla Complex, Mumbai - MPCB","29-07-2026 14:00:00",19.065931,72.862131,SO2,2,3,2
India,Maharashtra,Mumbai,"Navy Nagar-Colaba, Mumbai - IITM","29-07-2026 14:00:00",18.897756,72.81332,NO2,NA,NA,NA
India,Maharashtra,Mumbai,"Navy Nagar-Colaba, Mumbai - IITM","29-07-2026 14:00:00",18.897756,72.81332,SO2,NA,NA,NA
India,Maharashtra,Mumbai,"Navy Nagar-Colaba, Mumbai - IITM","29-07-2026 14:00:00",18.897756,72.81332,OZONE,23,24,24
India,Maharashtra,Mumbai,"Sewri, Mumbai - BMC","29-07-2026 14:00:00",19.000084,72.85673,NO2,NA,NA,NA
India,Maharashtra,Mumbai,"Sewri, Mumbai - BMC","29-07-2026 14:00:00",19.000084,72.85673,NH3,2,3,3
India,Maharashtra,Mumbai,"Sewri, Mumbai - BMC","29-07-2026 14:00:00",19.000084,72.85673,SO2,NA,NA,NA
India,Maharashtra,Mumbai,"Deonar, Mumbai - IITM","29-07-2026 14:00:00",19.04946,72.923,NO2,3,9,6
India,Maharashtra,Mumbai,"Deonar, Mumbai - IITM","29-07-2026 14:00:00",19.04946,72.923,OZONE,6,16,11
India,Maharashtra,Mumbai,"Powai, Mumbai - MPCB","29-07-2026 14:00:00",19.1375,72.915056,SO2,13,17,14
India,Maharashtra,Mumbai,"Ghatkopar, Mumbai - BMC","29-07-2026 14:00:00",19.083694,72.920967,OZONE,6,11,8
India,Maharashtra,Mumbai,"Kurla, Mumbai - MPCB","29-07-2026 14:00:00",19.0863,72.8888,CO,25,25,25
India,Maharashtra,Nagpur,"Ram Nagar, Nagpur - MPCB","29-07-2026 14:00:00",21.143383,79.048912,NO2,NA,NA,NA
India,Maharashtra,Nagpur,"Ram Nagar, Nagpur - MPCB","29-07-2026 14:00:00",21.143383,79.048912,SO2,NA,NA,NA
India,Maharashtra,Nagpur,"Ambazari, Nagpur - MPCB","29-07-2026 14:00:00",21.121801,79.04952,PM2.5,18,38,28
India,Maharashtra,Nagpur,"Ambazari, Nagpur - MPCB","29-07-2026 14:00:00",21.121801,79.04952,PM10,18,42,30
India,Maharashtra,Nagpur,"Ambazari, Nagpur - MPCB","29-07-2026 14:00:00",21.121801,79.04952,NH3,1,5,3
India,Maharashtra,Jalgaon,"Prabhat Colony, Jalgaon - MPCB","29-07-2026 14:00:00",21.001264,75.565602,OZONE,28,32,30
India,Maharashtra,Jalna,"Old MIDC, Jalna - MPCB","29-07-2026 14:00:00",19.854616,75.905894,OZONE,13,35,24
India,Maharashtra,Kalyan,"Pimpleshwar Mandir, Kalyan - MPCB","29-07-2026 14:00:00",19.192056,72.9585188,CO,31,40,38
India,Maharashtra,Kalyan,"Khadakpada, Kalyan - MPCB","29-07-2026 14:00:00",19.25292,73.142019,PM10,61,105,79
India,Maharashtra,Kalyan,"Khadakpada, Kalyan - MPCB","29-07-2026 14:00:00",19.25292,73.142019,NO2,36,37,37
India,Maharashtra,Latur,"Sawe Wadi, Latur - MPCB","29-07-2026 14:00:00",18.39963,76.57452,PM2.5,15,59,34
India,Maharashtra,Latur,"Sawe Wadi, Latur - MPCB","29-07-2026 14:00:00",18.39963,76.57452,NO2,6,16,11
India,Maharashtra,Latur,"Sawe Wadi, Latur - MPCB","29-07-2026 14:00:00",18.39963,76.57452,OZONE,9,13,11
India,Maharashtra,Mahad,"Kamble Tarf Birwadi, Mahad - MPCB","29-07-2026 14:00:00",18.1023399,73.4783687,OZONE,3,30,10
India,Maharashtra,Mira-Bhayandar,"Bhayandar West, Mira-Bhayandar - MPCB","29-07-2026 14:00:00",19.296481,72.840923,SO2,0,2,1
India,Maharashtra,Mira-Bhayandar,"Bhayandar West, Mira-Bhayandar - MPCB","29-07-2026 14:00:00",19.296481,72.840923,CO,16,18,17
India,Maharashtra,Mumbai,"Mazgaon, Mumbai - IITM","29-07-2026 14:00:00",18.96702,72.84214,PM2.5,24,59,39
India,Maharashtra,Mumbai,"Mazgaon, Mumbai - IITM","29-07-2026 14:00:00",18.96702,72.84214,CO,1,52,40
India,Maharashtra,Mumbai,"Malad West, Mumbai - IITM","29-07-2026 14:00:00",19.19709,72.82204,PM2.5,5,40,21
India,Maharashtra,Mumbai,"Malad West, Mumbai - IITM","29-07-2026 14:00:00",19.19709,72.82204,NH3,2,5,3
India,Maharashtra,Aurangabad,"MIDC Chilkalthana, Aurangabad - MPCB","29-07-2026 14:00:00",19.87562,75.38731,OZONE,21,24,23
India,Maharashtra,Aurangabad,"Rachnakar Colony, Aurangabad - MPCB","29-07-2026 14:00:00",19.863756,75.321188,SO2,4,6,5
India,Maharashtra,Badlapur,"Katrap, Badlapur - MPCB","29-07-2026 14:00:00",19.16485,73.23409,CO,30,54,35
India,Maharashtra,Belapur,"CBD Belapur, Belapur - MPCB","29-07-2026 14:00:00",19.0243902,73.0406721,PM10,46,101,63
India,Maharashtra,Belapur,"CBD Belapur, Belapur - MPCB","29-07-2026 14:00:00",19.0243902,73.0406721,NO2,15,25,19
India,Maharashtra,Belapur,"CBD Belapur, Belapur - MPCB","29-07-2026 14:00:00",19.0243902,73.0406721,NH3,1,9,5
India,Maharashtra,Boisar,"Khaira, Boisar - MPCB","29-07-2026 14:00:00",19.786089,72.757971,NH3,NA,NA,NA
India,Maharashtra,Boisar,"Khaira, Boisar - MPCB","29-07-2026 14:00:00",19.786089,72.757971,SO2,1,5,2
India,Maharashtra,Boisar,"Khaira, Boisar - MPCB","29-07-2026 14:00:00",19.786089,72.757971,CO,2,28,15
India,Maharashtra,Chandrapur,"MIDC Khutala, Chandrapur - MPCB","29-07-2026 14:00:00",19.9775302,79.2337086,PM10,22,79,40
India,Maharashtra,Chandrapur,"Chauhan Colony, Chandrapur - MPCB","29-07-2026 14:00:00",19.9629,79.298714,NO2,8,12,11
India,Maharashtra,Dhule,"Deopur, Dhule - MPCB","29-07-2026 14:00:00",20.918946,74.776388,PM10,50,89,67
India,Maharashtra,Dhule,"Deopur, Dhule - MPCB","29-07-2026 14:00:00",20.918946,74.776388,OZONE,5,11,6
India,Maharashtra,Dombivli,"Kalu Nagar, Dombivli - MPCB","29-07-2026 14:00:00",19.2268427,73.0788456,PM2.5,7,13,9
India,Maharashtra,Dombivli,"Kalu Nagar, Dombivli - MPCB","29-07-2026 14:00:00",19.2268427,73.0788456,CO,NA,NA,NA
India,Karnataka,Tumakuru,"Thimmalapura, Tumakuru - KSPCB","29-07-2026 14:00:00",13.377516,77.099072,PM10,61,68,63
India,Karnataka,Tumakuru,"Thimmalapura, Tumakuru - KSPCB","29-07-2026 14:00:00",13.377516,77.099072,OZONE,27,27,27
India,Karnataka,Vijayapura,"Ibrahimpur, Vijayapura - KSPCB","29-07-2026 14:00:00",16.802639,75.722694,OZONE,16,16,16
India,Karnataka,Yadgir,"Collector Office, Yadgir - KSPCB","29-07-2026 14:00:00",16.7602,77.1428,PM2.5,3,29,13
India,Karnataka,Yadgir,"Collector Office, Yadgir - KSPCB","29-07-2026 14:00:00",16.7602,77.1428,SO2,9,19,14
India,Kerala,Kannur,"Thavakkara, Kannur - Kerala PCB","29-07-2026 14:00:00",11.875,75.3732,NH3,NA,NA,NA
India,Kerala,Kannur,"Thavakkara, Kannur - Kerala PCB","29-07-2026 14:00:00",11.875,75.3732,SO2,NA,NA,NA
India,Kerala,Thiruvananthapuram,"Kariavattom, Thiruvananthapuram - Kerala PCB","29-07-2026 14:00:00",8.5637,76.8865,CO,20,22,21
India,Kerala,Thiruvananthapuram,"Plammoodu, Thiruvananthapuram - Kerala PCB","29-07-2026 14:00:00",8.5149093,76.9435879,PM2.5,14,30,20
India,"Madhya Pradesh",Bhopal,"Paryavaran Parisar, Bhopal - MPPCB","29-07-2026 14:00:00",23.210494,77.425409,PM10,24,86,61
India,"Madhya Pradesh",Dewas,"Bhopal Chauraha, Dewas - MPPCB","29-07-2026 14:00:00",22.9682591,76.064118,PM10,71,107,87
India,Maharashtra,Mumbai,"Shivaji Nagar, Mumbai - BMC","29-07-2026 14:00:00",19.060498,72.923356,NH3,2,4,3
India,Maharashtra,Mumbai,"Shivaji Nagar, Mumbai - BMC","29-07-2026 14:00:00",19.060498,72.923356,SO2,0,6,3
India,Maharashtra,Mumbai,"Shivaji Nagar, Mumbai - BMC","29-07-2026 14:00:00",19.060498,72.923356,CO,10,36,18
India,Maharashtra,Mumbai,"Chembur, Mumbai - MPCB","29-07-2026 14:00:00",19.0364585,72.8954371,NO2,7,23,16
India,Maharashtra,Mumbai,"Chembur, Mumbai - MPCB","29-07-2026 14:00:00",19.0364585,72.8954371,CO,19,29,24
India,Maharashtra,Mumbai,"Siddharth Nagar-Worli, Mumbai - IITM","29-07-2026 14:00:00",19.000083,72.813993,NO2,11,16,14
India,Maharashtra,Mumbai,"Siddharth Nagar-Worli, Mumbai - IITM","29-07-2026 14:00:00",19.000083,72.813993,NH3,1,1,1
India,Maharashtra,Mumbai,"Siddharth Nagar-Worli, Mumbai - IITM","29-07-2026 14:00:00",19.000083,72.813993,OZONE,9,9,9
India,Maharashtra,Mumbai,"Chakala-Andheri East, Mumbai - IITM","29-07-2026 14:00:00",19.11074,72.86084,CO,2,19,12
India,Maharashtra,Mumbai,"Byculla, Mumbai - BMC","29-07-2026 14:00:00",18.9767,72.838,NH3,1,1,1
India,Maharashtra,Mumbai,"Byculla, Mumbai - BMC","29-07-2026 14:00:00",18.9767,72.838,OZONE,6,8,8
India,Maharashtra,Mumbai,"Worli, Mumbai - MPCB","29-07-2026 14:00:00",18.9936162,72.8128113,SO2,3,6,4
India,Maharashtra,Mumbai,"Worli, Mumbai - MPCB","29-07-2026 14:00:00",18.9936162,72.8128113,OZONE,7,8,8
India,"Madhya Pradesh",Jabalpur,"Marhatal, Jabalpur - MPPCB","29-07-2026 14:00:00",23.168606,79.932247,PM2.5,NA,NA,NA
India,"Madhya Pradesh",Jabalpur,"Marhatal, Jabalpur - MPPCB","29-07-2026 14:00:00",23.168606,79.932247,PM10,9,45,21
India,"Madhya Pradesh",Jabalpur,"Marhatal, Jabalpur - MPPCB","29-07-2026 14:00:00",23.168606,79.932247,SO2,19,22,20
India,"Madhya Pradesh",Jabalpur,"Marhatal, Jabalpur - MPPCB","29-07-2026 14:00:00",23.168606,79.932247,OZONE,26,72,47
India,"Madhya Pradesh",Jabalpur,"Suhagi, Jabalpur - JMC","29-07-2026 14:00:00",23.218135,79.95777,PM10,NA,NA,NA
India,"Madhya Pradesh",Jabalpur,"Suhagi, Jabalpur - JMC","29-07-2026 14:00:00",23.218135,79.95777,NH3,NA,NA,NA
India,"Madhya Pradesh",Jabalpur,"Suhagi, Jabalpur - JMC","29-07-2026 14:00:00",23.218135,79.95777,SO2,NA,NA,NA
India,"Madhya Pradesh",Jabalpur,"Govindh Bhavan Colony, Jabalpur - JMC","29-07-2026 14:00:00",23.163174,79.973061,OZONE,22,83,41
India,"Madhya Pradesh",Jabalpur,"Gupteshwar, Jabalpur - JMC","29-07-2026 14:00:00",23.142888,79.916147,SO2,10,14,13
India,"Madhya Pradesh",Jabalpur,"Gupteshwar, Jabalpur - JMC","29-07-2026 14:00:00",23.142888,79.916147,CO,38,49,45
India,"Madhya Pradesh",Pithampur,"Sector-2 Industrial Area, Pithampur - MPPCB","29-07-2026 14:00:00",22.624758,75.675238,PM10,57,136,105
India,"Madhya Pradesh",Gwalior,"Deen Dayal Nagar, Gwalior - MPPCB","29-07-2026 14:00:00",26.259242,78.216432,NO2,27,38,32
India,"Madhya Pradesh",Gwalior,"City Center, Gwalior - MPPCB","29-07-2026 14:00:00",26.203442,78.193251,SO2,20,34,26
India,"Madhya Pradesh",Indore,"Regional Park, Indore - IMC","29-07-2026 14:00:00",22.678,75.8559,PM2.5,18,48,29
India,"Madhya Pradesh",Indore,"Regional Park, Indore - IMC","29-07-2026 14:00:00",22.678,75.8559,NH3,1,4,3
India,"Madhya Pradesh",Indore,"Airport Area, Indore - IMC","29-07-2026 14:00:00",22.7289,75.8076,PM2.5,35,62,49
India,"Madhya Pradesh",Indore,"Maguda Nagar, Indore - IMC","29-07-2026 14:00:00",22.7524,75.8872,NO2,3,4,3
India,"Madhya Pradesh",Indore,"Maguda Nagar, Indore - IMC","29-07-2026 14:00:00",22.7524,75.8872,NH3,0,0,0
India,Maharashtra,Pune,"Panchawati_Pashan, Pune - IITM","29-07-2026 14:00:00",18.536457,73.805454,CO,27,58,49
India,Maharashtra,Pune,"Revenue Colony-Shivajinagar, Pune - IITM","29-07-2026 14:00:00",18.530085,73.849598,PM2.5,16,41,27
India,Maharashtra,Pune,"Dhankawadi, Pune - IITM","29-07-2026 14:00:00",18.459883,73.852193,CO,61,106,84
India,Maharashtra,Pune,"Savitribai Phule Pune University, Pune - MPCB","29-07-2026 14:00:00",18.547056,73.826908,PM10,16,60,34
India,Maharashtra,Pune,"Savitribai Phule Pune University, Pune - MPCB","29-07-2026 14:00:00",18.547056,73.826908,NO2,6,12,9
India,Maharashtra,Pune,"Savitribai Phule Pune University, Pune - MPCB","29-07-2026 14:00:00",18.547056,73.826908,NH3,1,2,1
India,Maharashtra,Pune,"Savitribai Phule Pune University, Pune - MPCB","29-07-2026 14:00:00",18.547056,73.826908,SO2,3,7,4
India,Maharashtra,Pune,"Savitribai Phule Pune University, Pune - MPCB","29-07-2026 14:00:00",18.547056,73.826908,OZONE,10,20,15
India,Maharashtra,Sangli,"Vijay Nagar, Sangli - MPCB","29-07-2026 14:00:00",16.5038,74.3623,SO2,4,6,4
India,Maharashtra,Satara,"Koyana Nagar, Satara - MPCB","29-07-2026 14:00:00",17.696651,74.003387,SO2,4,6,5
India,Maharashtra,Satara,"Koyana Nagar, Satara - MPCB","29-07-2026 14:00:00",17.696651,74.003387,OZONE,20,27,23
India,Maharashtra,Solapur,"Dnyaneshwar Nagar, Solapur - MPCB","29-07-2026 14:00:00",17.6336264,75.9132495,PM10,13,40,26
India,Maharashtra,Solapur,"Dnyaneshwar Nagar, Solapur - MPCB","29-07-2026 14:00:00",17.6336264,75.9132495,SO2,2,4,3
India,Maharashtra,Solapur,"Dnyaneshwar Nagar, Solapur - MPCB","29-07-2026 14:00:00",17.6336264,75.9132495,OZONE,7,13,10
India,Maharashtra,Solapur,"Ratandeep Housing Society, Solapur - MPCB","29-07-2026 14:00:00",17.65439,75.90649,PM2.5,23,67,42
India,Maharashtra,Solapur,"Ratandeep Housing Society, Solapur - MPCB","29-07-2026 14:00:00",17.65439,75.90649,SO2,NA,NA,NA
India,Maharashtra,Thane,"Upvan Fort, Thane - MPCB","29-07-2026 14:00:00",19.222279,72.957979,SO2,0,4,2
India,Maharashtra,Thane,"Kasarvadavali, Thane - MPCB","29-07-2026 14:00:00",19.26777,72.97182,PM10,46,93,72
India,Maharashtra,Thane,"Kasarvadavali, Thane - MPCB","29-07-2026 14:00:00",19.26777,72.97182,NH3,0,1,0
India,Maharashtra,Thane,"Kasarvadavali, Thane - MPCB","29-07-2026 14:00:00",19.26777,72.97182,OZONE,16,18,16
India,Maharashtra,Ulhasnagar,"Vithalwadi, Ulhasnagar - MPCB","29-07-2026 14:00:00",19.2307571,73.155192,PM2.5,12,37,23
India,Maharashtra,Ulhasnagar,"Vithalwadi, Ulhasnagar - MPCB","29-07-2026 14:00:00",19.2307571,73.155192,PM10,29,65,48
India,Odisha,Barbil,"Forest Office, Barbil - OSPCB","29-07-2026 14:00:00",22.1166054,85.3945546,OZONE,13,31,26
India,Odisha,Baripada,"Meher Colony, Baripada - OSPCB","29-07-2026 14:00:00",21.941841,86.728318,PM2.5,4,9,6
India,Odisha,Baripada,"Meher Colony, Baripada - OSPCB","29-07-2026 14:00:00",21.941841,86.728318,OZONE,31,45,37
India,Odisha,Bhubaneswar,"Lingraj Mandir, Bhubaneswar - OSPCB","29-07-2026 14:00:00",20.24079,85.836784,NH3,1,10,3
India,Odisha,Bhubaneswar,"Lingraj Mandir, Bhubaneswar - OSPCB","29-07-2026 14:00:00",20.24079,85.836784,SO2,7,10,9
India,Odisha,Bhubaneswar,"Patia, Bhubaneswar - OSPCB","29-07-2026 14:00:00",20.34652,85.8163,PM10,12,74,38
India,Odisha,Bhubaneswar,"Patia, Bhubaneswar - OSPCB","29-07-2026 14:00:00",20.34652,85.8163,SO2,5,9,7
India,Odisha,Bileipada,"Tata Township, Bileipada - OSPCB","29-07-2026 14:00:00",22.06156703,85.47409613,PM2.5,18,21,20
India,Odisha,Bileipada,"Tata Township, Bileipada - OSPCB","29-07-2026 14:00:00",22.06156703,85.47409613,SO2,9,9,9
India,Odisha,Bileipada,"Tata Township, Bileipada - OSPCB","29-07-2026 14:00:00",22.06156703,85.47409613,CO,17,21,19
India,Odisha,Bileipada,"Tata Township, Bileipada - OSPCB","29-07-2026 14:00:00",22.06156703,85.47409613,OZONE,17,20,18
India,Odisha,Brajrajnagar,"GM Office, Brajrajnagar - OSPCB","29-07-2026 14:00:00",21.8004996,83.8396977,NH3,4,4,4
India,Odisha,Brajrajnagar,"GM Office, Brajrajnagar - OSPCB","29-07-2026 14:00:00",21.8004996,83.8396977,CO,33,38,35
India,Odisha,Byasanagar,"Ferro Chrome Colony, Byasanagar - OSPCB","29-07-2026 14:00:00",20.94185,86.1151,PM2.5,15,65,46
India,Odisha,Cuttack,"CDA Area, Cuttack - OSPCB","29-07-2026 14:00:00",20.48891,85.84768,PM2.5,NA,NA,NA
India,Odisha,Cuttack,"CDA Area, Cuttack - OSPCB","29-07-2026 14:00:00",20.48891,85.84768,CO,35,61,43
India,Odisha,Cuttack,"CDA Area, Cuttack - OSPCB","29-07-2026 14:00:00",20.48891,85.84768,OZONE,20,83,39
India,Odisha,Keonjhar,"Jagamohanpur, Keonjhar - OSPCB","29-07-2026 14:00:00",21.6439,85.599355,NH3,2,3,2
India,Odisha,Rairangpur,"Divisional Forest Office, Rairangpur - OSPCB","29-07-2026 14:00:00",22.265816,86.174829,NO2,5,6,6
India,Odisha,Rourkela,"Fertilizer Township, Rourkela - OSPCB","29-07-2026 14:00:00",22.18972222,84.86277778,PM10,57,63,60
India,Maharashtra,"Navi Mumbai","Mahape, Navi Mumbai - MPCB","29-07-2026 14:00:00",19.1135051,73.008978,PM10,59,88,74
India,Maharashtra,"Navi Mumbai","Tondare-Taloja, Navi Mumbai - MPCB","29-07-2026 14:00:00",19.063,73.1209,CO,17,29,26
India,Maharashtra,Parbhani,"Masoom Colony, Parbhani - MPCB","29-07-2026 14:00:00",19.265594,76.761463,NH3,4,5,4
India,Maharashtra,Pimpri-Chinchwad,"Transport Nagar-Nigdi, Pune - IITM","29-07-2026 14:00:00",18.664282,73.763966,PM2.5,13,53,31
India,Maharashtra,Pimpri-Chinchwad,"Bhosari, Pune - IITM","29-07-2026 14:00:00",18.640051,73.848956,PM2.5,12,52,30
India,Maharashtra,Pimpri-Chinchwad,"Bhosari, Pune - IITM","29-07-2026 14:00:00",18.640051,73.848956,PM10,49,111,73
India,Maharashtra,Pimpri-Chinchwad,"Bhosari, Pune - IITM","29-07-2026 14:00:00",18.640051,73.848956,SO2,NA,NA,NA
India,Maharashtra,Pimpri-Chinchwad,"Park Street Wakad, Pimpri Chinchwad - MPCB","29-07-2026 14:00:00",18.59051,73.77946,NO2,7,26,14
India,Maharashtra,Pimpri-Chinchwad,"Thergaon, Pimpri Chinchwad - MPCB","29-07-2026 14:00:00",18.616318,73.765797,PM2.5,9,30,20
India,Maharashtra,Pimpri-Chinchwad,"Gavalinagar, Pimpri Chinchwad - MPCB","29-07-2026 14:00:00",18.63673,73.82487,PM10,20,59,37
India,Maharashtra,Pimpri-Chinchwad,"Gavalinagar, Pimpri Chinchwad - MPCB","29-07-2026 14:00:00",18.63673,73.82487,NO2,1,16,8
India,Maharashtra,Pimpri-Chinchwad,"Gavalinagar, Pimpri Chinchwad - MPCB","29-07-2026 14:00:00",18.63673,73.82487,CO,10,19,14
India,Maharashtra,Pune,"Mhada Colony, Pune - IITM","29-07-2026 14:00:00",18.57304,73.927715,PM2.5,17,58,35
India,Maharashtra,Pune,"Mhada Colony, Pune - IITM","29-07-2026 14:00:00",18.57304,73.927715,CO,31,105,59
India,Maharashtra,Pune,"Panchawati_Pashan, Pune - IITM","29-07-2026 14:00:00",18.536457,73.805454,PM2.5,16,53,29
India,Maharashtra,Pune,"Panchawati_Pashan, Pune - IITM","29-07-2026 14:00:00",18.536457,73.805454,NO2,5,11,7
India,Maharashtra,Ulhasnagar,"Vithalwadi, Ulhasnagar - MPCB","29-07-2026 14:00:00",19.2307571,73.155192,OZONE,11,16,13
India,Maharashtra,Virar,"Bolinj, Virar - MPCB","29-07-2026 14:00:00",19.445821,72.7988231,NH3,9,9,9
India,Maharashtra,Virar,"Bolinj, Virar - MPCB","29-07-2026 14:00:00",19.445821,72.7988231,SO2,1,3,2
India,Meghalaya,Byrnihat,"15th Mile-Nongthymmai, Byrnihat -Meghalaya PCB","29-07-2026 14:00:00",26.079047,91.875185,NH3,0,1,0
India,Meghalaya,Shillong,"JN Stadium, Shillong - Meghalaya PCB","29-07-2026 14:00:00",25.5803419,91.8942571,PM2.5,NA,NA,NA
India,Meghalaya,Shillong,"JN Stadium, Shillong - Meghalaya PCB","29-07-2026 14:00:00",25.5803419,91.8942571,NO2,1,6,3
India,Mizoram,Aizawl,"Sikulpuikawn, Aizawl - Mizoram PCB","29-07-2026 14:00:00",23.7176342,92.7192841,NO2,1,1,1
India,Nagaland,Kohima,"PWD Junction, Kohima - NPCB","29-07-2026 14:00:00",25.6635413,94.0989878,PM10,4,25,14
India,Nagaland,Kohima,"PWD Junction, Kohima - NPCB","29-07-2026 14:00:00",25.6635413,94.0989878,SO2,47,70,57
India,Odisha,Angul,"Hakimapada, Angul - OSPCB","29-07-2026 14:00:00",20.832874,85.104082,PM2.5,3,78,14
India,Odisha,Angul,"Hakimapada, Angul - OSPCB","29-07-2026 14:00:00",20.832874,85.104082,NO2,0,16,4
India,Odisha,Angul,"Hakimapada, Angul - OSPCB","29-07-2026 14:00:00",20.832874,85.104082,NH3,5,10,6
India,Odisha,Balasore,"Kalidaspur, Balasore - OSPCB","29-07-2026 14:00:00",21.51161,86.89088,NO2,2,30,14
India,Odisha,Balasore,"Kalidaspur, Balasore - OSPCB","29-07-2026 14:00:00",21.51161,86.89088,CO,38,42,40
India,Odisha,Barbil,"Forest Office, Barbil - OSPCB","29-07-2026 14:00:00",22.1166054,85.3945546,CO,8,11,9
India,Rajasthan,Jaipur,"RIICO Sitapura, Jaipur - RSPCB","29-07-2026 14:00:00",26.786682,75.827928,PM2.5,3,60,30
India,Rajasthan,Jaipur,"RIICO Sitapura, Jaipur - RSPCB","29-07-2026 14:00:00",26.786682,75.827928,PM10,8,111,51
India,Rajasthan,Jaipur,"RIICO Sitapura, Jaipur - RSPCB","29-07-2026 14:00:00",26.786682,75.827928,NO2,9,43,27
India,Rajasthan,Jaipur,"Sector-2 Murlipura, Jaipur - RSPCB","29-07-2026 14:00:00",26.960669,75.771817,NO2,14,43,24
India,Rajasthan,Jaipur,"Shastri Nagar, Jaipur - RSPCB","29-07-2026 14:00:00",26.9502929,75.730943,PM2.5,23,83,45
India,Rajasthan,Jaipur,"Shastri Nagar, Jaipur - RSPCB","29-07-2026 14:00:00",26.9502929,75.730943,PM10,36,96,60
India,Rajasthan,Jaipur,"Shastri Nagar, Jaipur - RSPCB","29-07-2026 14:00:00",26.9502929,75.730943,SO2,18,41,26
India,Rajasthan,Jaipur,"Adarsh Nagar, Jaipur - RSPCB","29-07-2026 14:00:00",26.902909,75.836858,SO2,5,38,25
India,Rajasthan,Jaipur,"Adarsh Nagar, Jaipur - RSPCB","29-07-2026 14:00:00",26.902909,75.836858,CO,35,49,44
India,Rajasthan,Jalore,"Mudtra Sili, Jalore - RSPCB","29-07-2026 14:00:00",25.344694,72.626208,PM10,77,115,96
India,Rajasthan,Jalore,"Mudtra Sili, Jalore - RSPCB","29-07-2026 14:00:00",25.344694,72.626208,OZONE,12,36,18
India,Rajasthan,Jhalawar,"Rajlaxmi Nagar, Jhalawar - RSPCB","29-07-2026 14:00:00",24.588397,76.172782,PM2.5,20,150,51
India,Rajasthan,Jhunjhunu,"Indra Nagar, Jhunjhunu - RSPCB","29-07-2026 14:00:00",28.108988,75.386577,SO2,1,3,2
India,Rajasthan,Jhunjhunu,"Indra Nagar, Jhunjhunu - RSPCB","29-07-2026 14:00:00",28.108988,75.386577,CO,19,28,23
India,Rajasthan,Jodhpur,"Mandor, Jodhpur - RSPCB","29-07-2026 14:00:00",26.358805,73.047444,OZONE,8,48,23
India,Odisha,Rourkela,"Raghunathpali, Rourkela - OSPCB","29-07-2026 14:00:00",22.220833,84.809444,PM2.5,NA,NA,NA
India,Odisha,Rourkela,"Raghunathpali, Rourkela - OSPCB","29-07-2026 14:00:00",22.220833,84.809444,NH3,1,2,2
India,Odisha,Rourkela,"Raghunathpali, Rourkela - OSPCB","29-07-2026 14:00:00",22.220833,84.809444,OZONE,5,18,9
India,Odisha,Talcher,"Talcher Coalfields,Talcher - OSPCB","29-07-2026 14:00:00",20.9360711,85.1707021,NH3,6,9,7
India,Odisha,Talcher,"Talcher Coalfields,Talcher - OSPCB","29-07-2026 14:00:00",20.9360711,85.1707021,CO,27,31,29
India,Odisha,Tensa,"Barsua Iron Ore Mines, Tensa - OSPCB","29-07-2026 14:00:00",21.869985,85.167016,PM2.5,8,10,8
India,Puducherry,Puducherry,"Jawahar Nagar, Puducherry - PPCC","29-07-2026 14:00:00",11.9309,79.8027,NO2,5,15,10
India,Puducherry,Puducherry,"Jawahar Nagar, Puducherry - PPCC","29-07-2026 14:00:00",11.9309,79.8027,CO,16,22,19
India,Puducherry,Puducherry,"Jawahar Nagar, Puducherry - PPCC","29-07-2026 14:00:00",11.9309,79.8027,OZONE,7,47,30
India,Punjab,Amritsar,"Golden Temple, Amritsar - PPCB","29-07-2026 14:00:00",31.62,74.876512,NH3,5,5,5
India,Punjab,Khanna,"Kalal Majra, Khanna - PPCB","29-07-2026 14:00:00",30.736056,76.209694,PM2.5,37,46,39
India,Punjab,Ludhiana,"Punjab Agricultural University, Ludhiana - PPCB","29-07-2026 14:00:00",30.9028,75.8086,PM2.5,23,166,49
India,Punjab,Ludhiana,"Punjab Agricultural University, Ludhiana - PPCB","29-07-2026 14:00:00",30.9028,75.8086,PM10,28,140,56
India,Punjab,Ludhiana,"Punjab Agricultural University, Ludhiana - PPCB","29-07-2026 14:00:00",30.9028,75.8086,NH3,8,9,8
India,Rajasthan,Jodhpur,"Digari Kalan, Jodhpur - RSPCB","29-07-2026 14:00:00",26.29581,73.082283,PM10,81,127,100
India,Rajasthan,Jodhpur,"Digari Kalan, Jodhpur - RSPCB","29-07-2026 14:00:00",26.29581,73.082283,OZONE,15,49,29
India,Rajasthan,Jodhpur,"Samrat Ashok Udhyan, Jodhpur - RSPCB","29-07-2026 14:00:00",26.253384,72.976571,CO,11,14,13
India,Rajasthan,Jodhpur,"Collectorate, Jodhpur - RSPCB","29-07-2026 14:00:00",26.268249,73.0193853,PM10,79,118,98
India,Rajasthan,Jodhpur,"Jhalamand, Jodhpur - RSPCB","29-07-2026 14:00:00",26.215415,73.070156,SO2,3,4,4
India,Rajasthan,Kota,"Nayapura, Kota - RSPCB","29-07-2026 14:00:00",25.196024,75.855668,SO2,6,18,12
India,Rajasthan,Kota,"Nayapura, Kota - RSPCB","29-07-2026 14:00:00",25.196024,75.855668,OZONE,47,48,48
India,Rajasthan,Kota,"Dhanmandi, Kota - RSPCB","29-07-2026 14:00:00",25.16409,75.858137,PM10,16,76,33
India,Rajasthan,Kota,"Dhanmandi, Kota - RSPCB","29-07-2026 14:00:00",25.16409,75.858137,NO2,20,47,39
India,Rajasthan,Kota,"Dhanmandi, Kota - RSPCB","29-07-2026 14:00:00",25.16409,75.858137,NH3,0,3,1
India,Rajasthan,Kota,"Dhanmandi, Kota - RSPCB","29-07-2026 14:00:00",25.16409,75.858137,OZONE,21,34,28
India,Rajasthan,Pali,"Indira Colony Vistar, Pali - RSPCB","29-07-2026 14:00:00",25.771061,73.340227,PM2.5,35,295,150
India,Rajasthan,Pali,"Indira Colony Vistar, Pali - RSPCB","29-07-2026 14:00:00",25.771061,73.340227,NO2,15,23,19
India,Rajasthan,Pratapgarh,"Pragati Nagar, Pratapgarh - RSPCB","29-07-2026 14:00:00",24.041198,74.780702,CO,15,24,17
India,Punjab,Patiala,"Model Town, Patiala - PPCB","29-07-2026 14:00:00",30.349388,76.366642,PM2.5,NA,NA,NA
India,Punjab,Patiala,"Model Town, Patiala - PPCB","29-07-2026 14:00:00",30.349388,76.366642,NO2,NA,NA,NA
India,Punjab,Patiala,"Model Town, Patiala - PPCB","29-07-2026 14:00:00",30.349388,76.366642,CO,19,28,24
India,Punjab,Rupnagar,"Ratanpura, Rupnagar - Ambuja Cements","29-07-2026 14:00:00",31.0325454,76.5623046,NO2,9,45,26
India,Punjab,Rupnagar,"Ratanpura, Rupnagar - Ambuja Cements","29-07-2026 14:00:00",31.0325454,76.5623046,CO,51,55,53
India,Rajasthan,Alwar,"Vigyan Nagar, Alwar - RSPCB","29-07-2026 14:00:00",27.598796,76.63861,PM10,61,119,78
India,Rajasthan,Alwar,"Vigyan Nagar, Alwar - RSPCB","29-07-2026 14:00:00",27.598796,76.63861,OZONE,1,37,19
India,Rajasthan,Banswara,"Rati Talai, Banswara - RSPCB","29-07-2026 14:00:00",23.55519,74.44001,NH3,1,2,1
India,Rajasthan,Banswara,"Rati Talai, Banswara - RSPCB","29-07-2026 14:00:00",23.55519,74.44001,SO2,9,19,10
India,Rajasthan,Baran,"Bamboliya, Baran - RSPCB","29-07-2026 14:00:00",25.106006,76.469948,CO,49,56,52
India,Rajasthan,Baran,"Bamboliya, Baran - RSPCB","29-07-2026 14:00:00",25.106006,76.469948,OZONE,50,98,66
India,Rajasthan,Barmer,"Railway Colony, Barmer - RSPCB","29-07-2026 14:00:00",25.747299,71.393989,NH3,8,13,10
India,Rajasthan,Bharatpur,"Krishna Nagar, Bharatpur - RSPCB","29-07-2026 14:00:00",27.215415,77.50873,CO,24,36,28
India,Rajasthan,Bhiwadi,"RIICO Ind. Area III, Bhiwadi - RSPCB","29-07-2026 14:00:00",28.194909,76.862296,NO2,21,59,35
India,Rajasthan,Bhiwadi,"RIICO Ind. Area III, Bhiwadi - RSPCB","29-07-2026 14:00:00",28.194909,76.862296,NH3,4,14,8
India,Rajasthan,Bundi,"New Colony, Bundi - RSPCB","29-07-2026 14:00:00",25.435774,75.644272,PM2.5,3,80,31
India,Rajasthan,Chittorgarh,"Shastri Nagar, Chittorgarh - RSPCB","29-07-2026 14:00:00",24.892047,74.623527,PM10,35,113,68
India,Rajasthan,Chittorgarh,"Shastri Nagar, Chittorgarh - RSPCB","29-07-2026 14:00:00",24.892047,74.623527,OZONE,17,55,38
India,Rajasthan,Dausa,"Khatikan Mohalla, Dausa - RSPCB","29-07-2026 14:00:00",26.895552,76.334753,PM2.5,15,68,35
India,Rajasthan,Dausa,"Khatikan Mohalla, Dausa - RSPCB","29-07-2026 14:00:00",26.895552,76.334753,NO2,10,71,24
India,Rajasthan,Dausa,"Khatikan Mohalla, Dausa - RSPCB","29-07-2026 14:00:00",26.895552,76.334753,NH3,8,28,15
India,Rajasthan,Dausa,"Khatikan Mohalla, Dausa - RSPCB","29-07-2026 14:00:00",26.895552,76.334753,SO2,1,6,2
India,Rajasthan,Dholpur,"Raja Ganj, Dholpur - RSPCB","29-07-2026 14:00:00",26.699557,77.898881,PM10,10,325,124
India,Rajasthan,Dungarpur,"Bhoiwada, Dungarpur - RSPCB","29-07-2026 14:00:00",23.837789,73.714926,SO2,4,6,5
India,Rajasthan,Hanumangarh,"Housing Board, Hanumangarh - RSPCB","29-07-2026 14:00:00",29.61075,74.283608,SO2,3,5,4
India,Telangana,Hyderabad,"New Malakpet, Hyderabad - TSPCB","29-07-2026 14:00:00",17.37206,78.50864,CO,22,26,24
India,Telangana,Hyderabad,"Central University, Hyderabad - TSPCB","29-07-2026 14:00:00",17.460103,78.334361,NH3,0,3,1
India,Telangana,Hyderabad,"IDA Pashamylaram, Hyderabad - TSPCB","29-07-2026 14:00:00",17.5316895,78.218939,NO2,3,38,19
India,Telangana,Hyderabad,"IITH Kandi, Hyderabad - TSPCB","29-07-2026 14:00:00",17.585705,78.126199,CO,21,31,29
India,Tripura,Agartala,"Bardowali, Agartala - Tripura SPCB","29-07-2026 14:00:00",23.8175497,91.2726974,PM2.5,15,64,36
India,Tripura,Agartala,"Bardowali, Agartala - Tripura SPCB","29-07-2026 14:00:00",23.8175497,91.2726974,SO2,10,11,10
India,"Uttar Pradesh",Agra,"Shastripuram, Agra - UPPCB","29-07-2026 14:00:00",27.19862,77.92066,PM10,27,131,54
India,"Uttar Pradesh",Agra,"Shastripuram, Agra - UPPCB","29-07-2026 14:00:00",27.19862,77.92066,SO2,11,12,11
India,"Uttar Pradesh",Agra,"Shastripuram, Agra - UPPCB","29-07-2026 14:00:00",27.19862,77.92066,OZONE,24,30,28
India,"Uttar Pradesh",Agra,"Manoharpur, Agra - UPPCB","29-07-2026 14:00:00",27.23711,78.01936,PM2.5,72,95,81
India,"Uttar Pradesh",Agra,"Manoharpur, Agra - UPPCB","29-07-2026 14:00:00",27.23711,78.01936,PM10,56,74,63
India,"Uttar Pradesh",Agra,"Sanjay Palace, Agra - UPPCB","29-07-2026 14:00:00",27.19865833,78.00598056,OZONE,4,15,10
India,"Uttar Pradesh",Agra,"Sector-3B Avas Vikas Colony, Agra - UPPCB","29-07-2026 14:00:00",27.19412,77.96237,PM10,10,66,49
India,"Uttar Pradesh",Agra,"Sector-3B Avas Vikas Colony, Agra - UPPCB","29-07-2026 14:00:00",27.19412,77.96237,SO2,27,28,27
India,"Uttar Pradesh",Agra,"Sector-3B Avas Vikas Colony, Agra - UPPCB","29-07-2026 14:00:00",27.19412,77.96237,OZONE,12,16,13
India,"Uttar Pradesh",Agra,"Rohta, Agra - UPPCB","29-07-2026 14:00:00",27.106972,78.000111,NH3,7,7,7
India,"Uttar Pradesh",Agra,"Rohta, Agra - UPPCB","29-07-2026 14:00:00",27.106972,78.000111,SO2,10,17,13
India,"Uttar Pradesh",Agra,"Rohta, Agra - UPPCB","29-07-2026 14:00:00",27.106972,78.000111,OZONE,13,15,14
India,"Uttar Pradesh",Baghpat,"Sardar Patel Inter College, Baghpat - UPPCB","29-07-2026 14:00:00",28.964949,77.278761,PM10,5,111,58
India,"Uttar Pradesh",Bareilly,"Rajendra Nagar, Bareilly - UPPCB","29-07-2026 14:00:00",28.38910936,79.42963708,PM2.5,33,54,44
India,"Uttar Pradesh",Bareilly,"Rajendra Nagar, Bareilly - UPPCB","29-07-2026 14:00:00",28.38910936,79.42963708,NH3,1,2,1
India,"Uttar Pradesh",Bareilly,"Civil Lines, Bareilly - UPPCB","29-07-2026 14:00:00",28.359581,79.414455,NH3,0,20,4
India,"Uttar Pradesh",Bulandshahr,"Yamunapuram, Bulandshahr - UPPCB","29-07-2026 14:00:00",28.406963,77.849831,NO2,8,41,18
India,"Uttar Pradesh",Bulandshahr,"Yamunapuram, Bulandshahr - UPPCB","29-07-2026 14:00:00",28.406963,77.849831,CO,21,44,33
India,"Uttar Pradesh",Bulandshahr,"Yamunapuram, Bulandshahr - UPPCB","29-07-2026 14:00:00",28.406963,77.849831,OZONE,4,16,11
India,"Uttar Pradesh","Fatehpur Sikri","Dadupura, Fatehpur Sikri - UPPCB","29-07-2026 14:00:00",27.097694,77.671335,CO,20,25,22
India,"Uttar Pradesh",Firozabad,"Vibhab Nagar, Firozabad - UPPCB","29-07-2026 14:00:00",27.1594,78.3953,PM10,18,51,32
India,"Uttar Pradesh",Firozabad,"Vibhab Nagar, Firozabad - UPPCB","29-07-2026 14:00:00",27.1594,78.3953,NH3,6,7,7
India,"Uttar Pradesh",Firozabad,"Vibhab Nagar, Firozabad - UPPCB","29-07-2026 14:00:00",27.1594,78.3953,OZONE,0,1,1
India,"Uttar Pradesh",Firozabad,"Nagla Bhau, Firozabad - UPPCB","29-07-2026 14:00:00",27.168897,78.37696,PM2.5,8,32,21
India,"Uttar Pradesh",Gajraula,"Rajanpur, Gajraula - UPPCB","29-07-2026 14:00:00",28.829109,78.248796,SO2,0,2,1
India,"Uttar Pradesh",Gajraula,"Rajanpur, Gajraula - UPPCB","29-07-2026 14:00:00",28.829109,78.248796,OZONE,1,31,17
India,"Uttar Pradesh",Ghaziabad,"Sanjay Nagar, Ghaziabad - UPPCB","29-07-2026 14:00:00",28.685382,77.453839,PM2.5,17,239,87
India,"Uttar Pradesh",Ghaziabad,"Sanjay Nagar, Ghaziabad - UPPCB","29-07-2026 14:00:00",28.685382,77.453839,NO2,4,49,21
India,"Uttar Pradesh",Ghaziabad,"Vasundhara, Ghaziabad - UPPCB","29-07-2026 14:00:00",28.6603346,77.3572563,PM2.5,17,220,115
India,"Uttar Pradesh",Ghaziabad,"Vasundhara, Ghaziabad - UPPCB","29-07-2026 14:00:00",28.6603346,77.3572563,PM10,19,129,103
India,"Uttar Pradesh",Ghaziabad,"Vasundhara, Ghaziabad - UPPCB","29-07-2026 14:00:00",28.6603346,77.3572563,NH3,7,10,8
India,"Uttar Pradesh",Ghaziabad,"Vasundhara, Ghaziabad - UPPCB","29-07-2026 14:00:00",28.6603346,77.3572563,OZONE,16,105,53
India,"Uttar Pradesh",Ghaziabad,"Loni, Ghaziabad - UPPCB","29-07-2026 14:00:00",28.757294,77.278792,SO2,NA,NA,NA
India,"Uttar Pradesh",Muzaffarnagar,"New Mandi, Muzaffarnagar - UPPCB","29-07-2026 14:00:00",29.4723508,77.7194031,NO2,13,49,26
India,"Uttar Pradesh",Muzaffarnagar,"New Mandi, Muzaffarnagar - UPPCB","29-07-2026 14:00:00",29.4723508,77.7194031,NH3,1,4,2
India,"Uttar Pradesh",Noida,"Sector-116, Noida - UPPCB","29-07-2026 14:00:00",28.56923,77.393848,OZONE,16,194,110
India,"Uttar Pradesh",Noida,"Sector - 62, Noida - IITM","29-07-2026 14:00:00",28.6245479,77.3577104,NH3,NA,NA,NA
India,"Uttar Pradesh",Noida,"Sector - 62, Noida - IITM","29-07-2026 14:00:00",28.6245479,77.3577104,OZONE,15,100,54
India,"Uttar Pradesh",Noida,"Sector - 125, Noida - UPPCB","29-07-2026 14:00:00",28.5447608,77.3231257,PM2.5,15,210,72
India,"Uttar Pradesh",Noida,"Sector - 125, Noida - UPPCB","29-07-2026 14:00:00",28.5447608,77.3231257,CO,8,17,12
India,"Uttar Pradesh",Noida,"Sector - 125, Noida - UPPCB","29-07-2026 14:00:00",28.5447608,77.3231257,OZONE,17,89,47
India,"Uttar Pradesh",Prayagraj,"Nagar Nigam, Prayagraj - UPPCB","29-07-2026 14:00:00",25.44919916,81.82735986,NH3,12,21,14
India,"Uttar Pradesh",Prayagraj,"Jhunsi, Prayagraj - UPPCB","29-07-2026 14:00:00",25.425602,81.917152,PM10,NA,NA,NA
India,"Uttar Pradesh",Prayagraj,"Jhunsi, Prayagraj - UPPCB","29-07-2026 14:00:00",25.425602,81.917152,CO,5,13,9
India,"Uttar Pradesh",Prayagraj,"Motilal Nehru NIT, Prayagraj - UPPCB","29-07-2026 14:00:00",25.494,81.863,CO,1,4,3
India,"Uttar Pradesh",Raebareli," Indira Nagar, Raebareli - NTPC Unchahar","29-07-2026 14:00:00",26.207781,81.245571,PM10,NA,NA,NA
India,"Uttar Pradesh",Shamli,"New Tehsil, Shamli - UPPCB","29-07-2026 14:00:00",29.4603683,77.3410291,PM2.5,5,44,25
India,"Uttar Pradesh",Shamli,"New Tehsil, Shamli - UPPCB","29-07-2026 14:00:00",29.4603683,77.3410291,CO,9,109,58
India,"Uttar Pradesh",Varanasi,"Maldahiya, Varanasi - UPPCB","29-07-2026 14:00:00",25.32393,82.99687,NH3,0,0,0
India,Rajasthan,Rajsamand,"Dhoinda, Rajsamand - RSPCB","29-07-2026 14:00:00",25.03636,73.883502,NO2,8,23,12
India,Rajasthan,"Sawai Madhopur","Sahu Nagar, Sawai Madhopur - RSPCB","29-07-2026 14:00:00",26.031443,76.359327,SO2,1,9,5
India,Rajasthan,Sikar,"Radhakishan Pura, Sikar - RSPCB","29-07-2026 14:00:00",27.608912,75.153302,PM10,3,119,60
India,Rajasthan,Sirohi,"Vedhaynath Colony, Sirohi - RSPCB","29-07-2026 14:00:00",24.885261,72.857549,NH3,2,6,4
India,Rajasthan,"Sri Ganganagar","Old City, Sri Ganganagar - RSPCB","29-07-2026 14:00:00",29.931624,73.864511,PM2.5,18,45,31
India,Rajasthan,Tonk,"Shastri Nagar, Tonk - RSPCB","29-07-2026 14:00:00",26.159933,75.780517,NO2,3,16,9
India,Rajasthan,Tonk,"Shastri Nagar, Tonk - RSPCB","29-07-2026 14:00:00",26.159933,75.780517,OZONE,20,50,34
India,Rajasthan,Udaipur,"Ashok Nagar, Udaipur - RSPCB","29-07-2026 14:00:00",24.5886166,73.6321397,NO2,11,47,25
India,Sikkim,Gangtok,"Zero Point GICI, Gangtok - SSPCB","29-07-2026 14:00:00",27.33853,88.614099,CO,1,4,2
India,"Tamil Nadu",Chennai,"Velachery Res. Area, Chennai - CPCB","29-07-2026 14:00:00",13.0052189,80.2398125,NH3,3,3,3
India,"Tamil Nadu",Chennai,"Manali, Chennai - CPCB","29-07-2026 14:00:00",13.164544,80.26285,PM2.5,9,47,27
India,"Tamil Nadu",Chennai,"Manali, Chennai - CPCB","29-07-2026 14:00:00",13.164544,80.26285,NH3,6,6,6
India,"Tamil Nadu",Chennai,"Arumbakkam, Chennai - TNPCB","29-07-2026 14:00:00",13.0664,80.2112,PM2.5,20,41,29
India,"Tamil Nadu",Chennai,"Arumbakkam, Chennai - TNPCB","29-07-2026 14:00:00",13.0664,80.2112,CO,NA,NA,NA
India,"Tamil Nadu",Chennai,"Kodungaiyur, Chennai - TNPCB","29-07-2026 14:00:00",13.1278,80.2642,SO2,4,7,6
India,"Tamil Nadu",Chennai,"Perungudi, Chennai - TNPCB","29-07-2026 14:00:00",12.9533,80.2357,PM10,5,311,94
India,"Tamil Nadu",Coimbatore,"SIDCO Kurichi, Coimbatore - TNPCB","29-07-2026 14:00:00",10.942451,76.978996,NO2,22,23,22
India,"Tamil Nadu",Cuddalore,"Semmandalam, Cuddalore - TNPCB","29-07-2026 14:00:00",11.7637683,79.7499835,NO2,NA,NA,NA
India,"Tamil Nadu",Cuddalore,"Semmandalam, Cuddalore - TNPCB","29-07-2026 14:00:00",11.7637683,79.7499835,SO2,NA,NA,NA
India,"Tamil Nadu",Cuddalore,"Semmandalam, Cuddalore - TNPCB","29-07-2026 14:00:00",11.7637683,79.7499835,OZONE,1,2,1
India,"Tamil Nadu",Cuddalore,"Kudikadu, Cuddalore - TNPCB","29-07-2026 14:00:00",11.6829898,79.7532099,NO2,NA,NA,NA
India,"Tamil Nadu",Cuddalore,"Kudikadu, Cuddalore - TNPCB","29-07-2026 14:00:00",11.6829898,79.7532099,OZONE,10,10,10
India,"Tamil Nadu",Gummidipoondi,"Anthoni Pillai Nagar, Gummidipoondi - TNPCB","29-07-2026 14:00:00",13.4127,80.1081,PM10,61,267,107
India,"Tamil Nadu",Gummidipoondi,"Anthoni Pillai Nagar, Gummidipoondi - TNPCB","29-07-2026 14:00:00",13.4127,80.1081,NH3,0,1,1
India,"Tamil Nadu",Thoothukudi,"Meelavittan, Thoothukudi - TNPCB","29-07-2026 14:00:00",8.816428,78.099039,PM2.5,NA,NA,NA
India,"Tamil Nadu",Thoothukudi,"Meelavittan, Thoothukudi - TNPCB","29-07-2026 14:00:00",8.816428,78.099039,CO,24,36,30
India,Telangana,Hyderabad,"Kokapet, Hyderabad - TSPCB","29-07-2026 14:00:00",17.393559,78.339194,OZONE,15,23,18
India,Telangana,Hyderabad,"ECIL Kapra, Hyderabad - TSPCB","29-07-2026 14:00:00",17.470431,78.566959,PM2.5,NA,NA,NA
India,Telangana,Hyderabad,"ECIL Kapra, Hyderabad - TSPCB","29-07-2026 14:00:00",17.470431,78.566959,CO,23,29,27
India,Telangana,Hyderabad,"Somajiguda, Hyderabad - TSPCB","29-07-2026 14:00:00",17.417094,78.457437,PM10,47,68,56
India,Telangana,Hyderabad,"Somajiguda, Hyderabad - TSPCB","29-07-2026 14:00:00",17.417094,78.457437,NH3,2,3,2
India,Telangana,Hyderabad,"Somajiguda, Hyderabad - TSPCB","29-07-2026 14:00:00",17.417094,78.457437,SO2,12,14,13
India,Telangana,Hyderabad,"Somajiguda, Hyderabad - TSPCB","29-07-2026 14:00:00",17.417094,78.457437,CO,15,24,20
India,Telangana,Hyderabad,"Kompally Municipal Office, Hyderabad - TSPCB","29-07-2026 14:00:00",17.544899,78.486949,NO2,11,14,14
India,Telangana,Hyderabad,"Kompally Municipal Office, Hyderabad - TSPCB","29-07-2026 14:00:00",17.544899,78.486949,SO2,4,7,5
India,Telangana,Hyderabad,"Kompally Municipal Office, Hyderabad - TSPCB","29-07-2026 14:00:00",17.544899,78.486949,CO,15,20,17
India,Telangana,Hyderabad,"Ramachandrapuram, Hyderabad - TSPCB","29-07-2026 14:00:00",17.528544,78.286195,NH3,2,4,2
India,Telangana,Hyderabad,"Ramachandrapuram, Hyderabad - TSPCB","29-07-2026 14:00:00",17.528544,78.286195,SO2,0,15,6
India,Telangana,Hyderabad,"Ramachandrapuram, Hyderabad - TSPCB","29-07-2026 14:00:00",17.528544,78.286195,CO,35,38,36
India,Telangana,Hyderabad,"ICRISAT Patancheru, Hyderabad - TSPCB","29-07-2026 14:00:00",17.5184,78.278777,NO2,4,16,9
India,Telangana,Hyderabad,"ICRISAT Patancheru, Hyderabad - TSPCB","29-07-2026 14:00:00",17.5184,78.278777,SO2,5,10,7
India,Telangana,Hyderabad,"Sanathnagar, Hyderabad - TSPCB","29-07-2026 14:00:00",17.4559458,78.4332152,PM2.5,5,36,18
India,Telangana,Hyderabad,"Sanathnagar, Hyderabad - TSPCB","29-07-2026 14:00:00",17.4559458,78.4332152,CO,34,40,37
India,Telangana,Hyderabad,"Zoo Park, Hyderabad - TSPCB","29-07-2026 14:00:00",17.349694,78.451437,PM10,1,151,35
India,Telangana,Hyderabad,"New Malakpet, Hyderabad - TSPCB","29-07-2026 14:00:00",17.37206,78.50864,PM10,44,48,45
India,"Uttar Pradesh",Ghaziabad,"Loni, Ghaziabad - UPPCB","29-07-2026 14:00:00",28.757294,77.278792,OZONE,1,56,26
India,"Uttar Pradesh",Ghaziabad,"Wave City, Ghaziabad - UPPCB","29-07-2026 14:00:00",28.646675,77.489049,SO2,0,3,1
India,"Uttar Pradesh",Ghaziabad,"Wave City, Ghaziabad - UPPCB","29-07-2026 14:00:00",28.646675,77.489049,CO,113,114,114
India,"Uttar Pradesh",Ghaziabad,"Govindpuram, Ghaziabad - UPPCB","29-07-2026 14:00:00",28.694528,77.494705,OZONE,3,5,4
India,"Uttar Pradesh",Gorakhpur,"Madan Mohan Malaviya University of Technology, Gorakhpur - UPPCB","29-07-2026 14:00:00",26.730136,83.433859,NO2,11,12,11
India,"Uttar Pradesh",Gorakhpur,"Madan Mohan Malaviya University of Technology, Gorakhpur - UPPCB","29-07-2026 14:00:00",26.730136,83.433859,OZONE,17,61,39
India,"Uttar Pradesh","Greater Noida","Knowledge Park - V, Greater Noida - UPPCB","29-07-2026 14:00:00",28.557054,77.453663,PM2.5,7,135,61
India,"Uttar Pradesh","Greater Noida","Knowledge Park - V, Greater Noida - UPPCB","29-07-2026 14:00:00",28.557054,77.453663,PM10,28,148,107
India,"Uttar Pradesh","Greater Noida","Knowledge Park - III, Greater Noida - UPPCB","29-07-2026 14:00:00",28.47272,77.482,NH3,8,11,10
India,"Uttar Pradesh",Hapur,"Anand Vihar, Hapur - UPPCB","29-07-2026 14:00:00",28.725645,77.749675,NH3,16,17,16
India,"Uttar Pradesh",Jhansi,"Shivaji Nagar, Jhansi - UPPCB","29-07-2026 14:00:00",25.4547,78.6039,CO,5,8,7
India,"Uttar Pradesh",Kanpur,"FTI Kidwai Nagar, Kanpur - UPPCB","29-07-2026 14:00:00",26.428282,80.327067,PM2.5,12,154,44
India,"Uttar Pradesh",Kanpur,"FTI Kidwai Nagar, Kanpur - UPPCB","29-07-2026 14:00:00",26.428282,80.327067,NH3,3,3,3
India,"Uttar Pradesh",Meerut,"Pallavpuram Phase 2, Meerut - UPPCB","29-07-2026 14:00:00",29.06351,77.709723,NH3,9,11,10
India,"Uttar Pradesh",Meerut,"Ganga Nagar, Meerut - UPPCB","29-07-2026 14:00:00",28.999264,77.7590354,PM2.5,26,94,51
India,"Uttar Pradesh",Meerut,"Ganga Nagar, Meerut - UPPCB","29-07-2026 14:00:00",28.999264,77.7590354,OZONE,18,69,45
India,"Uttar Pradesh",Meerut,"Jai Bhim Nagar, Meerut - UPPCB","29-07-2026 14:00:00",28.9535882,77.7622941,OZONE,12,67,42
India,"Uttar Pradesh",Meerut,"MIET College, Meerut - UPPCB","29-07-2026 14:00:00",28.972677,77.641018,NO2,27,65,44
India,"Uttar Pradesh",Meerut,"MIET College, Meerut - UPPCB","29-07-2026 14:00:00",28.972677,77.641018,SO2,3,4,4
India,"Uttar Pradesh",Modinagar,"SRM University, Modinagar - UPPCB","29-07-2026 14:00:00",28.798171,77.540243,NO2,16,34,22
India,"Uttar Pradesh",Modinagar,"SRM University, Modinagar - UPPCB","29-07-2026 14:00:00",28.798171,77.540243,SO2,4,5,4
India,"Uttar Pradesh",Moradabad,"Jigar Colony, Moradabad - UPPCB","29-07-2026 14:00:00",28.856664,78.772638,PM10,25,93,49
India,"Uttar Pradesh",Moradabad,"Jigar Colony, Moradabad - UPPCB","29-07-2026 14:00:00",28.856664,78.772638,OZONE,17,64,25
India,"Uttar Pradesh",Moradabad,"Employment Office, Moradabad - UPPCB","29-07-2026 14:00:00",28.88528,78.7388,PM2.5,30,121,57
India,"Uttar Pradesh",Moradabad,"Buddhi Vihar, Moradabad - UPPCB","29-07-2026 14:00:00",28.83526,78.7446,OZONE,20,24,22
India,"Uttar Pradesh",Moradabad,"Transport Nagar, Moradabad - UPPCB","29-07-2026 14:00:00",28.802625,78.753728,NO2,24,24,24
India,"Uttar Pradesh",Kanpur,"Nehru Nagar, Kanpur - UPPCB","29-07-2026 14:00:00",26.4703136,80.3229863,CO,47,53,51
India,"Uttar Pradesh",Khora,"Prashant Garden, Khora - UPPCB","29-07-2026 14:00:00",28.61119,77.34206,PM2.5,65,134,89
India,"Uttar Pradesh",Khurja,"Kalindi Kunj, Khurja - UPPCB","29-07-2026 14:00:00",28.2348927,77.8683002,CO,38,59,45
India,"Uttar Pradesh",Khurja,"Kalindi Kunj, Khurja - UPPCB","29-07-2026 14:00:00",28.2348927,77.8683002,OZONE,10,11,10
India,"Uttar Pradesh",Lucknow,"Lalbagh, Lucknow - CPCB","29-07-2026 14:00:00",26.8458805,80.9365541,CO,28,53,40
India,"Uttar Pradesh",Lucknow,"B R Ambedkar University, Lucknow - UPPCB","29-07-2026 14:00:00",26.766433,80.927299,PM2.5,17,68,48
India,"Uttar Pradesh",Lucknow,"Kendriya Vidyalaya, Lucknow - CPCB","29-07-2026 14:00:00",26.906111,80.948222,OZONE,37,79,58
India,"Uttar Pradesh",Mathura,"Pali Dungra, Mathura - UPPCB","29-07-2026 14:00:00",27.410954,77.550619,CO,18,40,26
India,"Uttar Pradesh",Varanasi,"Ardhali Bazar, Varanasi - UPPCB","29-07-2026 14:00:00",25.3505986,82.9083074,PM10,16,67,41
India,"Uttar Pradesh",Varanasi,"Ardhali Bazar, Varanasi - UPPCB","29-07-2026 14:00:00",25.3505986,82.9083074,NO2,39,42,40
India,"Uttar Pradesh",Varanasi,"Ardhali Bazar, Varanasi - UPPCB","29-07-2026 14:00:00",25.3505986,82.9083074,OZONE,18,36,25
India,"Uttar Pradesh",Varanasi,"IESD Banaras Hindu University, Varanasi - UPPCB","29-07-2026 14:00:00",25.262326,82.995408,PM2.5,5,35,22
India,"Uttar Pradesh",Varanasi,"Bhelupur, Varanasi - UPPCB","29-07-2026 14:00:00",25.301778,82.996789,PM2.5,19,130,48
India,"Uttar Pradesh",Varanasi,"Bhelupur, Varanasi - UPPCB","29-07-2026 14:00:00",25.301778,82.996789,PM10,22,122,53
India,Uttarakhand,Dehradun,"Doon University, Dehradun - UKPCB","29-07-2026 14:00:00",30.269444,78.044167,PM2.5,0,47,25
India,Uttarakhand,Dehradun,"Doon University, Dehradun - UKPCB","29-07-2026 14:00:00",30.269444,78.044167,PM10,1,42,30
India,Uttarakhand,Dehradun,"Doon University, Dehradun - UKPCB","29-07-2026 14:00:00",30.269444,78.044167,OZONE,0,15,9
India,Uttarakhand,Kashipur,"Govt. Girls Inter College, Kashipur - UKPCB","29-07-2026 14:00:00",29.2124114,78.9611753,OZONE,22,22,22
India,Uttarakhand,Rishikesh,"Shivaji Nagar, Rishikesh - UKPCB","29-07-2026 14:00:00",30.075911,78.2859547,OZONE,31,31,31
India,"West Bengal",Asansol,"Evelyn Lodge, Asansol - WBPCB","29-07-2026 14:00:00",23.697936,86.944395,OZONE,8,14,10
India,"West Bengal",Asansol,"Asansol Court Area, Asansol - WBPCB","29-07-2026 14:00:00",23.685297,86.945968,CO,28,36,32
India,"West Bengal",Asansol,"Trivenidevi Bhalotia College, Asansol - WBPCB","29-07-2026 14:00:00",23.616515,87.119133,NH3,5,5,5
India,"West Bengal",Barrackpore,"SVSPA Campus, Barrackpore - WBPCB","29-07-2026 14:00:00",22.7605581,88.3617589,NO2,12,22,17
India,"West Bengal",Barrackpore,"SVSPA Campus, Barrackpore - WBPCB","29-07-2026 14:00:00",22.7605581,88.3617589,NH3,5,8,7
India,"West Bengal",Durgapur,"Womens College_City Center, Durgapur - WBPCB","29-07-2026 14:00:00",23.549395,87.300496,PM2.5,7,23,15
India,"West Bengal",Durgapur,"PCBL Residential Complex, Durgapur - WBPCB","29-07-2026 14:00:00",23.508764,87.35444,PM2.5,13,39,24
India,"West Bengal",Howrah,"Padmapukur, Howrah - WBPCB","29-07-2026 14:00:00",22.5687319,88.2797276,PM10,23,45,31
India,"West Bengal",Howrah,"Dasnagar, Howrah - WBPCB","29-07-2026 14:00:00",22.6025571,88.3105664,PM2.5,2,56,28
India,"West Bengal",Howrah,"Dasnagar, Howrah - WBPCB","29-07-2026 14:00:00",22.6025571,88.3105664,NO2,2,6,4
India,"West Bengal",Howrah,"Dasnagar, Howrah - WBPCB","29-07-2026 14:00:00",22.6025571,88.3105664,SO2,2,10,8
India,"West Bengal",Howrah,"Dasnagar, Howrah - WBPCB","29-07-2026 14:00:00",22.6025571,88.3105664,OZONE,43,56,50
India,"West Bengal",Howrah,"Belur Math, Howrah - WBPCB","29-07-2026 14:00:00",22.629801,88.352017,NH3,4,5,5
India,"West Bengal",Howrah,"Botanical Garden, Howrah - WBPCB","29-07-2026 14:00:00",22.554954,88.292568,PM10,19,41,30
India,"West Bengal",Howrah,"Botanical Garden, Howrah - WBPCB","29-07-2026 14:00:00",22.554954,88.292568,NO2,10,28,17
India,"West Bengal",Howrah,"Botanical Garden, Howrah - WBPCB","29-07-2026 14:00:00",22.554954,88.292568,NH3,1,2,1
India,"West Bengal",Kolkata,"Fort William, Kolkata - WBPCB","29-07-2026 14:00:00",22.55664,88.342674,PM2.5,21,34,28
India,"West Bengal",Kolkata,"Fort William, Kolkata - WBPCB","29-07-2026 14:00:00",22.55664,88.342674,NO2,17,26,20
India,"West Bengal",Kolkata,"Fort William, Kolkata - WBPCB","29-07-2026 14:00:00",22.55664,88.342674,SO2,5,6,5
India,"West Bengal",Kolkata,"Ballygunge, Kolkata - WBPCB","29-07-2026 14:00:00",22.5367507,88.3638022,PM10,32,51,42
India,"West Bengal",Kolkata,"Rabindra Sarobar, Kolkata - WBPCB","29-07-2026 14:00:00",22.51106,88.35142,PM2.5,18,20,19
India,"West Bengal",Kolkata,"Rabindra Sarobar, Kolkata - WBPCB","29-07-2026 14:00:00",22.51106,88.35142,NO2,11,25,16
India,"West Bengal",Kolkata,"Jadavpur, Kolkata - WBPCB","29-07-2026 14:00:00",22.49929,88.36917,PM10,30,46,38
India,"West Bengal",Kolkata,"Jadavpur, Kolkata - WBPCB","29-07-2026 14:00:00",22.49929,88.36917,NO2,13,95,30
India,"West Bengal",Kolkata,"Jadavpur, Kolkata - WBPCB","29-07-2026 14:00:00",22.49929,88.36917,NH3,12,17,14
India,"West Bengal",Kolkata,"Rabindra Bharati University, Kolkata - WBPCB","29-07-2026 14:00:00",22.627847,88.380669,NH3,5,6,6
India,"West Bengal",Kolkata,"Rabindra Bharati University, Kolkata - WBPCB","29-07-2026 14:00:00",22.627847,88.380669,SO2,7,11,9
India,"West Bengal",Kolkata,"Bidhannagar, Kolkata - WBPCB","29-07-2026 14:00:00",22.58157048,88.41002457,SO2,5,9,7
India,"West Bengal",Siliguri,"Ward-32 Bapupara, Siliguri - WBPCB","29-07-2026 14:00:00",26.6879226,88.4152495,NH3,14,16,15
India,"Andhra Pradesh",Nellore,"Ambedkar Nagar, Nellore - APPCB ","29-07-2026 14:00:00",14.438164,79.966814,PM10,62,84,75
India,"Andhra Pradesh",Nellore,"Ambedkar Nagar, Nellore - APPCB ","29-07-2026 14:00:00",14.438164,79.966814,SO2,9,20,11
India,"Andhra Pradesh",Rajamahendravaram,"Anand Kala Kshetram, Rajamahendravaram - APPCB","29-07-2026 14:00:00",16.9872867,81.7363176,PM10,6,72,30
India,"Andhra Pradesh",Rajamahendravaram,"Anand Kala Kshetram, Rajamahendravaram - APPCB","29-07-2026 14:00:00",16.9872867,81.7363176,NO2,3,14,7
India,"Andhra Pradesh",Rajamahendravaram,"Anand Kala Kshetram, Rajamahendravaram - APPCB","29-07-2026 14:00:00",16.9872867,81.7363176,NH3,2,2,2
India,"Andhra Pradesh",Rajamahendravaram,"Anand Kala Kshetram, Rajamahendravaram - APPCB","29-07-2026 14:00:00",16.9872867,81.7363176,SO2,4,6,5
India,"Andhra Pradesh",Rajamahendravaram,"Anand Kala Kshetram, Rajamahendravaram - APPCB","29-07-2026 14:00:00",16.9872867,81.7363176,CO,16,20,18
India,"Andhra Pradesh",Rajamahendravaram,"Anand Kala Kshetram, Rajamahendravaram - APPCB","29-07-2026 14:00:00",16.9872867,81.7363176,OZONE,5,57,24
India,"Andhra Pradesh",Srikakulam,"Chinna Bharatham Colony, Srikakulam - APPCB","29-07-2026 14:00:00",18.292191,83.897173,PM2.5,1,54,17
India,"Andhra Pradesh",Srikakulam,"Chinna Bharatham Colony, Srikakulam - APPCB","29-07-2026 14:00:00",18.292191,83.897173,OZONE,7,38,19
India,"Andhra Pradesh",Tirupati,"Vaikuntapuram, Tirupati - APPCB","29-07-2026 14:00:00",13.615387,79.40923,PM2.5,NA,NA,NA
India,"Andhra Pradesh",Tirupati,"Vaikuntapuram, Tirupati - APPCB","29-07-2026 14:00:00",13.615387,79.40923,PM10,NA,NA,NA
India,"Andhra Pradesh",Tirupati,"Vaikuntapuram, Tirupati - APPCB","29-07-2026 14:00:00",13.615387,79.40923,NH3,NA,NA,NA
India,"Andhra Pradesh",Tirupati,"Vaikuntapuram, Tirupati - APPCB","29-07-2026 14:00:00",13.615387,79.40923,SO2,NA,NA,NA
India,"Andhra Pradesh",Tirupati,"Vaikuntapuram, Tirupati - APPCB","29-07-2026 14:00:00",13.615387,79.40923,CO,20,34,25
India,"Andhra Pradesh",Vijayawada,"Rajiv Gandhi Park, Vijayawada - APPCB","29-07-2026 14:00:00",16.509717,80.612222,CO,28,33,31
India,"Andhra Pradesh",Vijayawada,"Rajiv Nagar, Vijayawada - APPCB","29-07-2026 14:00:00",16.554731,80.64911,NH3,4,5,4
India,"Andhra Pradesh",Vijayawada,"Kanuru, Vijayawada - APPCB","29-07-2026 14:00:00",16.486692,80.699436,SO2,1,17,5
India,"Andhra Pradesh",Vijayawada,"Kanuru, Vijayawada - APPCB","29-07-2026 14:00:00",16.486692,80.699436,CO,21,29,25
India,Delhi,Delhi,"IGNOU_Maidan Garhi, Delhi - DPCC","29-07-2026 14:00:00",28.493624,77.201159,SO2,4,7,5
India,Delhi,Delhi,"Talkatora Garden, Delhi - DPCC","29-07-2026 14:00:00",28.62181,77.1944633,PM10,NA,NA,NA
India,Delhi,Delhi,"Talkatora Garden, Delhi - DPCC","29-07-2026 14:00:00",28.62181,77.1944633,NO2,20,69,42
India,Delhi,Delhi,"Talkatora Garden, Delhi - DPCC","29-07-2026 14:00:00",28.62181,77.1944633,NH3,1,3,2
India,Delhi,Delhi,"Talkatora Garden, Delhi - DPCC","29-07-2026 14:00:00",28.62181,77.1944633,CO,48,56,52
India,Delhi,Delhi,"Talkatora Garden, Delhi - DPCC","29-07-2026 14:00:00",28.62181,77.1944633,OZONE,0,86,46
India,Delhi,Delhi,"Aya Nagar, Delhi - IITM","29-07-2026 14:00:00",28.4706914,77.1099364,NH3,NA,NA,NA
India,Delhi,Delhi,"CRRI Mathura Road, Delhi - IITM","29-07-2026 14:00:00",28.5512005,77.2735737,PM10,21,123,72
India,Delhi,Delhi,"CRRI Mathura Road, Delhi - IITM","29-07-2026 14:00:00",28.5512005,77.2735737,NH3,NA,NA,NA
India,Delhi,Delhi,"Burari Crossing, Delhi - IITM","29-07-2026 14:00:00",28.7256504,77.2011573,PM10,32,137,84
India,Delhi,Delhi,"Burari Crossing, Delhi - IITM","29-07-2026 14:00:00",28.7256504,77.2011573,CO,34,46,39
India,Delhi,Delhi,"IMD Lodhi Road, Delhi - IITM","29-07-2026 14:00:00",28.5918245,77.2273074,OZONE,10,87,46
India,Delhi,Delhi,"JNU, Delhi - DPCC","29-07-2026 14:00:00",28.540721,77.168544,SO2,1,32,4
India,Delhi,Delhi,"Alipur, Delhi - DPCC","29-07-2026 14:00:00",28.815329,77.15301,PM2.5,13,167,68
India,Delhi,Delhi,"North Campus, DU, Delhi - IITM","29-07-2026 14:00:00",28.6573814,77.1585447,PM2.5,21,179,77
India,Delhi,Delhi,"North Campus, DU, Delhi - IITM","29-07-2026 14:00:00",28.6573814,77.1585447,SO2,NA,NA,NA
India,Delhi,Delhi,"R K Puram, Delhi - DPCC","29-07-2026 14:00:00",28.563262,77.186937,CO,25,31,27
India,Delhi,Delhi,"R K Puram, Delhi - DPCC","29-07-2026 14:00:00",28.563262,77.186937,OZONE,1,31,19
India,Bihar,Muzaffarpur,"Buddha Colony, Muzaffarpur - BSPCB","29-07-2026 14:00:00",26.11442,85.39813,OZONE,13,27,20
India,Bihar,Patna,"IGSC Planetarium Complex, Patna - BSPCB","29-07-2026 14:00:00",25.610369,85.132568,NH3,NA,NA,NA
India,Bihar,Patna,"IGSC Planetarium Complex, Patna - BSPCB","29-07-2026 14:00:00",25.610369,85.132568,OZONE,58,60,60
India,Bihar,Patna,"Rajbansi Nagar, Patna - BSPCB","29-07-2026 14:00:00",25.599486,85.113666,CO,24,71,42
India,Bihar,Patna,"Rajbansi Nagar, Patna - BSPCB","29-07-2026 14:00:00",25.599486,85.113666,OZONE,26,32,29
India,Bihar,Patna,"Muradpur, Patna - BSPCB","29-07-2026 14:00:00",25.619651,85.147382,PM2.5,28,71,48
India,Bihar,Patna,"Muradpur, Patna - BSPCB","29-07-2026 14:00:00",25.619651,85.147382,CO,45,53,50
India,Bihar,Patna,"Govt. High School Shikarpur, Patna - BSPCB","29-07-2026 14:00:00",25.592539,85.227158,PM2.5,40,45,43
India,Bihar,Patna,"Govt. High School Shikarpur, Patna - BSPCB","29-07-2026 14:00:00",25.592539,85.227158,NH3,6,6,6
India,Bihar,Patna,"Govt. High School Shikarpur, Patna - BSPCB","29-07-2026 14:00:00",25.592539,85.227158,SO2,12,13,13
India,Bihar,Purnia,"Mariam Nagar, Purnia - BSPCB","29-07-2026 14:00:00",25.366336,87.117468,OZONE,22,52,32
India,Bihar,Rajgir,"Dangi Tola, Rajgir - BSPCB","29-07-2026 14:00:00",25.0328,85.41948,PM2.5,25,163,47
India,Bihar,Saharsa,"Police Line, Saharsa - BSPCB","29-07-2026 14:00:00",25.892357,86.590325,PM10,22,236,60
India,Assam,Byrnihat,"Central Academy for SFS, Byrnihat - PCBA","29-07-2026 14:00:00",26.071318,91.87488,PM10,69,88,80
India,Assam,Byrnihat,"Central Academy for SFS, Byrnihat - PCBA","29-07-2026 14:00:00",26.071318,91.87488,OZONE,19,22,20
India,Assam,Guwahati,"IITG, Guwahati - PCBA","29-07-2026 14:00:00",26.2028636,91.70046436,PM2.5,12,500,128
India,Assam,Guwahati,"IITG, Guwahati - PCBA","29-07-2026 14:00:00",26.2028636,91.70046436,PM10,11,500,303
India,Assam,Guwahati,"IITG, Guwahati - PCBA","29-07-2026 14:00:00",26.2028636,91.70046436,CO,5,6,6
India,Assam,Guwahati,"LGBI Airport, Guwahati - PCBA","29-07-2026 14:00:00",26.10887,91.589544,NO2,10,83,17
India,Assam,Guwahati,"LGBI Airport, Guwahati - PCBA","29-07-2026 14:00:00",26.10887,91.589544,NH3,1,21,4
India,Assam,Guwahati,"LGBI Airport, Guwahati - PCBA","29-07-2026 14:00:00",26.10887,91.589544,CO,6,36,24
India,Assam,Guwahati,"Railway Colony, Guwahati - PCBA","29-07-2026 14:00:00",26.181742,91.78063,PM10,10,64,30
India,Assam,Guwahati,"Pan Bazaar, Guwahati - PCBA","29-07-2026 14:00:00",26.1875,91.744194,PM10,NA,NA,NA
India,Assam,Guwahati,"Pan Bazaar, Guwahati - PCBA","29-07-2026 14:00:00",26.1875,91.744194,OZONE,14,18,16
India,Assam,Nagaon,"Christianpatty, Nagaon - PCBA","29-07-2026 14:00:00",26.349082,92.68449,CO,14,25,22
India,Assam,Nalbari,"Bata Chowk, Nalbari - PCBA","29-07-2026 14:00:00",26.446912,91.439057,PM10,NA,NA,NA
India,Assam,Nalbari,"Bata Chowk, Nalbari - PCBA","29-07-2026 14:00:00",26.446912,91.439057,CO,21,22,22
India,Delhi,Delhi,"ITO, Delhi - CPCB","29-07-2026 14:00:00",28.628624,77.24106,CO,38,61,50
India,Delhi,Delhi,"NSUT Jaffarpur, Delhi - DPCC","29-07-2026 14:00:00",28.594004,76.909423,CO,59,76,66
India,Delhi,Delhi,"NSUT Jaffarpur, Delhi - DPCC","29-07-2026 14:00:00",28.594004,76.909423,OZONE,2,73,44
India,Delhi,Delhi,"Punjabi Bagh, Delhi - DPCC","29-07-2026 14:00:00",28.674045,77.131023,PM2.5,3,240,59
India,Delhi,Delhi,"Shadipur, Delhi - CPCB","29-07-2026 14:00:00",28.6514781,77.1473105,OZONE,22,26,23
India,Delhi,Delhi,"Mandir Marg, Delhi - DPCC","29-07-2026 14:00:00",28.636429,77.201067,OZONE,NA,NA,NA
India,Delhi,Delhi,"Pusa, Delhi - DPCC","29-07-2026 14:00:00",28.639652,77.146275,PM10,10,139,82
India,Delhi,Delhi,"Chandni Chowk, Delhi - IITM","29-07-2026 14:00:00",28.656756,77.227234,PM10,32,119,79
India,Delhi,Delhi,"IGI Airport (T3), Delhi - IITM","29-07-2026 14:00:00",28.5627763,77.1180053,PM2.5,0,90,32
India,Delhi,Delhi,"IGI Airport (T3), Delhi - IITM","29-07-2026 14:00:00",28.5627763,77.1180053,NO2,51,145,73
India,Delhi,Delhi,"IGI Airport (T3), Delhi - IITM","29-07-2026 14:00:00",28.5627763,77.1180053,NH3,NA,NA,NA
India,Delhi,Delhi,"IGI Airport (T3), Delhi - IITM","29-07-2026 14:00:00",28.5627763,77.1180053,OZONE,27,278,112
India,Delhi,Delhi,"IGNOU_Maidan Garhi, Delhi - DPCC","29-07-2026 14:00:00",28.493624,77.201159,PM10,5,54,34
India,"Andhra Pradesh",Amaravati,"Secretariat, Amaravati - APPCB","29-07-2026 14:00:00",16.5150833,80.5181667,NO2,12,33,21
India,"Andhra Pradesh",Amaravati,"Secretariat, Amaravati - APPCB","29-07-2026 14:00:00",16.5150833,80.5181667,OZONE,5,24,12
India,"Andhra Pradesh",Anantapur,"Gulzarpet, Anantapur - APPCB","29-07-2026 14:00:00",14.675886,77.593027,CO,25,34,29
India,"Andhra Pradesh",Eluru,"District Court, Eluru - APPCB","29-07-2026 14:00:00",16.711754,81.092095,NH3,3,6,4
India,"Andhra Pradesh",Eluru,"District Court, Eluru - APPCB","29-07-2026 14:00:00",16.711754,81.092095,SO2,5,14,9
India,"Andhra Pradesh",Eluru,"District Court, Eluru - APPCB","29-07-2026 14:00:00",16.711754,81.092095,OZONE,0,13,5
India,"Andhra Pradesh",Guntur,"Rajendra Nagar North, Guntur - APPCB","29-07-2026 14:00:00",16.316553,80.413302,NH3,4,10,6
India,"Andhra Pradesh",Guntur,"Rajendra Nagar North, Guntur - APPCB","29-07-2026 14:00:00",16.316553,80.413302,SO2,5,17,9
India,"Andhra Pradesh",Kadapa,"Yerramukkapalli, Kadapa - APPCB","29-07-2026 14:00:00",14.465052,78.824187,PM2.5,NA,NA,NA
India,"Andhra Pradesh",Kadapa,"Yerramukkapalli, Kadapa - APPCB","29-07-2026 14:00:00",14.465052,78.824187,NO2,NA,NA,NA
India,"Andhra Pradesh",Kadapa,"Yerramukkapalli, Kadapa - APPCB","29-07-2026 14:00:00",14.465052,78.824187,CO,18,25,23
India,"Andhra Pradesh",Kakinada,"Rama Rao Peta, Kakinada - APPCB","29-07-2026 14:00:00",16.962488,82.229513,NO2,21,57,34
India,Bihar,Araria,"Kharahiya Basti, Araria - BSPCB","29-07-2026 14:00:00",26.146529,87.454184,PM2.5,45,52,48
India,Bihar,Araria,"Kharahiya Basti, Araria - BSPCB","29-07-2026 14:00:00",26.146529,87.454184,NH3,4,4,4
India,Bihar,Araria,"Kharahiya Basti, Araria - BSPCB","29-07-2026 14:00:00",26.146529,87.454184,CO,11,17,14
India,Bihar,Aurangabad,"Gurdeo Nagar, Aurangabad - BSPCB","29-07-2026 14:00:00",24.75746,84.366208,SO2,4,13,9
India,Bihar,Aurangabad,"Gurdeo Nagar, Aurangabad - BSPCB","29-07-2026 14:00:00",24.75746,84.366208,OZONE,6,7,6
India,Bihar,Begusarai,"Lohiyanagar, Begusarai - BSPCB","29-07-2026 14:00:00",25.42742023,86.13886079,CO,17,19,18
India,Bihar,Bettiah,"Kamalnath Nagar, Bettiah - BSPCB","29-07-2026 14:00:00",26.80365,84.51954,SO2,9,13,12
India,Bihar,"Bihar Sharif","D M Colony, Bihar Sharif - BSPCB","29-07-2026 14:00:00",25.204762,85.51496,PM2.5,NA,NA,NA
India,Bihar,"Bihar Sharif","D M Colony, Bihar Sharif - BSPCB","29-07-2026 14:00:00",25.204762,85.51496,SO2,4,8,6
India,Bihar,"Bihar Sharif","D M Colony, Bihar Sharif - BSPCB","29-07-2026 14:00:00",25.204762,85.51496,CO,104,105,104
India,Bihar,Buxar,"Charitra Van, Buxar - BSPCB","29-07-2026 14:00:00",25.56752,83.966379,PM10,NA,NA,NA
India,Bihar,Buxar,"Charitra Van, Buxar - BSPCB","29-07-2026 14:00:00",25.56752,83.966379,OZONE,1,3,2
India,Bihar,Gaya,"SFTI Kusdihra, Gaya - BSPCB","29-07-2026 14:00:00",24.762518,84.982348,NO2,19,28,25
India,Bihar,Gaya,"SFTI Kusdihra, Gaya - BSPCB","29-07-2026 14:00:00",24.762518,84.982348,SO2,8,10,9
India,Bihar,Gaya,"Collectorate, Gaya - BSPCB","29-07-2026 14:00:00",24.7955,84.9994,NO2,NA,NA,NA
India,Bihar,Gaya,"Collectorate, Gaya - BSPCB","29-07-2026 14:00:00",24.7955,84.9994,NH3,NA,NA,NA
India,Bihar,Hajipur,"Industrial Area, Hajipur - BSPCB","29-07-2026 14:00:00",25.697189,85.2459,NO2,2,15,10
India,Bihar,Katihar,"Mirchaibari, Katihar - BSPCB","29-07-2026 14:00:00",25.560083,87.553265,NO2,2,2,2
India,Bihar,Katihar,"Mirchaibari, Katihar - BSPCB","29-07-2026 14:00:00",25.560083,87.553265,OZONE,14,66,26
India,Bihar,Manguraha,"Forest Rest House, Manguraha - BSPCB","29-07-2026 14:00:00",27.308328,84.531742,PM10,118,163,142
India,Bihar,Manguraha,"Forest Rest House, Manguraha - BSPCB","29-07-2026 14:00:00",27.308328,84.531742,SO2,12,19,15
India,Bihar,Motihari,"Gandak Colony, Motihari - BSPCB","29-07-2026 14:00:00",26.63086,84.90051,NH3,NA,NA,NA
India,Bihar,Motihari,"Gandak Colony, Motihari - BSPCB","29-07-2026 14:00:00",26.63086,84.90051,SO2,NA,NA,NA
India,Bihar,Munger,"Town Hall, Munger - BSPCB","29-07-2026 14:00:00",25.376776,86.471523,NO2,1,2,2
India,Chhattisgarh,Korba,"Urja Nagar, Korba - CECB","29-07-2026 14:00:00",22.348441,82.549611,PM2.5,6,16,9
India,Chhattisgarh,Korba,"Urja Nagar, Korba - CECB","29-07-2026 14:00:00",22.348441,82.549611,SO2,11,42,16
India,Chhattisgarh,Korba,"Rampur, Korba - CECB","29-07-2026 14:00:00",22.368195,82.746431,SO2,9,98,32
India,Chhattisgarh,Milupara,"Govt. Higher Secondary School, Milupara - CECB","29-07-2026 14:00:00",22.1910172,83.5197009,CO,7,9,8
India,Chhattisgarh,Raipur,"AIIMS, Raipur - CECB","29-07-2026 14:00:00",21.258815,81.578979,PM2.5,4,17,10
India,Chhattisgarh,Raipur,"AIIMS, Raipur - CECB","29-07-2026 14:00:00",21.258815,81.578979,SO2,3,6,4
India,Chhattisgarh,Raipur,"Bhatagaon New ISBT, Raipur - CECB","29-07-2026 14:00:00",21.219665,81.630094,OZONE,3,5,4
India,Chhattisgarh,Tumidih,"OP Jindal Industrial Park, Tumidih - CECB","29-07-2026 14:00:00",22.06631475,83.33820077,PM10,7,23,13
India,Chhattisgarh,Tumidih,"OP Jindal Industrial Park, Tumidih - CECB","29-07-2026 14:00:00",22.06631475,83.33820077,SO2,5,6,5
India,Chhattisgarh,Tumidih,"OP Jindal Industrial Park, Tumidih - CECB","29-07-2026 14:00:00",22.06631475,83.33820077,CO,16,28,21
India,Bihar,Samastipur,"DM Office_Kasipur, Samastipur - BSPCB","29-07-2026 14:00:00",25.859655,85.77944,SO2,11,13,12
India,Bihar,Siwan,"Chitragupta Nagar, Siwan - BSPCB","29-07-2026 14:00:00",26.2271665,84.3570427,SO2,NA,NA,NA
India,Chandigarh,Chandigarh,"Sector-53, Chandigarh - CPCC","29-07-2026 14:00:00",30.719859,76.738637,PM2.5,NA,NA,NA
India,Chandigarh,Chandigarh,"Sector-53, Chandigarh - CPCC","29-07-2026 14:00:00",30.719859,76.738637,PM10,NA,NA,NA
India,Chandigarh,Chandigarh,"Sector 22, Chandigarh - CPCC","29-07-2026 14:00:00",30.735567,76.775714,OZONE,3,6,4
India,Chandigarh,Chandigarh,"Sector-25, Chandigarh - CPCC","29-07-2026 14:00:00",30.751462,76.762879,NO2,2,85,10
India,Chhattisgarh,Bilaspur,"Mangala, Bilaspur - NTPC","29-07-2026 14:00:00",22.08815,82.13737,PM2.5,9,24,15
India,Chhattisgarh,Bilaspur,"Mangala, Bilaspur - NTPC","29-07-2026 14:00:00",22.08815,82.13737,OZONE,NA,NA,NA
India,Chhattisgarh,Chhal,"Nawapara SECL Colony, Chhal - CECB","29-07-2026 14:00:00",22.118125,83.140608,PM2.5,24,42,32
India,Gujarat,Vapi,"Phase-1 GIDC, Vapi - GPCB","29-07-2026 14:00:00",20.362421,72.918013,PM10,23,64,42
India,Gujarat,Vapi,"Phase-1 GIDC, Vapi - GPCB","29-07-2026 14:00:00",20.362421,72.918013,OZONE,8,15,10
India,Gujarat,Vatva,"Phase-4 GIDC, Vatva - GPCB","29-07-2026 14:00:00",22.969611,72.6435,NO2,NA,NA,NA
India,Gujarat,Vatva,"Phase-4 GIDC, Vatva - GPCB","29-07-2026 14:00:00",22.969611,72.6435,SO2,NA,NA,NA
India,Gujarat,Vatva,"Phase-4 GIDC, Vatva - GPCB","29-07-2026 14:00:00",22.969611,72.6435,OZONE,27,27,27
India,Haryana,Ambala,"Patti Mehar, Ambala - HSPCB","29-07-2026 14:00:00",30.379589,76.778328,NO2,19,56,30
India,Haryana,Ambala,"Patti Mehar, Ambala - HSPCB","29-07-2026 14:00:00",30.379589,76.778328,CO,52,55,53
India,Haryana,Bahadurgarh,"Arya Nagar, Bahadurgarh - HSPCB","29-07-2026 14:00:00",28.6701,76.9254,SO2,8,11,10
India,Haryana,Bahadurgarh,"Arya Nagar, Bahadurgarh - HSPCB","29-07-2026 14:00:00",28.6701,76.9254,CO,23,28,26
India,Haryana,Ballabgarh,"Nathu Colony, Ballabgarh - HSPCB","29-07-2026 14:00:00",28.3419248,77.319699,PM2.5,34,88,51
India,Haryana,Bhiwani,"H.B. Colony, Bhiwani - HSPCB","29-07-2026 14:00:00",28.806223,76.141105,PM10,16,57,31
India,Haryana,Bhiwani,"H.B. Colony, Bhiwani - HSPCB","29-07-2026 14:00:00",28.806223,76.141105,CO,19,28,23
India,Haryana,"Charkhi Dadri","Mini Secretariat, Charkhi Dadri - HSPCB","29-07-2026 14:00:00",28.593883,76.270653,NH3,5,8,6
India,Haryana,Dharuhera,"Municipal Corporation Office, Dharuhera -  HSPCB","29-07-2026 14:00:00",28.2068,76.7997,PM10,46,114,80
India,Haryana,Dharuhera,"Municipal Corporation Office, Dharuhera -  HSPCB","29-07-2026 14:00:00",28.2068,76.7997,SO2,7,16,11
India,Haryana,Dharuhera,"Municipal Corporation Office, Dharuhera -  HSPCB","29-07-2026 14:00:00",28.2068,76.7997,OZONE,10,45,27
India,Haryana,Faridabad,"New Industrial Town, Faridabad - HSPCB","29-07-2026 14:00:00",28.39072,77.30059,NO2,24,26,25
India,Haryana,Faridabad,"New Industrial Town, Faridabad - HSPCB","29-07-2026 14:00:00",28.39072,77.30059,CO,24,31,27
India,Haryana,Faridabad,"New Industrial Town, Faridabad - HSPCB","29-07-2026 14:00:00",28.39072,77.30059,OZONE,14,15,14
India,Delhi,Delhi,"Dr. Karni Singh Shooting Range, Delhi - DPCC","29-07-2026 14:00:00",28.498571,77.26484,CO,24,31,28
India,Delhi,Delhi,"Dr. Karni Singh Shooting Range, Delhi - DPCC","29-07-2026 14:00:00",28.498571,77.26484,OZONE,6,35,21
India,Delhi,Delhi,"Dwarka-Sector 8, Delhi - DPCC ","29-07-2026 14:00:00",28.5710274,77.0719006,NO2,26,100,55
India,Delhi,Delhi,"Dwarka-Sector 8, Delhi - DPCC ","29-07-2026 14:00:00",28.5710274,77.0719006,NH3,8,15,11
India,Delhi,Delhi,"DTU, Delhi - CPCB","29-07-2026 14:00:00",28.7500499,77.1112615,SO2,31,38,33
India,Delhi,Delhi,"Anand Vihar, Delhi - DPCC","29-07-2026 14:00:00",28.647622,77.315809,PM10,93,266,144
India,Delhi,Delhi,"Anand Vihar, Delhi - DPCC","29-07-2026 14:00:00",28.647622,77.315809,NO2,47,112,63
India,Delhi,Delhi,"Anand Vihar, Delhi - DPCC","29-07-2026 14:00:00",28.647622,77.315809,NH3,8,10,9
India,Delhi,Delhi,"Anand Vihar, Delhi - DPCC","29-07-2026 14:00:00",28.647622,77.315809,CO,73,87,78
India,Delhi,Delhi,"Ashok Vihar, Delhi - DPCC","29-07-2026 14:00:00",28.695381,77.181665,PM10,38,140,104
India,Delhi,Delhi,"Ashok Vihar, Delhi - DPCC","29-07-2026 14:00:00",28.695381,77.181665,CO,56,72,64
India,Delhi,Delhi,"Mundka, Delhi - DPCC","29-07-2026 14:00:00",28.684678,77.076574,PM2.5,12,167,64
India,Delhi,Delhi,"Mundka, Delhi - DPCC","29-07-2026 14:00:00",28.684678,77.076574,SO2,5,16,12
India,Delhi,Delhi,"Wazirpur, Delhi - DPCC","29-07-2026 14:00:00",28.699793,77.165453,PM10,69,336,163
India,Delhi,Delhi,"Najafgarh, Delhi - DPCC","29-07-2026 14:00:00",28.570173,76.933762,PM10,10,89,51
India,Delhi,Delhi,"Jawaharlal Nehru Stadium, Delhi - DPCC","29-07-2026 14:00:00",28.58028,77.233829,PM10,6,108,64
India,Delhi,Delhi,"Patparganj, Delhi - DPCC","29-07-2026 14:00:00",28.623763,77.287209,NO2,24,66,41
India,Delhi,Delhi,"Nehru Nagar, Delhi - DPCC","29-07-2026 14:00:00",28.56789,77.250515,PM10,42,147,97
India,Delhi,Delhi,"Nehru Nagar, Delhi - DPCC","29-07-2026 14:00:00",28.56789,77.250515,OZONE,2,40,22
India,Delhi,Delhi,"Sri Aurobindo Marg, Delhi - DPCC","29-07-2026 14:00:00",28.531346,77.190156,PM10,13,79,49
India,Delhi,Delhi,"IHBAS, Dilshad Garden, Delhi - CPCB","29-07-2026 14:00:00",28.6811736,77.3025234,NO2,10,14,12
India,Delhi,Delhi,"Jahangirpuri, Delhi - DPCC","29-07-2026 14:00:00",28.73282,77.170633,PM2.5,10,349,179
India,Delhi,Delhi,"Jahangirpuri, Delhi - DPCC","29-07-2026 14:00:00",28.73282,77.170633,PM10,47,200,134
India,Delhi,Delhi,"Vivek Vihar, Delhi - DPCC","29-07-2026 14:00:00",28.672342,77.31526,PM10,22,145,98
India,Delhi,Delhi,"Vivek Vihar, Delhi - DPCC","29-07-2026 14:00:00",28.672342,77.31526,NO2,42,105,67
India,Delhi,Delhi,"Vivek Vihar, Delhi - DPCC","29-07-2026 14:00:00",28.672342,77.31526,NH3,8,9,9
India,Delhi,Delhi,"Rohini, Delhi - DPCC","29-07-2026 14:00:00",28.732528,77.11992,SO2,6,9,8
India,Delhi,Delhi,"Rohini, Delhi - DPCC","29-07-2026 14:00:00",28.732528,77.11992,CO,52,70,62
India,Delhi,Delhi,"Rohini, Delhi - DPCC","29-07-2026 14:00:00",28.732528,77.11992,OZONE,3,10,6
India,Delhi,Delhi,"Okhla Phase-2, Delhi - DPCC","29-07-2026 14:00:00",28.530785,77.271255,PM10,22,109,71
India,Delhi,Delhi,"Bawana, Delhi - DPCC","29-07-2026 14:00:00",28.7762,77.051074,PM10,43,228,99
India,Delhi,Delhi,"Bawana, Delhi - DPCC","29-07-2026 14:00:00",28.7762,77.051074,NH3,3,14,6
India,Delhi,Delhi,"Sonia Vihar, Delhi - DPCC","29-07-2026 14:00:00",28.710508,77.249485,SO2,3,12,7
India,Delhi,Delhi,"Major Dhyan Chand National Stadium, Delhi - DPCC","29-07-2026 14:00:00",28.611281,77.237738,NH3,11,21,13
India,Karnataka,Bengaluru,"Sanegurava Halli, Bengaluru - KSPCB","29-07-2026 14:00:00",12.990328,77.5431385,CO,14,25,20
India,Karnataka,Bengaluru,"Jigani, Bengaluru - KSPCB","29-07-2026 14:00:00",12.7816279,77.6299145,NO2,22,23,23
India,Karnataka,Bengaluru,"BTM Layout, Bengaluru - CPCB","29-07-2026 14:00:00",12.9135218,77.5950804,PM2.5,26,33,28
India,Karnataka,Bengaluru,"BTM Layout, Bengaluru - CPCB","29-07-2026 14:00:00",12.9135218,77.5950804,SO2,19,20,20
India,Karnataka,Bengaluru,"BTM Layout, Bengaluru - CPCB","29-07-2026 14:00:00",12.9135218,77.5950804,CO,46,49,47
India,Karnataka,Bengaluru,"BTM Layout, Bengaluru - CPCB","29-07-2026 14:00:00",12.9135218,77.5950804,OZONE,23,24,24
India,Karnataka,Bengaluru,"Hebbal, Bengaluru - KSPCB","29-07-2026 14:00:00",13.029152,77.585901,PM10,25,75,41
India,Karnataka,Bengaluru,"Hombegowda Nagar, Bengaluru - KSPCB","29-07-2026 14:00:00",12.938539,77.5901,NH3,1,1,1
India,Karnataka,Bengaluru,"Hombegowda Nagar, Bengaluru - KSPCB","29-07-2026 14:00:00",12.938539,77.5901,SO2,1,10,6
India,Karnataka,Bengaluru,"Hombegowda Nagar, Bengaluru - KSPCB","29-07-2026 14:00:00",12.938539,77.5901,CO,7,16,11
India,Karnataka,Chikkaballapur,"Chikkaballapur Rural, Chikkaballapur - KSPCB","29-07-2026 14:00:00",13.428828,77.731418,PM2.5,7,26,15
India,Karnataka,Chikkaballapur,"Chikkaballapur Rural, Chikkaballapur - KSPCB","29-07-2026 14:00:00",13.428828,77.731418,CO,9,9,9
India,Karnataka,Chikkamagaluru,"Kalyana Nagara, Chikkamagaluru - KSPCB","29-07-2026 14:00:00",13.328028,75.797056,PM10,21,43,33
India,Karnataka,Chikkamagaluru,"Kalyana Nagara, Chikkamagaluru - KSPCB","29-07-2026 14:00:00",13.328028,75.797056,SO2,1,3,2
India,Karnataka,Chikkamagaluru,"Kalyana Nagara, Chikkamagaluru - KSPCB","29-07-2026 14:00:00",13.328028,75.797056,OZONE,12,20,17
India,Karnataka,Davanagere,"Devaraj Urs Badavane, Davanagere - KSPCB","29-07-2026 14:00:00",14.4758,75.9052,NH3,1,6,3
India,Haryana,Faridabad,"Sector 11, Faridabad - HSPCB","29-07-2026 14:00:00",28.376058,77.315741,SO2,5,12,8
India,Haryana,Faridabad,"Sector 30, Faridabad - HSPCB","29-07-2026 14:00:00",28.4417,77.3217,OZONE,10,10,10
India,Haryana,Fatehabad,"Huda Sector, Fatehabad - HSPCB","29-07-2026 14:00:00",29.503664,75.467934,NH3,13,15,14
India,Haryana,Gurugram,"Teri Gram, Gurugram - HSPCB","29-07-2026 14:00:00",28.4275,77.1465,PM2.5,48,304,114
India,Haryana,Gurugram,"Vikas Sadan, Gurugram - HSPCB","29-07-2026 14:00:00",28.4501238,77.0263051,PM2.5,26,410,135
India,Haryana,Gurugram,"Vikas Sadan, Gurugram - HSPCB","29-07-2026 14:00:00",28.4501238,77.0263051,PM10,20,293,90
India,Haryana,Gurugram,"NISE Gwal Pahari, Gurugram - IITM","29-07-2026 14:00:00",28.422681,77.148944,SO2,NA,NA,NA
India,Haryana,Gurugram,"Sector-51, Gurugram - HSPCB","29-07-2026 14:00:00",28.4227,77.0667,PM2.5,NA,NA,NA
India,Haryana,Gurugram,"Sector-51, Gurugram - HSPCB","29-07-2026 14:00:00",28.4227,77.0667,NO2,NA,NA,NA
India,Haryana,Hisar,"Urban Estate-II, Hisar - HSPCB","29-07-2026 14:00:00",29.14056,75.744941,NH3,13,34,28
India,Haryana,Jind,"Police Lines, Jind - HSPCB","29-07-2026 14:00:00",29.307814,76.337619,PM2.5,2,66,35
India,Haryana,Karnal,"Sector-12, Karnal - HSPCB","29-07-2026 14:00:00",29.6953,77.0027,PM10,37,70,55
India,Delhi,Delhi,"Cantonment Area, Delhi - DPCC","29-07-2026 14:00:00",28.594169,77.1251,PM2.5,2,20,11
India,Delhi,Delhi,"Cantonment Area, Delhi - DPCC","29-07-2026 14:00:00",28.594169,77.1251,NH3,1,3,2
India,Delhi,Delhi,"Narela, Delhi - DPCC","29-07-2026 14:00:00",28.822836,77.101981,PM2.5,12,113,55
India,Delhi,Delhi,"Narela, Delhi - DPCC","29-07-2026 14:00:00",28.822836,77.101981,NO2,13,34,22
India,Gujarat,Ahmedabad,"Rakhial, Ahmedabad - IITM","29-07-2026 14:00:00",23.016834,72.625775,SO2,26,36,29
India,Gujarat,Ahmedabad,"Chandkheda, Ahmedabad - IITM","29-07-2026 14:00:00",23.107969,72.574648,CO,28,40,32
India,Gujarat,Ahmedabad,"Maninagar, Ahmedabad - GPCB","29-07-2026 14:00:00",23.002657,72.591912,PM2.5,28,58,44
India,Gujarat,Ahmedabad,"SAC ISRO Satellite, Ahmedabad - IITM","29-07-2026 14:00:00",23.023389,72.515201,OZONE,15,29,22
India,Gujarat,Ahmedabad,"Raikhad, Ahmedabad - IITM","29-07-2026 14:00:00",23.020509,72.579261,PM10,69,118,94
India,Gujarat,Ahmedabad,"Raikhad, Ahmedabad - IITM","29-07-2026 14:00:00",23.020509,72.579261,NH3,1,30,4
India,Gujarat,Ahmedabad,"Raikhad, Ahmedabad - IITM","29-07-2026 14:00:00",23.020509,72.579261,SO2,1,19,14
India,Gujarat,Ahmedabad,"Raikhad, Ahmedabad - IITM","29-07-2026 14:00:00",23.020509,72.579261,CO,21,68,40
India,Gujarat,Ahmedabad,"Raikhad, Ahmedabad - IITM","29-07-2026 14:00:00",23.020509,72.579261,OZONE,3,14,8
India,Gujarat,Ankleshwar,"GIDC, Ankleshwar - GPCB","29-07-2026 14:00:00",21.613267,73.010555,NH3,NA,NA,NA
India,Gujarat,Ankleshwar,"GIDC, Ankleshwar - GPCB","29-07-2026 14:00:00",21.613267,73.010555,SO2,NA,NA,NA
India,Gujarat,Bhavnagar,"Vidhyanagar, Bhavnagar - Nexteng Enviro","29-07-2026 14:00:00",21.755417,72.139056,CO,58,59,59
India,Gujarat,Gandhinagar,"Sector-10, Gandhinagar - GPCB","29-07-2026 14:00:00",23.221714,72.654328,PM10,25,134,84
India,Gujarat,Gandhinagar,"Sector-10, Gandhinagar - GPCB","29-07-2026 14:00:00",23.221714,72.654328,SO2,4,8,6
India,Gujarat,Gandhinagar,"IIPHG Lekawada, Gandhinagar - IITM","29-07-2026 14:00:00",23.243639,72.68994,NH3,1,1,1
India,Gujarat,Gandhinagar,"IIPHG Lekawada, Gandhinagar - IITM","29-07-2026 14:00:00",23.243639,72.68994,CO,9,13,11
India,Gujarat,Rajkot,"Mavdi, Rajkot - Nexteng Enviro ","29-07-2026 14:00:00",22.248853,70.776774,NO2,4,7,6
India,Gujarat,Surat,"Katargam, Surat - Nexteng Enviro","29-07-2026 14:00:00",21.217779,72.834787,CO,42,50,45
India,Gujarat,Vadodara,"Bapunagar, Vadodara - Nexteng Enviro","29-07-2026 14:00:00",22.320153,73.216285,PM2.5,46,84,63
India,Gujarat,Vadodara,"Bapunagar, Vadodara - Nexteng Enviro","29-07-2026 14:00:00",22.320153,73.216285,CO,68,72,70
India,Haryana,"Yamuna Nagar","Gobind Pura, Yamuna Nagar - HSPCB","29-07-2026 14:00:00",30.1480566,77.2893471,SO2,10,15,12
India,"Himachal Pradesh",Baddi,"HIMUDA Complex Phase-1, Baddi - HPPCB","29-07-2026 14:00:00",30.943887,76.801991,NH3,4,7,5
India,"Jammu and Kashmir",Pampore,"Khrew, Pampore - JKPCC","29-07-2026 14:00:00",34.031606,75.009712,NO2,NA,NA,NA
India,"Jammu and Kashmir",Pampore,"Khrew, Pampore - JKPCC","29-07-2026 14:00:00",34.031606,75.009712,CO,NA,NA,NA
India,"Jammu and Kashmir",Srinagar,"Rajbagh, Srinagar - JKPCC","29-07-2026 14:00:00",34.066206,74.81982,PM2.5,18,33,24
India,"Jammu and Kashmir",Srinagar,"Rajbagh, Srinagar - JKPCC","29-07-2026 14:00:00",34.066206,74.81982,SO2,3,4,3
India,Jharkhand,Dhanbad,"Sardar Patel Nagar, Dhanbad - JSPCB","29-07-2026 14:00:00",23.80569,86.44268,NH3,NA,NA,NA
India,Jharkhand,Dhanbad,"Sardar Patel Nagar, Dhanbad - JSPCB","29-07-2026 14:00:00",23.80569,86.44268,OZONE,16,40,30
India,Jharkhand,Jorapokhar,"Tata Stadium, Jorapokhar - JSPCB","29-07-2026 14:00:00",23.707909,86.41467,NO2,8,8,8
India,Jharkhand,Jorapokhar,"Tata Stadium, Jorapokhar - JSPCB","29-07-2026 14:00:00",23.707909,86.41467,CO,39,40,40
India,Haryana,Kurukshetra,"Sector-7, Kurukshetra - HSPCB","29-07-2026 14:00:00",29.966942,76.875879,PM10,25,80,44
India,Haryana,Kurukshetra,"Sector-7, Kurukshetra - HSPCB","29-07-2026 14:00:00",29.966942,76.875879,NO2,13,21,17
India,Haryana,Mandikhera,"General Hospital, Mandikhera(Nuh) - HSPCB","29-07-2026 14:00:00",27.9002,76.9938,SO2,20,21,21
India,Haryana,Mandikhera,"General Hospital, Mandikhera(Nuh) - HSPCB","29-07-2026 14:00:00",27.9002,76.9938,CO,32,34,33
India,Haryana,Manesar,"Sector-2 IMT, Manesar - HSPCB","29-07-2026 14:00:00",28.360699,76.93609,PM2.5,23,84,48
India,Haryana,Narnaul,"Shastri Nagar, Narnaul - HSPCB","29-07-2026 14:00:00",28.060249,76.113115,PM2.5,17,311,79
India,Haryana,Narnaul,"Shastri Nagar, Narnaul - HSPCB","29-07-2026 14:00:00",28.060249,76.113115,NH3,6,7,7
India,Haryana,Panchgaon,"Amity University, Panchgaon - IITM","29-07-2026 14:00:00",28.3153,76.9143,PM2.5,7,57,25
India,Haryana,Panchgaon,"Amity University, Panchgaon - IITM","29-07-2026 14:00:00",28.3153,76.9143,PM10,6,44,23
India,Haryana,Rohtak,"MD University, Rohtak - HSPCB","29-07-2026 14:00:00",28.52123,76.37138,CO,31,41,38
India,"Madhya Pradesh",Maihar,"Sahilara, Maihar - KJS Cements","29-07-2026 14:00:00",24.2613009,80.7231783,SO2,11,12,11
India,"Madhya Pradesh",Maihar,"Sahilara, Maihar - KJS Cements","29-07-2026 14:00:00",24.2613009,80.7231783,OZONE,NA,NA,NA
India,"Madhya Pradesh",Mandideep,"Sector-D Industrial Area, Mandideep - MPPCB","29-07-2026 14:00:00",23.10844,77.511428,NH3,4,7,5
India,"Madhya Pradesh",Pithampur,"Sector-2 Industrial Area, Pithampur - MPPCB","29-07-2026 14:00:00",22.624758,75.675238,NO2,9,31,16
India,"Madhya Pradesh",Pithampur,"Sector-2 Industrial Area, Pithampur - MPPCB","29-07-2026 14:00:00",22.624758,75.675238,CO,10,125,33
India,"Madhya Pradesh",Sagar,"Civil Lines, Sagar - MPPCB","29-07-2026 14:00:00",23.838586,78.759431,PM2.5,7,49,24
India,"Madhya Pradesh",Sagar,"Civil Lines, Sagar - MPPCB","29-07-2026 14:00:00",23.838586,78.759431,PM10,9,57,26
India,"Madhya Pradesh",Sagar,"Civil Lines, Sagar - MPPCB","29-07-2026 14:00:00",23.838586,78.759431,NO2,3,9,6
India,"Madhya Pradesh",Sagar,"Civil Lines, Sagar - MPPCB","29-07-2026 14:00:00",23.838586,78.759431,NH3,3,4,3
India,"Madhya Pradesh",Sagar,"Civil Lines, Sagar - MPPCB","29-07-2026 14:00:00",23.838586,78.759431,OZONE,41,50,45
India,"Madhya Pradesh",Satna,"Bandhavgar Colony, Satna - Birla Cement","29-07-2026 14:00:00",24.58434363,80.8549414,PM2.5,49,52,50
India,"Madhya Pradesh",Satna,"Bandhavgar Colony, Satna - Birla Cement","29-07-2026 14:00:00",24.58434363,80.8549414,NO2,12,13,13
India,"Madhya Pradesh",Satna,"Bandhavgar Colony, Satna - Birla Cement","29-07-2026 14:00:00",24.58434363,80.8549414,OZONE,15,59,25
India,"Madhya Pradesh",Singrauli,"Suryakiran Bhawan NCL, Singrauli - MPPCB","29-07-2026 14:00:00",24.10897,82.64558,OZONE,16,24,20
India,"Madhya Pradesh",Ujjain,"Mahashweta Nagar, Ujjain - MPPCB","29-07-2026 14:00:00",23.1633321,75.800225,NH3,4,12,9
India,Maharashtra,Ahmednagar,"Tarakpur, Ahmednagar - MPCB","29-07-2026 14:00:00",19.10122,74.73339,CO,6,20,11
India,Maharashtra,Akola,"Ramdaspeth, Akola - MPCB","29-07-2026 14:00:00",20.719516,77.000253,PM2.5,12,36,20
India,Maharashtra,Akola,"Ramdaspeth, Akola - MPCB","29-07-2026 14:00:00",20.719516,77.000253,NO2,8,16,10
India,Maharashtra,Akola,"Ramdaspeth, Akola - MPCB","29-07-2026 14:00:00",20.719516,77.000253,NH3,6,9,7
India,Maharashtra,Akola,"Ramdaspeth, Akola - MPCB","29-07-2026 14:00:00",20.719516,77.000253,SO2,1,7,5
India,Maharashtra,Ambernath,"Chinchpada, Ambernath - MPCB","29-07-2026 14:00:00",19.215784,73.199781,PM10,69,143,101
India,Maharashtra,Ambernath,"Chinchpada, Ambernath - MPCB","29-07-2026 14:00:00",19.215784,73.199781,NH3,3,4,3
India,Maharashtra,Chandrapur,"Chauhan Colony, Chandrapur - MPCB","29-07-2026 14:00:00",19.9629,79.298714,CO,34,40,38
India,Maharashtra,Dhule,"Deopur, Dhule - MPCB","29-07-2026 14:00:00",20.918946,74.776388,NH3,1,2,2
India,Maharashtra,Dhule,"Deopur, Dhule - MPCB","29-07-2026 14:00:00",20.918946,74.776388,SO2,0,5,2
India,Maharashtra,Dombivli,"Kalu Nagar, Dombivli - MPCB","29-07-2026 14:00:00",19.2268427,73.0788456,PM10,13,32,23
India,Maharashtra,Dombivli,"Kalu Nagar, Dombivli - MPCB","29-07-2026 14:00:00",19.2268427,73.0788456,NO2,5,15,10
India,Maharashtra,Dombivli,"Kalu Nagar, Dombivli - MPCB","29-07-2026 14:00:00",19.2268427,73.0788456,SO2,9,47,19
India,Maharashtra,Hingoli,"Ashta Vinayak Nagar, Hingoli - MPCB","29-07-2026 14:00:00",19.710842,77.151824,PM2.5,20,68,40
India,Maharashtra,Hingoli,"Ashta Vinayak Nagar, Hingoli - MPCB","29-07-2026 14:00:00",19.710842,77.151824,PM10,19,72,44
India,Maharashtra,Hingoli,"Ashta Vinayak Nagar, Hingoli - MPCB","29-07-2026 14:00:00",19.710842,77.151824,NO2,2,22,8
India,Maharashtra,Hingoli,"Ashta Vinayak Nagar, Hingoli - MPCB","29-07-2026 14:00:00",19.710842,77.151824,SO2,3,5,5
India,Maharashtra,Jalgaon,"Prabhat Colony, Jalgaon - MPCB","29-07-2026 14:00:00",21.001264,75.565602,PM2.5,NA,NA,NA
India,Maharashtra,Jalgaon,"Prabhat Colony, Jalgaon - MPCB","29-07-2026 14:00:00",21.001264,75.565602,PM10,NA,NA,NA
India,Maharashtra,Jalgaon,"Prabhat Colony, Jalgaon - MPCB","29-07-2026 14:00:00",21.001264,75.565602,CO,28,35,32
India,Maharashtra,Jalna,"Old MIDC, Jalna - MPCB","29-07-2026 14:00:00",19.854616,75.905894,PM2.5,22,43,29
India,Maharashtra,Kolhapur,"Shivaji University, Kolhapur - MPCB","29-07-2026 14:00:00",16.6870449,74.2505872,PM2.5,21,27,22
India,Maharashtra,Kolhapur,"Shivaji University, Kolhapur - MPCB","29-07-2026 14:00:00",16.6870449,74.2505872,PM10,20,50,32
India,Maharashtra,Kolhapur,"Shivaji University, Kolhapur - MPCB","29-07-2026 14:00:00",16.6870449,74.2505872,CO,6,23,17
India,Maharashtra,Mahad,"Kamble Tarf Birwadi, Mahad - MPCB","29-07-2026 14:00:00",18.1023399,73.4783687,PM2.5,15,53,26
India,Karnataka,Davanagere,"Devaraj Urs Badavane, Davanagere - KSPCB","29-07-2026 14:00:00",14.4758,75.9052,CO,16,21,18
India,Karnataka,Gadag,"Panchal Nagar, Gadag - KSPCB","29-07-2026 14:00:00",15.411456,75.638133,SO2,6,34,18
India,Karnataka,Gadag,"Panchal Nagar, Gadag - KSPCB","29-07-2026 14:00:00",15.411456,75.638133,CO,9,12,10
India,Karnataka,Gadag,"Panchal Nagar, Gadag - KSPCB","29-07-2026 14:00:00",15.411456,75.638133,OZONE,17,17,17
India,Karnataka,Hubballi,"Lingaraj Nagar, Hubballi - KSPCB","29-07-2026 14:00:00",15.3714823,75.1160168,PM2.5,28,36,32
India,Karnataka,Kalaburagi,"Mahatma Basaveswar Colony, Kalaburgi - KSPCB","29-07-2026 14:00:00",17.336318,76.847397,PM2.5,11,24,16
India,Karnataka,Kalaburagi,"Mahatma Basaveswar Colony, Kalaburgi - KSPCB","29-07-2026 14:00:00",17.336318,76.847397,NO2,10,17,12
India,Karnataka,Kalaburagi,"Mahatma Basaveswar Colony, Kalaburgi - KSPCB","29-07-2026 14:00:00",17.336318,76.847397,NH3,2,3,2
India,Karnataka,Karwar,"KHB Colony, Karwar - KSPCB","29-07-2026 14:00:00",14.816666,74.141003,PM10,32,80,50
India,Karnataka,Koppal,"Diwator Nagar, Koppal - KSPCB","29-07-2026 14:00:00",15.34763,76.181767,SO2,NA,NA,NA
India,Karnataka,Mangalore,"Kadri, Mangalore - KSPCB","29-07-2026 14:00:00",12.88925,74.853,NO2,0,4,2
India,Karnataka,Mangalore,"Kadri, Mangalore - KSPCB","29-07-2026 14:00:00",12.88925,74.853,OZONE,37,37,37
India,Karnataka,Mysuru,"Hebbal 1st Stage, Mysuru - KSPCB","29-07-2026 14:00:00",12.21041,76.37376,NH3,3,8,5
India,Karnataka,Mysuru,"Hebbal 1st Stage, Mysuru - KSPCB","29-07-2026 14:00:00",12.21041,76.37376,CO,4,19,10
India,Karnataka,Ramanagara,"Vijay Nagar, Ramanagara - KSPCB","29-07-2026 14:00:00",12.733409,77.298051,PM2.5,23,41,32
India,Karnataka,Vijayapura,"Ibrahimpur, Vijayapura - KSPCB","29-07-2026 14:00:00",16.802639,75.722694,PM2.5,26,28,27
India,Kerala,Kannur,"Thavakkara, Kannur - Kerala PCB","29-07-2026 14:00:00",11.875,75.3732,PM10,NA,NA,NA
India,Kerala,Thiruvananthapuram,"Kariavattom, Thiruvananthapuram - Kerala PCB","29-07-2026 14:00:00",8.5637,76.8865,PM2.5,31,49,35
India,Kerala,Thiruvananthapuram,"Kariavattom, Thiruvananthapuram - Kerala PCB","29-07-2026 14:00:00",8.5637,76.8865,NH3,0,0,0
India,Kerala,Thiruvananthapuram,"Kariavattom, Thiruvananthapuram - Kerala PCB","29-07-2026 14:00:00",8.5637,76.8865,OZONE,30,31,31
India,Kerala,Thiruvananthapuram,"Plammoodu, Thiruvananthapuram - Kerala PCB","29-07-2026 14:00:00",8.5149093,76.9435879,NO2,2,4,3
India,Kerala,Thrissur,"Corporation Ground, Thrissur - Kerala PCB","29-07-2026 14:00:00",10.5324,76.2159,NO2,7,9,8
India,Kerala,Thrissur,"Corporation Ground, Thrissur - Kerala PCB","29-07-2026 14:00:00",10.5324,76.2159,NH3,0,0,0
India,"Madhya Pradesh",Bhopal,"T T Nagar, Bhopal - MPPCB","29-07-2026 14:00:00",23.233584,77.400574,PM2.5,11,52,38
India,"Madhya Pradesh",Bhopal,"T T Nagar, Bhopal - MPPCB","29-07-2026 14:00:00",23.233584,77.400574,PM10,38,103,73
India,"Madhya Pradesh",Bhopal,"T T Nagar, Bhopal - MPPCB","29-07-2026 14:00:00",23.233584,77.400574,SO2,18,23,21
India,"Madhya Pradesh",Bhopal,"T T Nagar, Bhopal - MPPCB","29-07-2026 14:00:00",23.233584,77.400574,OZONE,21,32,26
India,"Madhya Pradesh",Bhopal,"Paryavaran Parisar, Bhopal - MPPCB","29-07-2026 14:00:00",23.210494,77.425409,NH3,3,6,5
India,"Madhya Pradesh",Damoh,"Shrivastav Colony, Damoh - MPPCB","29-07-2026 14:00:00",23.81748678,79.446246,SO2,44,63,52
India,"Madhya Pradesh",Damoh,"Shrivastav Colony, Damoh - MPPCB","29-07-2026 14:00:00",23.81748678,79.446246,CO,16,22,19
India,Maharashtra,Amravati,"Shivneri Colony, Amravati - MPCB","29-07-2026 14:00:00",20.9402359,77.7895248,PM2.5,12,56,26
India,Maharashtra,Amravati,"Shivneri Colony, Amravati - MPCB","29-07-2026 14:00:00",20.9402359,77.7895248,NO2,3,12,7
India,Maharashtra,Amravati,"Shivneri Colony, Amravati - MPCB","29-07-2026 14:00:00",20.9402359,77.7895248,SO2,5,9,6
India,Maharashtra,Aurangabad,"More Chowk Waluj, Aurangabad - MPCB","29-07-2026 14:00:00",19.8389439,75.244448,NH3,7,8,7
India,Maharashtra,Aurangabad,"MIDC Chilkalthana, Aurangabad - MPCB","29-07-2026 14:00:00",19.87562,75.38731,CO,22,26,24
India,Maharashtra,Aurangabad,"Rachnakar Colony, Aurangabad - MPCB","29-07-2026 14:00:00",19.863756,75.321188,PM2.5,35,64,49
India,Maharashtra,Aurangabad,"Rachnakar Colony, Aurangabad - MPCB","29-07-2026 14:00:00",19.863756,75.321188,NO2,9,28,17
India,Maharashtra,Badlapur,"Katrap, Badlapur - MPCB","29-07-2026 14:00:00",19.16485,73.23409,NH3,7,7,7
India,Maharashtra,Badlapur,"Katrap, Badlapur - MPCB","29-07-2026 14:00:00",19.16485,73.23409,OZONE,5,7,6
India,Maharashtra,Beed,"Bir, Beed - MPCB","29-07-2026 14:00:00",18.988474,75.753873,NO2,4,16,9
India,Maharashtra,Bhiwandi,"Gokul Nagar, Bhiwandi - MPCB","29-07-2026 14:00:00",19.309073,73.057223,SO2,3,4,3
India,Maharashtra,Bhiwandi,"Gokul Nagar, Bhiwandi - MPCB","29-07-2026 14:00:00",19.309073,73.057223,OZONE,15,16,15
India,Maharashtra,Chandrapur,"MIDC Khutala, Chandrapur - MPCB","29-07-2026 14:00:00",19.9775302,79.2337086,PM2.5,18,27,21
India,Maharashtra,Chandrapur,"MIDC Khutala, Chandrapur - MPCB","29-07-2026 14:00:00",19.9775302,79.2337086,CO,38,42,40
India,"Madhya Pradesh",Dewas,"Bhopal Chauraha, Dewas - MPPCB","29-07-2026 14:00:00",22.9682591,76.064118,PM2.5,33,88,57
India,"Madhya Pradesh",Dewas,"Bhopal Chauraha, Dewas - MPPCB","29-07-2026 14:00:00",22.9682591,76.064118,CO,17,23,21
India,"Madhya Pradesh",Dewas,"Bhopal Chauraha, Dewas - MPPCB","29-07-2026 14:00:00",22.9682591,76.064118,OZONE,36,131,59
India,"Madhya Pradesh",Gwalior,"Deen Dayal Nagar, Gwalior - MPPCB","29-07-2026 14:00:00",26.259242,78.216432,PM10,10,95,42
India,"Madhya Pradesh",Gwalior,"Deen Dayal Nagar, Gwalior - MPPCB","29-07-2026 14:00:00",26.259242,78.216432,OZONE,38,96,68
India,"Madhya Pradesh",Gwalior,"Maharaj Bada, Gwalior - MPPCB","29-07-2026 14:00:00",26.200388,78.147714,PM2.5,17,62,35
India,"Madhya Pradesh",Gwalior,"Maharaj Bada, Gwalior - MPPCB","29-07-2026 14:00:00",26.200388,78.147714,NO2,3,51,20
India,"Madhya Pradesh",Gwalior,"Maharaj Bada, Gwalior - MPPCB","29-07-2026 14:00:00",26.200388,78.147714,NH3,0,6,3
India,"Madhya Pradesh",Gwalior,"Maharaj Bada, Gwalior - MPPCB","29-07-2026 14:00:00",26.200388,78.147714,SO2,10,31,17
India,"Madhya Pradesh",Gwalior,"City Center, Gwalior - MPPCB","29-07-2026 14:00:00",26.203442,78.193251,CO,7,22,17
India,"Madhya Pradesh",Gwalior,"City Center, Gwalior - MPPCB","29-07-2026 14:00:00",26.203442,78.193251,OZONE,33,50,43
India,"Madhya Pradesh",Indore,"Airport Area, Indore - IMC","29-07-2026 14:00:00",22.7289,75.8076,PM10,31,56,46
India,"Madhya Pradesh",Indore,"Maguda Nagar, Indore - IMC","29-07-2026 14:00:00",22.7524,75.8872,PM10,12,40,28
India,Maharashtra,Mahad,"Kamble Tarf Birwadi, Mahad - MPCB","29-07-2026 14:00:00",18.1023399,73.4783687,NH3,3,3,3
India,Maharashtra,Mira-Bhayandar,"Bhayandar West, Mira-Bhayandar - MPCB","29-07-2026 14:00:00",19.296481,72.840923,PM2.5,23,54,37
India,Maharashtra,Mumbai,"Kherwadi_Bandra East, Mumbai - MPCB","29-07-2026 14:00:00",19.0632143,72.8456324,CO,12,28,21
India,Maharashtra,Mumbai,"Mazgaon, Mumbai - IITM","29-07-2026 14:00:00",18.96702,72.84214,PM10,65,88,79
India,Maharashtra,Mumbai,"Shivaji Nagar, Mumbai - BMC","29-07-2026 14:00:00",19.060498,72.923356,PM10,30,50,43
India,Maharashtra,Mumbai,"Shivaji Nagar, Mumbai - BMC","29-07-2026 14:00:00",19.060498,72.923356,NO2,6,10,8
India,Maharashtra,Mumbai,"Shivaji Nagar, Mumbai - BMC","29-07-2026 14:00:00",19.060498,72.923356,OZONE,3,5,4
India,Maharashtra,Mumbai,"Chakala-Andheri East, Mumbai - IITM","29-07-2026 14:00:00",19.11074,72.86084,NH3,1,2,1
India,Maharashtra,Mumbai,"Chakala-Andheri East, Mumbai - IITM","29-07-2026 14:00:00",19.11074,72.86084,SO2,0,12,5
India,Maharashtra,Mumbai,"Byculla, Mumbai - BMC","29-07-2026 14:00:00",18.9767,72.838,PM10,24,49,35
India,Maharashtra,Mumbai,"Byculla, Mumbai - BMC","29-07-2026 14:00:00",18.9767,72.838,NO2,4,23,10
India,"Madhya Pradesh",Indore,"Maguda Nagar, Indore - IMC","29-07-2026 14:00:00",22.7524,75.8872,CO,35,38,37
India,"Madhya Pradesh",Indore,"Maguda Nagar, Indore - IMC","29-07-2026 14:00:00",22.7524,75.8872,OZONE,11,12,11
India,"Madhya Pradesh",Indore,"Chhoti Gwaltoli, Indore - MPPCB","29-07-2026 14:00:00",22.431,75.5213,PM10,64,98,82
India,"Madhya Pradesh",Indore,"Chhoti Gwaltoli, Indore - MPPCB","29-07-2026 14:00:00",22.431,75.5213,NO2,22,64,47
India,"Madhya Pradesh",Indore,"Chhoti Gwaltoli, Indore - MPPCB","29-07-2026 14:00:00",22.431,75.5213,NH3,6,9,7
India,"Madhya Pradesh",Indore,"Residency Area, Indore - IMC","29-07-2026 14:00:00",22.7084,75.8815,SO2,3,3,3
India,"Madhya Pradesh",Jabalpur,"Govindh Bhavan Colony, Jabalpur - JMC","29-07-2026 14:00:00",23.163174,79.973061,PM2.5,2,18,14
India,"Madhya Pradesh",Jabalpur,"Gupteshwar, Jabalpur - JMC","29-07-2026 14:00:00",23.142888,79.916147,PM10,7,36,20
India,"Madhya Pradesh",Jabalpur,"Gupteshwar, Jabalpur - JMC","29-07-2026 14:00:00",23.142888,79.916147,NH3,4,4,4
India,"Madhya Pradesh",Jabalpur,"Gupteshwar, Jabalpur - JMC","29-07-2026 14:00:00",23.142888,79.916147,OZONE,10,17,12
India,"Madhya Pradesh",Maihar,"Sahilara, Maihar - KJS Cements","29-07-2026 14:00:00",24.2613009,80.7231783,PM10,7,215,84
India,Maharashtra,Mumbai,"Byculla, Mumbai - BMC","29-07-2026 14:00:00",18.9767,72.838,CO,30,35,33
India,Maharashtra,Mumbai,"Mindspace-Malad West, Mumbai - MPCB","29-07-2026 14:00:00",19.1878657,72.8304069,PM10,31,36,34
India,Maharashtra,Mumbai,"Mindspace-Malad West, Mumbai - MPCB","29-07-2026 14:00:00",19.1878657,72.8304069,NO2,13,14,13
India,Maharashtra,Mumbai,"Mindspace-Malad West, Mumbai - MPCB","29-07-2026 14:00:00",19.1878657,72.8304069,SO2,6,7,7
India,Maharashtra,Mumbai,"Borivali East, Mumbai - IITM","29-07-2026 14:00:00",19.23241,72.86895,PM2.5,32,54,43
India,Maharashtra,Mumbai,"Borivali East, Mumbai - IITM","29-07-2026 14:00:00",19.23241,72.86895,NH3,1,2,2
India,Maharashtra,Mumbai,"Worli, Mumbai - MPCB","29-07-2026 14:00:00",18.9936162,72.8128113,PM10,85,112,97
India,Maharashtra,Mumbai,"Bandra Kurla Complex, Mumbai - IITM","29-07-2026 14:00:00",19.053536,72.84643,OZONE,12,20,18
India,Maharashtra,Mumbai,"Navy Nagar-Colaba, Mumbai - IITM","29-07-2026 14:00:00",18.897756,72.81332,PM2.5,NA,NA,NA
India,Maharashtra,Mumbai,"Sewri, Mumbai - BMC","29-07-2026 14:00:00",19.000084,72.85673,CO,21,21,21
India,Punjab,Khanna,"Kalal Majra, Khanna - PPCB","29-07-2026 14:00:00",30.736056,76.209694,CO,44,48,45
India,Punjab,Khanna,"Kalal Majra, Khanna - PPCB","29-07-2026 14:00:00",30.736056,76.209694,OZONE,20,40,33
India,Punjab,Ludhiana,"Punjab Agricultural University, Ludhiana - PPCB","29-07-2026 14:00:00",30.9028,75.8086,NO2,38,44,42
India,Punjab,"Mandi Gobindgarh","RIMT University, Mandi Gobindgarh - PPCB","29-07-2026 14:00:00",30.649961,76.331442,PM2.5,44,115,71
India,Punjab,"Mandi Gobindgarh","RIMT University, Mandi Gobindgarh - PPCB","29-07-2026 14:00:00",30.649961,76.331442,SO2,NA,NA,NA
India,Punjab,Patiala,"Model Town, Patiala - PPCB","29-07-2026 14:00:00",30.349388,76.366642,SO2,NA,NA,NA
India,Punjab,Patiala,"Model Town, Patiala - PPCB","29-07-2026 14:00:00",30.349388,76.366642,OZONE,24,53,39
India,Punjab,Rupnagar,"Ratanpura, Rupnagar - Ambuja Cements","29-07-2026 14:00:00",31.0325454,76.5623046,NH3,NA,NA,NA
India,Rajasthan,Ajmer,"Civil Lines,  Ajmer - RSPCB","29-07-2026 14:00:00",26.470859,74.646594,PM10,23,119,83
India,Rajasthan,Ajmer,"Civil Lines,  Ajmer - RSPCB","29-07-2026 14:00:00",26.470859,74.646594,NO2,30,35,33
India,Rajasthan,Ajmer,"Civil Lines,  Ajmer - RSPCB","29-07-2026 14:00:00",26.470859,74.646594,NH3,6,7,7
India,Rajasthan,Ajmer,"Civil Lines,  Ajmer - RSPCB","29-07-2026 14:00:00",26.470859,74.646594,SO2,6,14,10
India,Rajasthan,Ajmer,"Civil Lines,  Ajmer - RSPCB","29-07-2026 14:00:00",26.470859,74.646594,CO,20,26,23
India,Rajasthan,Alwar,"Moti Doongri, Alwar - RSPCB","29-07-2026 14:00:00",27.554793,76.611536,NH3,8,10,9
India,Rajasthan,Alwar,"Moti Doongri, Alwar - RSPCB","29-07-2026 14:00:00",27.554793,76.611536,SO2,28,52,39
India,Rajasthan,Alwar,"Moti Doongri, Alwar - RSPCB","29-07-2026 14:00:00",27.554793,76.611536,CO,51,71,62
India,Rajasthan,Alwar,"Vigyan Nagar, Alwar - RSPCB","29-07-2026 14:00:00",27.598796,76.63861,PM2.5,45,126,63
India,Rajasthan,Banswara,"Rati Talai, Banswara - RSPCB","29-07-2026 14:00:00",23.55519,74.44001,NO2,21,35,25
India,Rajasthan,Banswara,"Rati Talai, Banswara - RSPCB","29-07-2026 14:00:00",23.55519,74.44001,CO,23,36,28
India,Rajasthan,Baran,"Bamboliya, Baran - RSPCB","29-07-2026 14:00:00",25.106006,76.469948,NO2,12,25,19
India,Maharashtra,Mumbai,"Sion, Mumbai - MPCB","29-07-2026 14:00:00",19.047,72.8746,PM10,16,49,25
India,Maharashtra,Mumbai,"Sion, Mumbai - MPCB","29-07-2026 14:00:00",19.047,72.8746,SO2,NA,NA,NA
India,Maharashtra,Mumbai,"Sion, Mumbai - MPCB","29-07-2026 14:00:00",19.047,72.8746,CO,18,20,19
India,Maharashtra,Mumbai,"Deonar, Mumbai - IITM","29-07-2026 14:00:00",19.04946,72.923,NH3,14,18,16
India,Maharashtra,Mumbai,"Deonar, Mumbai - IITM","29-07-2026 14:00:00",19.04946,72.923,SO2,2,8,6
India,Maharashtra,Mumbai,"Powai, Mumbai - MPCB","29-07-2026 14:00:00",19.1375,72.915056,PM2.5,1,13,9
India,Maharashtra,Mumbai,"Powai, Mumbai - MPCB","29-07-2026 14:00:00",19.1375,72.915056,PM10,1,16,11
India,Maharashtra,Mumbai,"Powai, Mumbai - MPCB","29-07-2026 14:00:00",19.1375,72.915056,NO2,7,7,7
India,Maharashtra,Mumbai,"Powai, Mumbai - MPCB","29-07-2026 14:00:00",19.1375,72.915056,CO,NA,NA,NA
India,Maharashtra,Mumbai,"Ghatkopar, Mumbai - BMC","29-07-2026 14:00:00",19.083694,72.920967,PM2.5,15,32,23
India,Maharashtra,Mumbai,"Ghatkopar, Mumbai - BMC","29-07-2026 14:00:00",19.083694,72.920967,PM10,51,82,69
India,Maharashtra,Mumbai,"Ghatkopar, Mumbai - BMC","29-07-2026 14:00:00",19.083694,72.920967,NO2,2,19,5
India,Maharashtra,Mumbai,"Ghatkopar, Mumbai - BMC","29-07-2026 14:00:00",19.083694,72.920967,CO,21,25,23
India,Maharashtra,Mumbai,"Kurla, Mumbai - MPCB","29-07-2026 14:00:00",19.0863,72.8888,NH3,2,2,2
India,Maharashtra,Mumbai,"Kurla, Mumbai - MPCB","29-07-2026 14:00:00",19.0863,72.8888,OZONE,28,29,28
India,Maharashtra,Nagpur,"Ram Nagar, Nagpur - MPCB","29-07-2026 14:00:00",21.143383,79.048912,PM2.5,NA,NA,NA
India,Maharashtra,Nagpur,"Ram Nagar, Nagpur - MPCB","29-07-2026 14:00:00",21.143383,79.048912,CO,12,14,13
India,Maharashtra,Nagpur,"Ambazari, Nagpur - MPCB","29-07-2026 14:00:00",21.121801,79.04952,SO2,5,7,5
India,Maharashtra,Nagpur,"Mahal, Nagpur - MPCB","29-07-2026 14:00:00",21.14472,79.107595,PM2.5,18,44,29
India,Maharashtra,Nagpur,"Mahal, Nagpur - MPCB","29-07-2026 14:00:00",21.14472,79.107595,NO2,6,25,12
India,Maharashtra,Nagpur,"Opp GPO Civil Lines, Nagpur - MPCB","29-07-2026 14:00:00",21.152875,79.0517531,PM2.5,4,33,20
India,Odisha,Rourkela,"Sector-2, Rourkela - OSPCB","29-07-2026 14:00:00",22.245,84.88111111,NO2,11,11,11
India,Odisha,Rourkela,"Sector-2, Rourkela - OSPCB","29-07-2026 14:00:00",22.245,84.88111111,SO2,NA,NA,NA
India,Odisha,Rourkela,"Fertilizer Township, Rourkela - OSPCB","29-07-2026 14:00:00",22.18972222,84.86277778,CO,12,16,14
India,Odisha,Rourkela,"Raghunathpali, Rourkela - OSPCB","29-07-2026 14:00:00",22.220833,84.809444,SO2,4,5,5
India,Odisha,Suakati,"OMC Colony, Suakati - OSPCB","29-07-2026 14:00:00",21.606865,85.510538,PM2.5,12,25,15
India,Odisha,Suakati,"OMC Colony, Suakati - OSPCB","29-07-2026 14:00:00",21.606865,85.510538,PM10,24,38,26
India,Odisha,Suakati,"OMC Colony, Suakati - OSPCB","29-07-2026 14:00:00",21.606865,85.510538,NH3,3,3,3
India,Odisha,Suakati,"OMC Colony, Suakati - OSPCB","29-07-2026 14:00:00",21.606865,85.510538,SO2,4,5,4
India,Odisha,Talcher,"Talcher Coalfields,Talcher - OSPCB","29-07-2026 14:00:00",20.9360711,85.1707021,PM10,NA,NA,NA
India,Odisha,Talcher,"Talcher Coalfields,Talcher - OSPCB","29-07-2026 14:00:00",20.9360711,85.1707021,SO2,2,66,33
India,Odisha,Tensa,"Barsua Iron Ore Mines, Tensa - OSPCB","29-07-2026 14:00:00",21.869985,85.167016,PM10,14,17,15
India,Puducherry,Puducherry,"Jawahar Nagar, Puducherry - PPCC","29-07-2026 14:00:00",11.9309,79.8027,PM10,9,27,19
India,Punjab,Amritsar,"Golden Temple, Amritsar - PPCB","29-07-2026 14:00:00",31.62,74.876512,CO,23,27,25
India,Punjab,Bathinda,"Hardev Nagar, Bathinda - PPCB","29-07-2026 14:00:00",30.233011,74.907758,PM2.5,9,347,98
India,Punjab,Bathinda,"Hardev Nagar, Bathinda - PPCB","29-07-2026 14:00:00",30.233011,74.907758,CO,49,87,76
India,Punjab,Jalandhar,"Civil Line, Jalandhar - PPCB","29-07-2026 14:00:00",31.321907,75.578914,NO2,30,46,37
India,Rajasthan,Barmer,"Railway Colony, Barmer - RSPCB","29-07-2026 14:00:00",25.747299,71.393989,PM10,64,122,87
India,Rajasthan,Barmer,"Railway Colony, Barmer - RSPCB","29-07-2026 14:00:00",25.747299,71.393989,CO,10,16,13
India,Rajasthan,Bharatpur,"Krishna Nagar, Bharatpur - RSPCB","29-07-2026 14:00:00",27.215415,77.50873,OZONE,17,63,45
India,Rajasthan,Bhilwara,"Pratap Nagar, Bhilwara - RSPCB","29-07-2026 14:00:00",25.339605,74.618883,PM2.5,5,67,33
India,Rajasthan,Bhilwara,"Pratap Nagar, Bhilwara - RSPCB","29-07-2026 14:00:00",25.339605,74.618883,NO2,6,31,13
India,Rajasthan,Bhilwara,"Pratap Nagar, Bhilwara - RSPCB","29-07-2026 14:00:00",25.339605,74.618883,SO2,4,12,9
India,Rajasthan,Bhilwara,"Pratap Nagar, Bhilwara - RSPCB","29-07-2026 14:00:00",25.339605,74.618883,CO,9,17,12
India,Rajasthan,Bhiwadi,"RIICO Ind. Area III, Bhiwadi - RSPCB","29-07-2026 14:00:00",28.194909,76.862296,SO2,11,18,12
India,Rajasthan,Bhiwadi,"RIICO Ind. Area III, Bhiwadi - RSPCB","29-07-2026 14:00:00",28.194909,76.862296,CO,30,81,43
India,Rajasthan,Bhiwadi,"RIICO Ind. Area III, Bhiwadi - RSPCB","29-07-2026 14:00:00",28.194909,76.862296,OZONE,7,47,23
India,Rajasthan,Bhiwadi,"Vasundhara Nagar_UIT, Bhiwadi - RSPCB","29-07-2026 14:00:00",28.207266,76.829265,NH3,6,21,10
India,Rajasthan,Bhiwadi,"Vasundhara Nagar_UIT, Bhiwadi - RSPCB","29-07-2026 14:00:00",28.207266,76.829265,OZONE,11,23,16
India,Rajasthan,Bikaner,"MM Ground, Bikaner - RSPCB","29-07-2026 14:00:00",28.018792,73.292658,CO,54,58,56
India,Rajasthan,Bundi,"New Colony, Bundi - RSPCB","29-07-2026 14:00:00",25.435774,75.644272,PM10,5,104,55
India,Rajasthan,Bundi,"New Colony, Bundi - RSPCB","29-07-2026 14:00:00",25.435774,75.644272,CO,11,24,15
India,Rajasthan,Churu,"Subash Chowk, Churu - RSPCB","29-07-2026 14:00:00",28.296139,74.961696,PM2.5,3,69,19
India,Maharashtra,Nashik,"Pandav Nagari, Nashik - MPCB","29-07-2026 14:00:00",19.9591346,73.7788008,SO2,1,5,3
India,Maharashtra,Nashik,"Pandav Nagari, Nashik - MPCB","29-07-2026 14:00:00",19.9591346,73.7788008,CO,9,16,13
India,Maharashtra,Nashik,"Gangapur Road, Nashik - MPCB","29-07-2026 14:00:00",20.0073285,73.7762427,PM2.5,26,53,38
India,Maharashtra,Nashik,"Gangapur Road, Nashik - MPCB","29-07-2026 14:00:00",20.0073285,73.7762427,OZONE,26,26,26
India,Maharashtra,Nashik,"MIDC Ambad, Nashik - MPCB","29-07-2026 14:00:00",19.95022,73.73148,SO2,0,4,1
India,Maharashtra,"Navi Mumbai","Sanpada, Navi Mumbai - MPCB","29-07-2026 14:00:00",19.0575752,73.0151367,PM10,44,67,58
India,Maharashtra,"Navi Mumbai","Sanpada, Navi Mumbai - MPCB","29-07-2026 14:00:00",19.0575752,73.0151367,NH3,1,3,2
India,Maharashtra,"Navi Mumbai","Sanpada, Navi Mumbai - MPCB","29-07-2026 14:00:00",19.0575752,73.0151367,SO2,8,9,8
India,Maharashtra,"Navi Mumbai","Sector-2E Kalamboli, Navi Mumbai - MPCB","29-07-2026 14:00:00",19.02579,73.10297,OZONE,1,9,4
India,Maharashtra,"Navi Mumbai","Nerul, Navi Mumbai - MPCB","29-07-2026 14:00:00",19.008751,73.01662,PM2.5,16,35,25
India,Maharashtra,"Navi Mumbai","Nerul, Navi Mumbai - MPCB","29-07-2026 14:00:00",19.008751,73.01662,PM10,NA,NA,NA
India,Maharashtra,"Navi Mumbai","Nerul, Navi Mumbai - MPCB","29-07-2026 14:00:00",19.008751,73.01662,NH3,1,1,1
India,Maharashtra,"Navi Mumbai","Kopripada-Vashi, Navi Mumbai - MPCB","29-07-2026 14:00:00",19.090337,73.014232,PM10,42,71,60
India,Maharashtra,"Navi Mumbai","Mahape, Navi Mumbai - MPCB","29-07-2026 14:00:00",19.1135051,73.008978,SO2,16,17,16
India,Maharashtra,"Navi Mumbai","Tondare-Taloja, Navi Mumbai - MPCB","29-07-2026 14:00:00",19.063,73.1209,PM10,45,93,59
India,Maharashtra,Pune,"Dhankawadi, Pune - IITM","29-07-2026 14:00:00",18.459883,73.852193,PM10,24,74,51
India,Maharashtra,Pune,"Dhankawadi, Pune - IITM","29-07-2026 14:00:00",18.459883,73.852193,NO2,11,21,16
India,Maharashtra,Pune,"Dhankawadi, Pune - IITM","29-07-2026 14:00:00",18.459883,73.852193,SO2,NA,NA,NA
India,Maharashtra,Pune,"Savitribai Phule Pune University, Pune - MPCB","29-07-2026 14:00:00",18.547056,73.826908,PM2.5,10,36,21
India,Maharashtra,Sangli,"Vijay Nagar, Sangli - MPCB","29-07-2026 14:00:00",16.5038,74.3623,NO2,2,10,5
India,Maharashtra,Satara,"Koyana Nagar, Satara - MPCB","29-07-2026 14:00:00",17.696651,74.003387,NH3,1,2,1
India,Maharashtra,Solapur,"Ratandeep Housing Society, Solapur - MPCB","29-07-2026 14:00:00",17.65439,75.90649,PM10,25,76,46
India,Maharashtra,Solapur,"Ratandeep Housing Society, Solapur - MPCB","29-07-2026 14:00:00",17.65439,75.90649,NO2,6,28,16
India,Maharashtra,Solapur,"Ratandeep Housing Society, Solapur - MPCB","29-07-2026 14:00:00",17.65439,75.90649,CO,16,31,24
India,Maharashtra,Thane,"Upvan Fort, Thane - MPCB","29-07-2026 14:00:00",19.222279,72.957979,NH3,5,6,5
India,Maharashtra,Thane,"Upvan Fort, Thane - MPCB","29-07-2026 14:00:00",19.222279,72.957979,OZONE,15,33,23
India,Maharashtra,Thane,"Kasarvadavali, Thane - MPCB","29-07-2026 14:00:00",19.26777,72.97182,NO2,4,12,9
India,Maharashtra,Ulhasnagar,"Vithalwadi, Ulhasnagar - MPCB","29-07-2026 14:00:00",19.2307571,73.155192,NH3,0,1,1
India,Maharashtra,Pimpri-Chinchwad,"Transport Nagar-Nigdi, Pune - IITM","29-07-2026 14:00:00",18.664282,73.763966,CO,34,74,55
India,Maharashtra,Pimpri-Chinchwad,"Park Street Wakad, Pimpri Chinchwad - MPCB","29-07-2026 14:00:00",18.59051,73.77946,PM2.5,11,24,15
India,Maharashtra,Pimpri-Chinchwad,"Park Street Wakad, Pimpri Chinchwad - MPCB","29-07-2026 14:00:00",18.59051,73.77946,NH3,1,2,2
India,Maharashtra,Pimpri-Chinchwad,"Park Street Wakad, Pimpri Chinchwad - MPCB","29-07-2026 14:00:00",18.59051,73.77946,OZONE,5,17,11
India,Maharashtra,Pimpri-Chinchwad,"Thergaon, Pimpri Chinchwad - MPCB","29-07-2026 14:00:00",18.616318,73.765797,PM10,29,91,42
India,Maharashtra,Pimpri-Chinchwad,"Thergaon, Pimpri Chinchwad - MPCB","29-07-2026 14:00:00",18.616318,73.765797,NO2,3,17,8
India,Maharashtra,Pimpri-Chinchwad,"Thergaon, Pimpri Chinchwad - MPCB","29-07-2026 14:00:00",18.616318,73.765797,CO,4,30,21
India,Maharashtra,Pune,"Mhada Colony, Pune - IITM","29-07-2026 14:00:00",18.57304,73.927715,NO2,21,35,27
India,Maharashtra,Pune,"Mhada Colony, Pune - IITM","29-07-2026 14:00:00",18.57304,73.927715,NH3,NA,NA,NA
India,Maharashtra,Pune,"Mhada Colony, Pune - IITM","29-07-2026 14:00:00",18.57304,73.927715,SO2,NA,NA,NA
India,Maharashtra,Pune,"Panchawati_Pashan, Pune - IITM","29-07-2026 14:00:00",18.536457,73.805454,NH3,NA,NA,NA
India,Maharashtra,Pune,"Katraj Dairy, Pune - MPCB","29-07-2026 14:00:00",18.45445,73.854155,PM2.5,14,40,25
India,Maharashtra,Pune,"Katraj Dairy, Pune - MPCB","29-07-2026 14:00:00",18.45445,73.854155,NO2,10,12,11
India,Maharashtra,Pune,"Katraj Dairy, Pune - MPCB","29-07-2026 14:00:00",18.45445,73.854155,CO,20,41,34
India,Odisha,Baripada,"Meher Colony, Baripada - OSPCB","29-07-2026 14:00:00",21.941841,86.728318,NO2,0,12,4
India,Odisha,Baripada,"Meher Colony, Baripada - OSPCB","29-07-2026 14:00:00",21.941841,86.728318,CO,14,27,22
India,Odisha,Bhubaneswar,"Lingraj Mandir, Bhubaneswar - OSPCB","29-07-2026 14:00:00",20.24079,85.836784,PM10,17,41,28
India,Odisha,Bhubaneswar,"Patia, Bhubaneswar - OSPCB","29-07-2026 14:00:00",20.34652,85.8163,PM2.5,7,37,20
India,Odisha,Bileipada,"Tata Township, Bileipada - OSPCB","29-07-2026 14:00:00",22.06156703,85.47409613,NH3,5,6,5
India,Odisha,Brajrajnagar,"GM Office, Brajrajnagar - OSPCB","29-07-2026 14:00:00",21.8004996,83.8396977,PM10,0,23,11
India,Odisha,Brajrajnagar,"GM Office, Brajrajnagar - OSPCB","29-07-2026 14:00:00",21.8004996,83.8396977,SO2,7,8,7
India,Odisha,Byasanagar,"Ferro Chrome Colony, Byasanagar - OSPCB","29-07-2026 14:00:00",20.94185,86.1151,CO,38,40,39
India,Maharashtra,Virar,"Bolinj, Virar - MPCB","29-07-2026 14:00:00",19.445821,72.7988231,PM10,34,63,49
India,Meghalaya,Byrnihat,"15th Mile-Nongthymmai, Byrnihat -Meghalaya PCB","29-07-2026 14:00:00",26.079047,91.875185,PM2.5,8,299,72
India,Meghalaya,Byrnihat,"15th Mile-Nongthymmai, Byrnihat -Meghalaya PCB","29-07-2026 14:00:00",26.079047,91.875185,SO2,0,3,1
India,Nagaland,Kohima,"PWD Junction, Kohima - NPCB","29-07-2026 14:00:00",25.6635413,94.0989878,NO2,3,4,3
India,Nagaland,Kohima,"PWD Junction, Kohima - NPCB","29-07-2026 14:00:00",25.6635413,94.0989878,NH3,1,1,1
India,Nagaland,Kohima,"PWD Junction, Kohima - NPCB","29-07-2026 14:00:00",25.6635413,94.0989878,CO,3,3,3
India,Odisha,Balasore,"Kalidaspur, Balasore - OSPCB","29-07-2026 14:00:00",21.51161,86.89088,PM2.5,2,40,12
India,Odisha,Balasore,"Kalidaspur, Balasore - OSPCB","29-07-2026 14:00:00",21.51161,86.89088,SO2,3,5,5
India,Rajasthan,Kota,"Dhanmandi, Kota - RSPCB","29-07-2026 14:00:00",25.16409,75.858137,SO2,5,8,6
India,Rajasthan,Kota,"Shrinath Puram, Kota - RSPCB","29-07-2026 14:00:00",25.14389,75.821256,PM10,28,77,45
India,Rajasthan,Kota,"Shrinath Puram, Kota - RSPCB","29-07-2026 14:00:00",25.14389,75.821256,NO2,9,18,12
India,Rajasthan,Kota,"Shrinath Puram, Kota - RSPCB","29-07-2026 14:00:00",25.14389,75.821256,NH3,9,16,11
India,Rajasthan,Nagaur,"Karni Colony, Nagaur - RSPCB","29-07-2026 14:00:00",27.213494,73.734444,PM2.5,6,72,35
India,Rajasthan,Nagaur,"Karni Colony, Nagaur - RSPCB","29-07-2026 14:00:00",27.213494,73.734444,PM10,9,129,83
India,Rajasthan,Nagaur,"Karni Colony, Nagaur - RSPCB","29-07-2026 14:00:00",27.213494,73.734444,OZONE,13,26,19
India,Rajasthan,Pali,"Indira Colony Vistar, Pali - RSPCB","29-07-2026 14:00:00",25.771061,73.340227,PM10,96,200,157
India,Rajasthan,Pali,"Indira Colony Vistar, Pali - RSPCB","29-07-2026 14:00:00",25.771061,73.340227,NH3,3,14,8
India,Rajasthan,Pali,"Indira Colony Vistar, Pali - RSPCB","29-07-2026 14:00:00",25.771061,73.340227,SO2,9,15,13
India,Rajasthan,Pratapgarh,"Pragati Nagar, Pratapgarh - RSPCB","29-07-2026 14:00:00",24.041198,74.780702,PM2.5,32,70,49
India,Rajasthan,Pratapgarh,"Pragati Nagar, Pratapgarh - RSPCB","29-07-2026 14:00:00",24.041198,74.780702,NO2,3,13,7
India,Rajasthan,"Sawai Madhopur","Sahu Nagar, Sawai Madhopur - RSPCB","29-07-2026 14:00:00",26.031443,76.359327,PM10,18,78,35
India,Rajasthan,"Sawai Madhopur","Sahu Nagar, Sawai Madhopur - RSPCB","29-07-2026 14:00:00",26.031443,76.359327,NH3,4,48,11
India,Rajasthan,Sikar,"Radhakishan Pura, Sikar - RSPCB","29-07-2026 14:00:00",27.608912,75.153302,PM2.5,5,60,25
India,Rajasthan,Sikar,"Radhakishan Pura, Sikar - RSPCB","29-07-2026 14:00:00",27.608912,75.153302,NO2,7,16,11
India,Rajasthan,Sikar,"Radhakishan Pura, Sikar - RSPCB","29-07-2026 14:00:00",27.608912,75.153302,CO,9,22,16
India,Rajasthan,Sikar,"Radhakishan Pura, Sikar - RSPCB","29-07-2026 14:00:00",27.608912,75.153302,OZONE,20,35,28
India,Rajasthan,Sirohi,"Vedhaynath Colony, Sirohi - RSPCB","29-07-2026 14:00:00",24.885261,72.857549,NO2,3,19,7
India,Rajasthan,"Sri Ganganagar","Old City, Sri Ganganagar - RSPCB","29-07-2026 14:00:00",29.931624,73.864511,PM10,20,196,64
India,Rajasthan,Dholpur,"Raja Ganj, Dholpur - RSPCB","29-07-2026 14:00:00",26.699557,77.898881,OZONE,12,19,16
India,Rajasthan,Dungarpur,"Bhoiwada, Dungarpur - RSPCB","29-07-2026 14:00:00",23.837789,73.714926,PM2.5,25,92,63
India,Rajasthan,Dungarpur,"Bhoiwada, Dungarpur - RSPCB","29-07-2026 14:00:00",23.837789,73.714926,NH3,6,7,7
India,Rajasthan,Dungarpur,"Bhoiwada, Dungarpur - RSPCB","29-07-2026 14:00:00",23.837789,73.714926,CO,11,14,13
India,Rajasthan,Hanumangarh,"Housing Board, Hanumangarh - RSPCB","29-07-2026 14:00:00",29.61075,74.283608,PM2.5,2,50,18
India,Rajasthan,Hanumangarh,"Housing Board, Hanumangarh - RSPCB","29-07-2026 14:00:00",29.61075,74.283608,NO2,3,11,6
India,Rajasthan,Jaipur,"RIICO Sitapura, Jaipur - RSPCB","29-07-2026 14:00:00",26.786682,75.827928,NH3,1,3,2
India,Rajasthan,Jaipur,"RIICO Sitapura, Jaipur - RSPCB","29-07-2026 14:00:00",26.786682,75.827928,SO2,2,8,4
India,Rajasthan,Jaipur,"Sector-2 Murlipura, Jaipur - RSPCB","29-07-2026 14:00:00",26.960669,75.771817,NH3,2,67,14
India,Rajasthan,Jaipur,"Sector-2 Murlipura, Jaipur - RSPCB","29-07-2026 14:00:00",26.960669,75.771817,SO2,4,11,5
India,Rajasthan,Jaipur,"Shastri Nagar, Jaipur - RSPCB","29-07-2026 14:00:00",26.9502929,75.730943,NO2,22,41,31
India,Rajasthan,Jaipur,"Shastri Nagar, Jaipur - RSPCB","29-07-2026 14:00:00",26.9502929,75.730943,NH3,4,12,9
India,Rajasthan,Jaipur,"Police Commissionerate, Jaipur - RSPCB","29-07-2026 14:00:00",26.9164092,75.7994901,PM2.5,35,88,56
India,Rajasthan,Jaipur,"Police Commissionerate, Jaipur - RSPCB","29-07-2026 14:00:00",26.9164092,75.7994901,PM10,36,99,60
India,Rajasthan,Jaipur,"Police Commissionerate, Jaipur - RSPCB","29-07-2026 14:00:00",26.9164092,75.7994901,SO2,5,29,18
India,Rajasthan,Jaipur,"Mansarovar Sector-12, Jaipur - RSPCB","29-07-2026 14:00:00",26.843698,75.766894,PM10,15,111,59
India,Rajasthan,Jaipur,"Mansarovar Sector-12, Jaipur - RSPCB","29-07-2026 14:00:00",26.843698,75.766894,NO2,13,39,25
India,Rajasthan,Jaipur,"Mansarovar Sector-12, Jaipur - RSPCB","29-07-2026 14:00:00",26.843698,75.766894,OZONE,48,94,66
India,Rajasthan,Jaipur,"Adarsh Nagar, Jaipur - RSPCB","29-07-2026 14:00:00",26.902909,75.836858,NO2,36,77,47
India,"Uttar Pradesh",Ghaziabad,"Loni, Ghaziabad - UPPCB","29-07-2026 14:00:00",28.757294,77.278792,CO,24,24,24
India,"Uttar Pradesh",Ghaziabad,"Wave City, Ghaziabad - UPPCB","29-07-2026 14:00:00",28.646675,77.489049,PM10,NA,NA,NA
India,"Uttar Pradesh",Ghaziabad,"Govindpuram, Ghaziabad - UPPCB","29-07-2026 14:00:00",28.694528,77.494705,PM2.5,7,27,16
India,"Uttar Pradesh",Ghaziabad,"Govindpuram, Ghaziabad - UPPCB","29-07-2026 14:00:00",28.694528,77.494705,PM10,8,86,38
India,"Uttar Pradesh",Ghaziabad,"Govindpuram, Ghaziabad - UPPCB","29-07-2026 14:00:00",28.694528,77.494705,CO,37,45,41
India,"Uttar Pradesh",Gorakhpur,"Madan Mohan Malaviya University of Technology, Gorakhpur - UPPCB","29-07-2026 14:00:00",26.730136,83.433859,PM10,9,118,63
India,"Uttar Pradesh","Greater Noida","Knowledge Park - V, Greater Noida - UPPCB","29-07-2026 14:00:00",28.557054,77.453663,CO,11,17,13
India,"Uttar Pradesh","Greater Noida","Knowledge Park - III, Greater Noida - UPPCB","29-07-2026 14:00:00",28.47272,77.482,PM2.5,NA,NA,NA
India,"Uttar Pradesh","Greater Noida","Knowledge Park - III, Greater Noida - UPPCB","29-07-2026 14:00:00",28.47272,77.482,PM10,14,118,68
India,"Uttar Pradesh","Greater Noida","Knowledge Park - III, Greater Noida - UPPCB","29-07-2026 14:00:00",28.47272,77.482,SO2,3,9,6
India,"Uttar Pradesh","Greater Noida","Knowledge Park - III, Greater Noida - UPPCB","29-07-2026 14:00:00",28.47272,77.482,CO,17,21,19
India,"Uttar Pradesh",Hapur,"Anand Vihar, Hapur - UPPCB","29-07-2026 14:00:00",28.725645,77.749675,PM2.5,2,83,34
India,"Uttar Pradesh",Hapur,"Anand Vihar, Hapur - UPPCB","29-07-2026 14:00:00",28.725645,77.749675,PM10,7,66,35
India,"Uttar Pradesh",Hapur,"Anand Vihar, Hapur - UPPCB","29-07-2026 14:00:00",28.725645,77.749675,OZONE,19,27,22
India,"Uttar Pradesh",Jhansi,"Shivaji Nagar, Jhansi - UPPCB","29-07-2026 14:00:00",25.4547,78.6039,NO2,6,6,6
India,Rajasthan,"Sri Ganganagar","Old City, Sri Ganganagar - RSPCB","29-07-2026 14:00:00",29.931624,73.864511,OZONE,21,102,47
India,Rajasthan,Tonk,"Shastri Nagar, Tonk - RSPCB","29-07-2026 14:00:00",26.159933,75.780517,CO,25,49,38
India,Rajasthan,Udaipur,"Ashok Nagar, Udaipur - RSPCB","29-07-2026 14:00:00",24.5886166,73.6321397,PM2.5,42,155,99
India,Rajasthan,Udaipur,"Ashok Nagar, Udaipur - RSPCB","29-07-2026 14:00:00",24.5886166,73.6321397,SO2,1,27,9
India,Sikkim,Gangtok,"Zero Point GICI, Gangtok - SSPCB","29-07-2026 14:00:00",27.33853,88.614099,PM10,8,27,14
India,Sikkim,Gangtok,"Zero Point GICI, Gangtok - SSPCB","29-07-2026 14:00:00",27.33853,88.614099,NO2,7,9,8
India,"Tamil Nadu",Chennai,"Royapuram, Chennai - TNPCB","29-07-2026 14:00:00",13.1036,80.2909,SO2,NA,NA,NA
India,"Tamil Nadu",Chennai,"Velachery Res. Area, Chennai - CPCB","29-07-2026 14:00:00",13.0052189,80.2398125,CO,NA,NA,NA
India,"Tamil Nadu",Chennai,"Arumbakkam, Chennai - TNPCB","29-07-2026 14:00:00",13.0664,80.2112,NH3,3,4,4
India,"Tamil Nadu",Chennai,"Manali Village, Chennai - TNPCB","29-07-2026 14:00:00",13.1662,80.2584,PM10,29,87,44
India,"Tamil Nadu",Chennai,"Kodungaiyur, Chennai - TNPCB","29-07-2026 14:00:00",13.1278,80.2642,NO2,10,15,13
India,"Uttar Pradesh",Bareilly,"Rajendra Nagar, Bareilly - UPPCB","29-07-2026 14:00:00",28.38910936,79.42963708,OZONE,NA,NA,NA
India,"Uttar Pradesh",Bareilly,"Civil Lines, Bareilly - UPPCB","29-07-2026 14:00:00",28.359581,79.414455,PM2.5,23,43,33
India,"Uttar Pradesh",Bareilly,"Civil Lines, Bareilly - UPPCB","29-07-2026 14:00:00",28.359581,79.414455,PM10,25,45,31
India,"Uttar Pradesh",Bareilly,"Civil Lines, Bareilly - UPPCB","29-07-2026 14:00:00",28.359581,79.414455,CO,24,30,27
India,"Uttar Pradesh",Bulandshahr,"Yamunapuram, Bulandshahr - UPPCB","29-07-2026 14:00:00",28.406963,77.849831,PM2.5,4,36,23
India,"Uttar Pradesh","Fatehpur Sikri","Dadupura, Fatehpur Sikri - UPPCB","29-07-2026 14:00:00",27.097694,77.671335,NO2,7,8,8
India,"Uttar Pradesh",Firozabad,"Vibhab Nagar, Firozabad - UPPCB","29-07-2026 14:00:00",27.1594,78.3953,PM2.5,12,36,22
India,"Uttar Pradesh",Gajraula,"Rajanpur, Gajraula - UPPCB","29-07-2026 14:00:00",28.829109,78.248796,PM2.5,14,100,51
India,"Uttar Pradesh",Ghaziabad,"Indirapuram, Ghaziabad - UPPCB","29-07-2026 14:00:00",28.646233,77.358075,SO2,13,19,16
India,"Uttar Pradesh",Ghaziabad,"Sanjay Nagar, Ghaziabad - UPPCB","29-07-2026 14:00:00",28.685382,77.453839,SO2,3,17,5
India,"Uttar Pradesh",Ghaziabad,"Loni, Ghaziabad - UPPCB","29-07-2026 14:00:00",28.757294,77.278792,PM2.5,NA,NA,NA
India,Rajasthan,Jaisalmer,"Sadar Bazar, Jaisalmer - RSPCB","29-07-2026 14:00:00",26.912329,70.909168,NO2,7,10,9
India,Rajasthan,Jalore,"Mudtra Sili, Jalore - RSPCB","29-07-2026 14:00:00",25.344694,72.626208,SO2,0,3,2
India,Rajasthan,Jhalawar,"Rajlaxmi Nagar, Jhalawar - RSPCB","29-07-2026 14:00:00",24.588397,76.172782,PM10,26,113,58
India,Rajasthan,Jhalawar,"Rajlaxmi Nagar, Jhalawar - RSPCB","29-07-2026 14:00:00",24.588397,76.172782,SO2,7,11,8
India,Rajasthan,Jhalawar,"Rajlaxmi Nagar, Jhalawar - RSPCB","29-07-2026 14:00:00",24.588397,76.172782,CO,29,62,49
India,Rajasthan,Jhunjhunu,"Indra Nagar, Jhunjhunu - RSPCB","29-07-2026 14:00:00",28.108988,75.386577,PM10,8,80,34
India,Rajasthan,Jodhpur,"Mandor, Jodhpur - RSPCB","29-07-2026 14:00:00",26.358805,73.047444,CO,7,19,13
India,Rajasthan,Jodhpur,"Samrat Ashok Udhyan, Jodhpur - RSPCB","29-07-2026 14:00:00",26.253384,72.976571,PM2.5,25,50,39
India,Rajasthan,Jodhpur,"Samrat Ashok Udhyan, Jodhpur - RSPCB","29-07-2026 14:00:00",26.253384,72.976571,SO2,3,5,4
India,Rajasthan,Jodhpur,"Jhalamand, Jodhpur - RSPCB","29-07-2026 14:00:00",26.215415,73.070156,NH3,NA,NA,NA
India,Rajasthan,Karauli,"Satyawati Vihar, Karauli - RSPCB","29-07-2026 14:00:00",26.506177,77.025989,PM10,1,46,16
India,Rajasthan,Karauli,"Satyawati Vihar, Karauli - RSPCB","29-07-2026 14:00:00",26.506177,77.025989,NH3,5,9,8
India,"Tamil Nadu",Coimbatore,"SIDCO Kurichi, Coimbatore - TNPCB","29-07-2026 14:00:00",10.942451,76.978996,PM2.5,NA,NA,NA
India,"Tamil Nadu",Coimbatore,"SIDCO Kurichi, Coimbatore - TNPCB","29-07-2026 14:00:00",10.942451,76.978996,CO,11,12,12
India,"Tamil Nadu",Cuddalore,"Semmandalam, Cuddalore - TNPCB","29-07-2026 14:00:00",11.7637683,79.7499835,PM2.5,NA,NA,NA
India,"Tamil Nadu",Cuddalore,"Semmandalam, Cuddalore - TNPCB","29-07-2026 14:00:00",11.7637683,79.7499835,CO,NA,NA,NA
India,"Tamil Nadu",Cuddalore,"Kudikadu, Cuddalore - TNPCB","29-07-2026 14:00:00",11.6829898,79.7532099,NH3,NA,NA,NA
India,Telangana,Hyderabad,"Kokapet, Hyderabad - TSPCB","29-07-2026 14:00:00",17.393559,78.339194,NO2,10,13,11
India,Telangana,Hyderabad,"Kokapet, Hyderabad - TSPCB","29-07-2026 14:00:00",17.393559,78.339194,CO,19,26,22
India,Telangana,Hyderabad,"ECIL Kapra, Hyderabad - TSPCB","29-07-2026 14:00:00",17.470431,78.566959,PM10,NA,NA,NA
India,Telangana,Hyderabad,"ECIL Kapra, Hyderabad - TSPCB","29-07-2026 14:00:00",17.470431,78.566959,NO2,NA,NA,NA
India,Telangana,Hyderabad,"Somajiguda, Hyderabad - TSPCB","29-07-2026 14:00:00",17.417094,78.457437,PM2.5,41,54,47
India,Telangana,Hyderabad,"Somajiguda, Hyderabad - TSPCB","29-07-2026 14:00:00",17.417094,78.457437,OZONE,14,14,14
India,Telangana,Hyderabad,"Kompally Municipal Office, Hyderabad - TSPCB","29-07-2026 14:00:00",17.544899,78.486949,PM2.5,27,40,32
India,Telangana,Hyderabad,"Kompally Municipal Office, Hyderabad - TSPCB","29-07-2026 14:00:00",17.544899,78.486949,NH3,2,3,2
India,Telangana,Hyderabad,"Kompally Municipal Office, Hyderabad - TSPCB","29-07-2026 14:00:00",17.544899,78.486949,OZONE,9,24,13
India,Telangana,Hyderabad,"Ramachandrapuram, Hyderabad - TSPCB","29-07-2026 14:00:00",17.528544,78.286195,NO2,10,17,11
India,Telangana,Hyderabad,"ICRISAT Patancheru, Hyderabad - TSPCB","29-07-2026 14:00:00",17.5184,78.278777,PM10,10,34,18
India,Telangana,Hyderabad,"ICRISAT Patancheru, Hyderabad - TSPCB","29-07-2026 14:00:00",17.5184,78.278777,NH3,2,2,2
India,Telangana,Hyderabad,"ICRISAT Patancheru, Hyderabad - TSPCB","29-07-2026 14:00:00",17.5184,78.278777,OZONE,5,15,11
India,Telangana,Hyderabad,"Sanathnagar, Hyderabad - TSPCB","29-07-2026 14:00:00",17.4559458,78.4332152,PM10,NA,NA,NA
India,Telangana,Hyderabad,"Nacharam_TSIIC IALA, Hyderabad - TSPCB","29-07-2026 14:00:00",17.429398,78.569354,NO2,10,16,11
India,Telangana,Hyderabad,"Nacharam_TSIIC IALA, Hyderabad - TSPCB","29-07-2026 14:00:00",17.429398,78.569354,SO2,11,18,13
India,Telangana,Hyderabad,"Nacharam_TSIIC IALA, Hyderabad - TSPCB","29-07-2026 14:00:00",17.429398,78.569354,CO,28,42,34
India,Telangana,Hyderabad,"New Malakpet, Hyderabad - TSPCB","29-07-2026 14:00:00",17.37206,78.50864,PM2.5,27,36,30
India,Telangana,Hyderabad,"Central University, Hyderabad - TSPCB","29-07-2026 14:00:00",17.460103,78.334361,NO2,2,20,10
India,Telangana,Hyderabad,"Central University, Hyderabad - TSPCB","29-07-2026 14:00:00",17.460103,78.334361,SO2,1,7,3
India,Telangana,Hyderabad,"Central University, Hyderabad - TSPCB","29-07-2026 14:00:00",17.460103,78.334361,CO,6,53,44
India,Telangana,Hyderabad,"IITH Kandi, Hyderabad - TSPCB","29-07-2026 14:00:00",17.585705,78.126199,NH3,NA,NA,NA
India,Telangana,Hyderabad,"IITH Kandi, Hyderabad - TSPCB","29-07-2026 14:00:00",17.585705,78.126199,SO2,NA,NA,NA
India,"Uttar Pradesh",Agra,"Sanjay Palace, Agra - UPPCB","29-07-2026 14:00:00",27.19865833,78.00598056,PM10,NA,NA,NA
India,"Uttar Pradesh",Agra,"Sanjay Palace, Agra - UPPCB","29-07-2026 14:00:00",27.19865833,78.00598056,SO2,NA,NA,NA
India,"Uttar Pradesh",Agra,"Rohta, Agra - UPPCB","29-07-2026 14:00:00",27.106972,78.000111,CO,18,30,23
India,"Uttar Pradesh",Kanpur,"FTI Kidwai Nagar, Kanpur - UPPCB","29-07-2026 14:00:00",26.428282,80.327067,NO2,26,27,27
India,"Uttar Pradesh",Kanpur,"FTI Kidwai Nagar, Kanpur - UPPCB","29-07-2026 14:00:00",26.428282,80.327067,CO,32,34,33
India,"Uttar Pradesh",Kanpur,"Nehru Nagar, Kanpur - UPPCB","29-07-2026 14:00:00",26.4703136,80.3229863,NO2,43,48,47
India,"Uttar Pradesh",Khora,"Prashant Garden, Khora - UPPCB","29-07-2026 14:00:00",28.61119,77.34206,CO,101,102,102
India,"Uttar Pradesh",Khurja,"Kalindi Kunj, Khurja - UPPCB","29-07-2026 14:00:00",28.2348927,77.8683002,PM10,21,126,63
India,"Uttar Pradesh",Khurja,"Kalindi Kunj, Khurja - UPPCB","29-07-2026 14:00:00",28.2348927,77.8683002,NO2,12,13,12
India,"Uttar Pradesh",Lucknow,"Gomti Nagar, Lucknow - UPPCB","29-07-2026 14:00:00",26.86812,81.005119,SO2,14,15,14
India,"Uttar Pradesh",Lucknow,"Lalbagh, Lucknow - CPCB","29-07-2026 14:00:00",26.8458805,80.9365541,PM10,27,63,46
India,"Uttar Pradesh",Lucknow,"Lalbagh, Lucknow - CPCB","29-07-2026 14:00:00",26.8458805,80.9365541,NO2,20,29,23
India,"Uttar Pradesh",Lucknow,"Kukrail Picnic Spot-1, Lucknow - UPPCB","29-07-2026 14:00:00",26.90723,80.98579,PM10,30,74,50
India,"Uttar Pradesh",Lucknow,"Kukrail Picnic Spot-1, Lucknow - UPPCB","29-07-2026 14:00:00",26.90723,80.98579,NH3,6,6,6
India,"Uttar Pradesh",Lucknow,"B R Ambedkar University, Lucknow - UPPCB","29-07-2026 14:00:00",26.766433,80.927299,PM10,21,268,84
India,"Uttar Pradesh",Lucknow,"Talkatora District Industries Center, Lucknow - CPCB","29-07-2026 14:00:00",26.83399722,80.8917361,SO2,1,10,6
India,"Uttar Pradesh",Mathura,"Pali Dungra, Mathura - UPPCB","29-07-2026 14:00:00",27.410954,77.550619,NH3,NA,NA,NA
India,"Uttar Pradesh",Meerut,"Pallavpuram Phase 2, Meerut - UPPCB","29-07-2026 14:00:00",29.06351,77.709723,PM10,33,115,75
India,"Uttar Pradesh",Meerut,"Pallavpuram Phase 2, Meerut - UPPCB","29-07-2026 14:00:00",29.06351,77.709723,OZONE,16,81,54
India,"Uttar Pradesh",Meerut,"Ganga Nagar, Meerut - UPPCB","29-07-2026 14:00:00",28.999264,77.7590354,PM10,28,97,51
India,"Uttar Pradesh",Meerut,"Jai Bhim Nagar, Meerut - UPPCB","29-07-2026 14:00:00",28.9535882,77.7622941,SO2,4,8,6
India,"Uttar Pradesh",Meerut,"Jai Bhim Nagar, Meerut - UPPCB","29-07-2026 14:00:00",28.9535882,77.7622941,CO,31,47,42
India,"Uttar Pradesh",Meerut,"MIET College, Meerut - UPPCB","29-07-2026 14:00:00",28.972677,77.641018,CO,40,70,61
India,"Uttar Pradesh",Modinagar,"SRM University, Modinagar - UPPCB","29-07-2026 14:00:00",28.798171,77.540243,PM2.5,NA,NA,NA
India,"Uttar Pradesh",Modinagar,"SRM University, Modinagar - UPPCB","29-07-2026 14:00:00",28.798171,77.540243,PM10,NA,NA,NA
India,"Uttar Pradesh",Modinagar,"SRM University, Modinagar - UPPCB","29-07-2026 14:00:00",28.798171,77.540243,NH3,3,3,3
India,"Uttar Pradesh",Modinagar,"SRM University, Modinagar - UPPCB","29-07-2026 14:00:00",28.798171,77.540243,OZONE,0,11,5
India,"Uttar Pradesh",Moradabad,"Jigar Colony, Moradabad - UPPCB","29-07-2026 14:00:00",28.856664,78.772638,PM2.5,10,78,28
India,"Uttar Pradesh",Moradabad,"Jigar Colony, Moradabad - UPPCB","29-07-2026 14:00:00",28.856664,78.772638,SO2,28,101,71
India,"Uttar Pradesh",Moradabad,"Jigar Colony, Moradabad - UPPCB","29-07-2026 14:00:00",28.856664,78.772638,CO,40,42,41
India,"Uttar Pradesh",Moradabad,"Kashiram Nagar, Moradabad - UPPCB","29-07-2026 14:00:00",28.849399,78.742362,PM10,21,101,48
India,"Uttar Pradesh",Moradabad,"Kashiram Nagar, Moradabad - UPPCB","29-07-2026 14:00:00",28.849399,78.742362,SO2,21,48,30
India,"Uttar Pradesh",Moradabad,"Kashiram Nagar, Moradabad - UPPCB","29-07-2026 14:00:00",28.849399,78.742362,OZONE,14,21,17
India,"Uttar Pradesh",Moradabad,"Employment Office, Moradabad - UPPCB","29-07-2026 14:00:00",28.88528,78.7388,CO,14,20,17
India,"Uttar Pradesh",Moradabad,"Eco Herbal Park, Moradabad - UPPCB","29-07-2026 14:00:00",28.840739,78.697531,SO2,8,14,11
India,"Uttar Pradesh",Moradabad,"Buddhi Vihar, Moradabad - UPPCB","29-07-2026 14:00:00",28.83526,78.7446,PM10,9,68,31
India,"Uttar Pradesh",Moradabad,"Buddhi Vihar, Moradabad - UPPCB","29-07-2026 14:00:00",28.83526,78.7446,SO2,25,25,25
India,"Uttar Pradesh",Moradabad,"Transport Nagar, Moradabad - UPPCB","29-07-2026 14:00:00",28.802625,78.753728,PM2.5,1,148,36
India,"Uttar Pradesh",Moradabad,"Transport Nagar, Moradabad - UPPCB","29-07-2026 14:00:00",28.802625,78.753728,SO2,18,20,19
India,"Uttar Pradesh",Noida,"Sector-116, Noida - UPPCB","29-07-2026 14:00:00",28.56923,77.393848,SO2,2,18,11
India,"Uttar Pradesh",Noida,"Sector-1, Noida - UPPCB","29-07-2026 14:00:00",28.5898,77.3101,PM2.5,5,109,45
India,"Uttar Pradesh",Noida,"Sector-1, Noida - UPPCB","29-07-2026 14:00:00",28.5898,77.3101,NO2,32,120,62
India,"Uttar Pradesh",Noida,"Sector-1, Noida - UPPCB","29-07-2026 14:00:00",28.5898,77.3101,NH3,12,17,14
India,"Uttar Pradesh",Noida,"Sector - 62, Noida - IITM","29-07-2026 14:00:00",28.6245479,77.3577104,PM10,13,106,65
India,"Uttar Pradesh",Noida,"Sector - 125, Noida - UPPCB","29-07-2026 14:00:00",28.5447608,77.3231257,NH3,5,8,7
India,"Uttar Pradesh",Prayagraj,"Nagar Nigam, Prayagraj - UPPCB","29-07-2026 14:00:00",25.44919916,81.82735986,PM2.5,6,40,15
India,"Uttar Pradesh",Prayagraj,"Jhunsi, Prayagraj - UPPCB","29-07-2026 14:00:00",25.425602,81.917152,NO2,5,6,6
India,"Uttar Pradesh",Prayagraj,"Jhunsi, Prayagraj - UPPCB","29-07-2026 14:00:00",25.425602,81.917152,NH3,5,6,6
India,"Uttar Pradesh",Raebareli," Indira Nagar, Raebareli - NTPC Unchahar","29-07-2026 14:00:00",26.207781,81.245571,SO2,NA,NA,NA
India,"Uttar Pradesh",Raebareli," Indira Nagar, Raebareli - NTPC Unchahar","29-07-2026 14:00:00",26.207781,81.245571,CO,48,50,49
India,"Uttar Pradesh",Shamli,"New Tehsil, Shamli - UPPCB","29-07-2026 14:00:00",29.4603683,77.3410291,PM10,8,61,35
India,"Uttar Pradesh",Varanasi,"IESD Banaras Hindu University, Varanasi - UPPCB","29-07-2026 14:00:00",25.262326,82.995408,NH3,4,9,7
India,"Uttar Pradesh",Varanasi,"Bhelupur, Varanasi - UPPCB","29-07-2026 14:00:00",25.301778,82.996789,NH3,1,1,1
India,"Uttar Pradesh",Varanasi,"Bhelupur, Varanasi - UPPCB","29-07-2026 14:00:00",25.301778,82.996789,OZONE,6,9,7
India,"Uttar Pradesh",Vrindavan,"Omex Eternity, Vrindavan - UPPCB","29-07-2026 14:00:00",27.571409,77.655757,PM2.5,6,50,24
India,"Uttar Pradesh",Vrindavan,"Omex Eternity, Vrindavan - UPPCB","29-07-2026 14:00:00",27.571409,77.655757,NH3,7,9,8
India,Uttarakhand,Dehradun,"Doon University, Dehradun - UKPCB","29-07-2026 14:00:00",30.269444,78.044167,NO2,1,4,2
India,Uttarakhand,Dehradun,"Doon University, Dehradun - UKPCB","29-07-2026 14:00:00",30.269444,78.044167,SO2,0,1,1
India,Uttarakhand,Kashipur,"Govt. Girls Inter College, Kashipur - UKPCB","29-07-2026 14:00:00",29.2124114,78.9611753,PM2.5,NA,NA,NA
India,Uttarakhand,Kashipur,"Govt. Girls Inter College, Kashipur - UKPCB","29-07-2026 14:00:00",29.2124114,78.9611753,SO2,NA,NA,NA
India,Uttarakhand,Kashipur,"Govt. Girls Inter College, Kashipur - UKPCB","29-07-2026 14:00:00",29.2124114,78.9611753,CO,7,11,9
India,"West Bengal",Asansol,"Evelyn Lodge, Asansol - WBPCB","29-07-2026 14:00:00",23.697936,86.944395,NO2,12,20,16
India,"West Bengal",Asansol,"Evelyn Lodge, Asansol - WBPCB","29-07-2026 14:00:00",23.697936,86.944395,CO,26,54,35
India,"West Bengal",Asansol,"Mahabir Colliery, Asansol - WBPCB","29-07-2026 14:00:00",23.618183,87.105718,PM2.5,17,61,36
India,"West Bengal",Asansol,"Mahabir Colliery, Asansol - WBPCB","29-07-2026 14:00:00",23.618183,87.105718,PM10,28,56,42
India,"West Bengal",Asansol,"Mahabir Colliery, Asansol - WBPCB","29-07-2026 14:00:00",23.618183,87.105718,CO,13,60,47
India,"West Bengal",Asansol,"Asansol Court Area, Asansol - WBPCB","29-07-2026 14:00:00",23.685297,86.945968,PM10,16,32,22
India,"West Bengal",Asansol,"Asansol Court Area, Asansol - WBPCB","29-07-2026 14:00:00",23.685297,86.945968,NO2,29,35,32
India,"West Bengal",Asansol,"Trivenidevi Bhalotia College, Asansol - WBPCB","29-07-2026 14:00:00",23.616515,87.119133,NO2,4,19,11
India,"West Bengal",Asansol,"Trivenidevi Bhalotia College, Asansol - WBPCB","29-07-2026 14:00:00",23.616515,87.119133,SO2,32,37,35
India,"West Bengal",Asansol,"Trivenidevi Bhalotia College, Asansol - WBPCB","29-07-2026 14:00:00",23.616515,87.119133,OZONE,6,8,7
India,"West Bengal",Durgapur,"Mahishkapur Road_B-Zone, Durgapur - WBPCB","29-07-2026 14:00:00",23.567923,87.306843,PM2.5,2,19,8
India,"West Bengal",Durgapur,"Mahishkapur Road_B-Zone, Durgapur - WBPCB","29-07-2026 14:00:00",23.567923,87.306843,NO2,2,6,3
India,"West Bengal",Durgapur,"Womens College_City Center, Durgapur - WBPCB","29-07-2026 14:00:00",23.549395,87.300496,OZONE,11,21,17
India,"West Bengal",Durgapur,"PCBL Residential Complex, Durgapur - WBPCB","29-07-2026 14:00:00",23.508764,87.35444,NO2,44,55,48
India,"West Bengal",Durgapur,"PCBL Residential Complex, Durgapur - WBPCB","29-07-2026 14:00:00",23.508764,87.35444,CO,19,30,25
India,"West Bengal",Durgapur,"PCBL Residential Complex, Durgapur - WBPCB","29-07-2026 14:00:00",23.508764,87.35444,OZONE,3,4,3
India,"West Bengal",Haldia,"Priyambada Housing Estate, Haldia - WBPCB","29-07-2026 14:00:00",22.06047,88.109737,NO2,6,14,9
India,"West Bengal",Haldia,"Priyambada Housing Estate, Haldia - WBPCB","29-07-2026 14:00:00",22.06047,88.109737,OZONE,24,31,28
India,"West Bengal",Howrah,"Padmapukur, Howrah - WBPCB","29-07-2026 14:00:00",22.5687319,88.2797276,PM2.5,14,31,20
India,"West Bengal",Howrah,"Dasnagar, Howrah - WBPCB","29-07-2026 14:00:00",22.6025571,88.3105664,PM10,19,71,34
India,"West Bengal",Howrah,"Dasnagar, Howrah - WBPCB","29-07-2026 14:00:00",22.6025571,88.3105664,CO,44,51,47
India,"West Bengal",Howrah,"Belur Math, Howrah - WBPCB","29-07-2026 14:00:00",22.629801,88.352017,PM10,30,44,37
India,"West Bengal",Howrah,"Belur Math, Howrah - WBPCB","29-07-2026 14:00:00",22.629801,88.352017,NO2,13,26,19
India,"West Bengal",Howrah,"Belur Math, Howrah - WBPCB","29-07-2026 14:00:00",22.629801,88.352017,SO2,7,8,7
India,"West Bengal",Howrah,"Botanical Garden, Howrah - WBPCB","29-07-2026 14:00:00",22.554954,88.292568,SO2,3,4,3
India,"West Bengal",Kolkata,"Fort William, Kolkata - WBPCB","29-07-2026 14:00:00",22.55664,88.342674,PM10,22,36,30
India,"West Bengal",Kolkata,"Jadavpur, Kolkata - WBPCB","29-07-2026 14:00:00",22.49929,88.36917,PM2.5,32,44,38
India,"West Bengal",Kolkata,"Rabindra Bharati University, Kolkata - WBPCB","29-07-2026 14:00:00",22.627847,88.380669,CO,39,44,42
India,"West Bengal",Kolkata,"Rabindra Bharati University, Kolkata - WBPCB","29-07-2026 14:00:00",22.627847,88.380669,OZONE,30,55,47
India,"West Bengal",Kolkata,"Victoria, Kolkata - WBPCB","29-07-2026 14:00:00",22.5448082,88.3403691,PM2.5,68,78,72
India,"West Bengal",Kolkata,"Bidhannagar, Kolkata - WBPCB","29-07-2026 14:00:00",22.58157048,88.41002457,PM10,28,46,37
India,"West Bengal",Kolkata,"Bidhannagar, Kolkata - WBPCB","29-07-2026 14:00:00",22.58157048,88.41002457,OZONE,24,38,29
India,Assam,Nalbari,"Bata Chowk, Nalbari - PCBA","29-07-2026 14:00:00",26.446912,91.439057,PM2.5,NA,NA,NA
India,Assam,Nalbari,"Bata Chowk, Nalbari - PCBA","29-07-2026 14:00:00",26.446912,91.439057,NO2,NA,NA,NA
India,Bihar,Araria,"Kharahiya Basti, Araria - BSPCB","29-07-2026 14:00:00",26.146529,87.454184,SO2,20,22,21
India,Bihar,Arrah,"New DM Office, Arrah - BSPCB","29-07-2026 14:00:00",25.5626095,84.663264,PM2.5,2,297,76
India,Bihar,Arrah,"New DM Office, Arrah - BSPCB","29-07-2026 14:00:00",25.5626095,84.663264,NO2,6,8,7
India,Bihar,Arrah,"New DM Office, Arrah - BSPCB","29-07-2026 14:00:00",25.5626095,84.663264,NH3,2,2,2
India,Bihar,Aurangabad,"Gurdeo Nagar, Aurangabad - BSPCB","29-07-2026 14:00:00",24.75746,84.366208,PM2.5,NA,NA,NA
India,Bihar,Begusarai,"Lohiyanagar, Begusarai - BSPCB","29-07-2026 14:00:00",25.42742023,86.13886079,PM10,2,132,65
India,Bihar,Begusarai,"Lohiyanagar, Begusarai - BSPCB","29-07-2026 14:00:00",25.42742023,86.13886079,NH3,15,17,16
India,Bihar,Bettiah,"Kamalnath Nagar, Bettiah - BSPCB","29-07-2026 14:00:00",26.80365,84.51954,PM2.5,86,205,176
India,Bihar,Bettiah,"Kamalnath Nagar, Bettiah - BSPCB","29-07-2026 14:00:00",26.80365,84.51954,PM10,98,135,126
India,Bihar,Bhagalpur,"Mayaganj, Bhagalpur - BSPCB","29-07-2026 14:00:00",25.265194,87.012947,PM10,21,59,33
India,Bihar,Bhagalpur,"Mayaganj, Bhagalpur - BSPCB","29-07-2026 14:00:00",25.265194,87.012947,NH3,1,3,2
India,Bihar,"Bihar Sharif","D M Colony, Bihar Sharif - BSPCB","29-07-2026 14:00:00",25.204762,85.51496,OZONE,2,2,2
India,Bihar,Buxar,"Charitra Van, Buxar - BSPCB","29-07-2026 14:00:00",25.56752,83.966379,SO2,23,29,27
India,Bihar,Chhapra,"Darshan Nagar, Chhapra - BSPCB","29-07-2026 14:00:00",25.7808257,84.7446768,NO2,2,2,2
India,Bihar,Chhapra,"Darshan Nagar, Chhapra - BSPCB","29-07-2026 14:00:00",25.7808257,84.7446768,NH3,2,4,3
India,Bihar,Muzaffarpur,"Muzaffarpur Collectorate, Muzaffarpur - BSPCB","29-07-2026 14:00:00",26.1209,85.3647,PM2.5,33,65,57
India,Bihar,Muzaffarpur,"Muzaffarpur Collectorate, Muzaffarpur - BSPCB","29-07-2026 14:00:00",26.1209,85.3647,PM10,NA,NA,NA
India,Bihar,Muzaffarpur,"Muzaffarpur Collectorate, Muzaffarpur - BSPCB","29-07-2026 14:00:00",26.1209,85.3647,NO2,14,19,18
India,Bihar,Muzaffarpur,"Muzaffarpur Collectorate, Muzaffarpur - BSPCB","29-07-2026 14:00:00",26.1209,85.3647,CO,25,51,41
India,Bihar,Muzaffarpur,"Buddha Colony, Muzaffarpur - BSPCB","29-07-2026 14:00:00",26.11442,85.39813,PM2.5,18,35,27
India,Bihar,Patna,"IGSC Planetarium Complex, Patna - BSPCB","29-07-2026 14:00:00",25.610369,85.132568,PM10,NA,NA,NA
India,Bihar,Patna,"DRM Office Danapur, Patna - BSPCB","29-07-2026 14:00:00",25.586562,85.043586,PM2.5,23,42,31
India,Bihar,Patna,"DRM Office Danapur, Patna - BSPCB","29-07-2026 14:00:00",25.586562,85.043586,OZONE,11,14,12
India,Bihar,Patna,"Muradpur, Patna - BSPCB","29-07-2026 14:00:00",25.619651,85.147382,OZONE,9,79,40
India,Bihar,Patna,"Govt. High School Shikarpur, Patna - BSPCB","29-07-2026 14:00:00",25.592539,85.227158,NO2,5,7,6
India,Bihar,Patna,"Govt. High School Shikarpur, Patna - BSPCB","29-07-2026 14:00:00",25.592539,85.227158,CO,32,37,35
India,Bihar,Patna,"Samanpura, Patna - BSPCB","29-07-2026 14:00:00",25.596727,85.085624,SO2,5,5,5
India,Bihar,Patna,"Samanpura, Patna - BSPCB","29-07-2026 14:00:00",25.596727,85.085624,OZONE,22,23,23
India,Bihar,Purnia,"Mariam Nagar, Purnia - BSPCB","29-07-2026 14:00:00",25.366336,87.117468,SO2,16,17,17
India,Bihar,Rajgir,"Dangi Tola, Rajgir - BSPCB","29-07-2026 14:00:00",25.0328,85.41948,NO2,13,15,14
India,Bihar,Rajgir,"Dangi Tola, Rajgir - BSPCB","29-07-2026 14:00:00",25.0328,85.41948,OZONE,1,40,27
India,Bihar,Saharsa,"Police Line, Saharsa - BSPCB","29-07-2026 14:00:00",25.892357,86.590325,PM2.5,33,42,34
India,Delhi,Delhi,"Aya Nagar, Delhi - IITM","29-07-2026 14:00:00",28.4706914,77.1099364,PM10,2,174,54
India,Delhi,Delhi,"CRRI Mathura Road, Delhi - IITM","29-07-2026 14:00:00",28.5512005,77.2735737,SO2,NA,NA,NA
India,Delhi,Delhi,"CRRI Mathura Road, Delhi - IITM","29-07-2026 14:00:00",28.5512005,77.2735737,OZONE,5,25,12
India,Delhi,Delhi,"Burari Crossing, Delhi - IITM","29-07-2026 14:00:00",28.7256504,77.2011573,PM2.5,0,212,75
India,Delhi,Delhi,"IMD Lodhi Road, Delhi - IITM","29-07-2026 14:00:00",28.5918245,77.2273074,PM10,16,79,51
India,Delhi,Delhi,"IMD Lodhi Road, Delhi - IITM","29-07-2026 14:00:00",28.5918245,77.2273074,NO2,3,12,7
India,Delhi,Delhi,"IMD Lodhi Road, Delhi - IITM","29-07-2026 14:00:00",28.5918245,77.2273074,CO,15,22,18
India,Delhi,Delhi,"JNU, Delhi - DPCC","29-07-2026 14:00:00",28.540721,77.168544,NH3,NA,NA,NA
India,Delhi,Delhi,"JNU, Delhi - DPCC","29-07-2026 14:00:00",28.540721,77.168544,CO,20,27,22
India,Delhi,Delhi,"JNU, Delhi - DPCC","29-07-2026 14:00:00",28.540721,77.168544,OZONE,9,28,18
India,Delhi,Delhi,"Alipur, Delhi - DPCC","29-07-2026 14:00:00",28.815329,77.15301,OZONE,3,22,11
India,Delhi,Delhi,"R K Puram, Delhi - DPCC","29-07-2026 14:00:00",28.563262,77.186937,NO2,20,71,43
India,Delhi,Delhi,"IIT Delhi, Delhi - IITM","29-07-2026 14:00:00",28.54246,77.191651,PM2.5,0,55,30
India,Delhi,Delhi,"Dr. Karni Singh Shooting Range, Delhi - DPCC","29-07-2026 14:00:00",28.498571,77.26484,PM10,14,94,47
India,Delhi,Delhi,"Dr. Karni Singh Shooting Range, Delhi - DPCC","29-07-2026 14:00:00",28.498571,77.26484,NH3,6,8,7
India,Delhi,Delhi,"Dwarka-Sector 8, Delhi - DPCC ","29-07-2026 14:00:00",28.5710274,77.0719006,PM2.5,3,77,35
India,Delhi,Delhi,"Dwarka-Sector 8, Delhi - DPCC ","29-07-2026 14:00:00",28.5710274,77.0719006,SO2,11,16,13
India,Bihar,Chhapra,"Darshan Nagar, Chhapra - BSPCB","29-07-2026 14:00:00",25.7808257,84.7446768,SO2,21,22,21
India,Bihar,Chhapra,"Darshan Nagar, Chhapra - BSPCB","29-07-2026 14:00:00",25.7808257,84.7446768,CO,82,89,86
India,Bihar,Chhapra,"Darshan Nagar, Chhapra - BSPCB","29-07-2026 14:00:00",25.7808257,84.7446768,OZONE,2,3,3
India,Bihar,Gaya,"SFTI Kusdihra, Gaya - BSPCB","29-07-2026 14:00:00",24.762518,84.982348,PM10,18,37,27
India,Bihar,Gaya,"Collectorate, Gaya - BSPCB","29-07-2026 14:00:00",24.7955,84.9994,PM2.5,NA,NA,NA
India,Bihar,Gaya,"Kareemganj, Gaya - BSPCB","29-07-2026 14:00:00",24.792403,84.992416,PM2.5,NA,NA,NA
India,Bihar,Gaya,"Kareemganj, Gaya - BSPCB","29-07-2026 14:00:00",24.792403,84.992416,SO2,34,44,40
India,Bihar,Gaya,"Kareemganj, Gaya - BSPCB","29-07-2026 14:00:00",24.792403,84.992416,OZONE,20,91,45
India,Bihar,Hajipur,"Industrial Area, Hajipur - BSPCB","29-07-2026 14:00:00",25.697189,85.2459,PM2.5,19,60,39
India,Bihar,Kishanganj,"SDM Office_Khagra, Kishanganj - BSPCB","29-07-2026 14:00:00",26.0881305,87.93840336,SO2,5,9,7
India,Bihar,Munger,"Town Hall, Munger - BSPCB","29-07-2026 14:00:00",25.376776,86.471523,PM10,5,129,51
India,Bihar,Munger,"Town Hall, Munger - BSPCB","29-07-2026 14:00:00",25.376776,86.471523,NH3,2,3,3
India,Bihar,Munger,"Town Hall, Munger - BSPCB","29-07-2026 14:00:00",25.376776,86.471523,SO2,6,14,10
India,Bihar,Muzaffarpur,"MIT-Daudpur Kothi, Muzaffarpur - BSPCB","29-07-2026 14:00:00",26.1403345,85.3650192,PM2.5,22,44,30
India,Bihar,Muzaffarpur,"MIT-Daudpur Kothi, Muzaffarpur - BSPCB","29-07-2026 14:00:00",26.1403345,85.3650192,PM10,30,42,37
India,Delhi,Delhi,"Punjabi Bagh, Delhi - DPCC","29-07-2026 14:00:00",28.674045,77.131023,PM10,12,135,74
India,Delhi,Delhi,"Punjabi Bagh, Delhi - DPCC","29-07-2026 14:00:00",28.674045,77.131023,NO2,28,48,37
India,Delhi,Delhi,"Punjabi Bagh, Delhi - DPCC","29-07-2026 14:00:00",28.674045,77.131023,SO2,23,47,38
India,Delhi,Delhi,"Shadipur, Delhi - CPCB","29-07-2026 14:00:00",28.6514781,77.1473105,PM2.5,19,55,40
India,Delhi,Delhi,"Mandir Marg, Delhi - DPCC","29-07-2026 14:00:00",28.636429,77.201067,NO2,23,63,37
India,Delhi,Delhi,"Mandir Marg, Delhi - DPCC","29-07-2026 14:00:00",28.636429,77.201067,NH3,9,17,10
India,Delhi,Delhi,"Sirifort, Delhi - CPCB","29-07-2026 14:00:00",28.5504249,77.2159377,NH3,1,14,4
India,Delhi,Delhi,"Chandni Chowk, Delhi - IITM","29-07-2026 14:00:00",28.656756,77.227234,NH3,6,11,8
India,Delhi,Delhi,"Chandni Chowk, Delhi - IITM","29-07-2026 14:00:00",28.656756,77.227234,SO2,13,22,19
India,Delhi,Delhi,"Pusa, Delhi - IITM","29-07-2026 14:00:00",28.63611,77.173332,PM2.5,11,79,37
India,Delhi,Delhi,"Pusa, Delhi - IITM","29-07-2026 14:00:00",28.63611,77.173332,NH3,NA,NA,NA
India,Delhi,Delhi,"Pusa, Delhi - IITM","29-07-2026 14:00:00",28.63611,77.173332,OZONE,18,185,84
India,Delhi,Delhi,"IGI Airport (T3), Delhi - IITM","29-07-2026 14:00:00",28.5627763,77.1180053,PM10,6,121,62
India,Delhi,Delhi,"IGI Airport (T3), Delhi - IITM","29-07-2026 14:00:00",28.5627763,77.1180053,SO2,NA,NA,NA
India,Delhi,Delhi,"Commonwealth Sports Complex, Delhi - DPCC","29-07-2026 14:00:00",28.615828,77.271992,PM2.5,11,87,54
India,Delhi,Delhi,"Commonwealth Sports Complex, Delhi - DPCC","29-07-2026 14:00:00",28.615828,77.271992,CO,38,49,43
India,Bihar,Siwan,"Chitragupta Nagar, Siwan - BSPCB","29-07-2026 14:00:00",26.2271665,84.3570427,PM10,102,109,105
India,Bihar,Siwan,"Chitragupta Nagar, Siwan - BSPCB","29-07-2026 14:00:00",26.2271665,84.3570427,NO2,2,2,2
India,Bihar,Siwan,"Chitragupta Nagar, Siwan - BSPCB","29-07-2026 14:00:00",26.2271665,84.3570427,CO,59,71,65
India,Chandigarh,Chandigarh,"Sector 22, Chandigarh - CPCC","29-07-2026 14:00:00",30.735567,76.775714,NO2,5,29,9
India,Chandigarh,Chandigarh,"Sector 22, Chandigarh - CPCC","29-07-2026 14:00:00",30.735567,76.775714,NH3,12,34,22
India,Chandigarh,Chandigarh,"Sector-25, Chandigarh - CPCC","29-07-2026 14:00:00",30.751462,76.762879,PM10,26,50,33
India,Chhattisgarh,Bhilai,"Civic Center, Bhilai - Bhilai Steel Plant","29-07-2026 14:00:00",21.185571,81.343175,NH3,1,2,1
India,Chhattisgarh,Bhilai,"32Bungalows, Bhilai - CECB","29-07-2026 14:00:00",21.194815,81.31477,OZONE,12,18,15
India,Chhattisgarh,Bhilai,"Hathkhoj, Bhilai - CECB","29-07-2026 14:00:00",21.224231,81.40835,PM2.5,6,28,15
India,Chhattisgarh,Bhilai,"Hathkhoj, Bhilai - CECB","29-07-2026 14:00:00",21.224231,81.40835,NO2,6,39,17
India,Chhattisgarh,Bhilai,"Hathkhoj, Bhilai - CECB","29-07-2026 14:00:00",21.224231,81.40835,NH3,4,13,7
India,Chhattisgarh,Bhilai,"Hathkhoj, Bhilai - CECB","29-07-2026 14:00:00",21.224231,81.40835,OZONE,9,22,14
India,Chhattisgarh,Bilaspur,"Mangala, Bilaspur - NTPC","29-07-2026 14:00:00",22.08815,82.13737,SO2,2,13,10
India,Chhattisgarh,Chhal,"Nawapara SECL Colony, Chhal - CECB","29-07-2026 14:00:00",22.118125,83.140608,SO2,5,9,8
India,"Andhra Pradesh",Vijayawada,"HB Colony, Vijayawada - APPCB","29-07-2026 14:00:00",16.536107,80.594233,SO2,10,19,13
India,"Andhra Pradesh",Vijayawada,"HB Colony, Vijayawada - APPCB","29-07-2026 14:00:00",16.536107,80.594233,CO,28,46,38
India,"Andhra Pradesh",Vijayawada,"Rajiv Nagar, Vijayawada - APPCB","29-07-2026 14:00:00",16.554731,80.64911,NO2,14,20,15
India,"Andhra Pradesh",Visakhapatnam,"GVM Corporation, Visakhapatnam - APPCB","29-07-2026 14:00:00",17.72,83.3,PM2.5,8,72,38
India,"Arunachal Pradesh",Naharlagun,"Naharlagun, Naharlagun - APSPCB","29-07-2026 14:00:00",27.103358,93.679645,NH3,1,1,1
India,Assam,Guwahati,"IITG, Guwahati - PCBA","29-07-2026 14:00:00",26.2028636,91.70046436,NH3,5,5,5
India,Assam,Guwahati,"LGBI Airport, Guwahati - PCBA","29-07-2026 14:00:00",26.10887,91.589544,SO2,2,17,12
India,Assam,Guwahati,"Railway Colony, Guwahati - PCBA","29-07-2026 14:00:00",26.181742,91.78063,OZONE,18,42,31
India,Assam,Guwahati,"Pan Bazaar, Guwahati - PCBA","29-07-2026 14:00:00",26.1875,91.744194,SO2,37,40,39
India,Assam,Nagaon,"Christianpatty, Nagaon - PCBA","29-07-2026 14:00:00",26.349082,92.68449,PM2.5,42,63,52
India,Assam,Nagaon,"Christianpatty, Nagaon - PCBA","29-07-2026 14:00:00",26.349082,92.68449,PM10,35,57,45
India,"Andhra Pradesh",Guntur,"Rajendra Nagar North, Guntur - APPCB","29-07-2026 14:00:00",16.316553,80.413302,NO2,18,50,29
India,"Andhra Pradesh",Kadapa,"Yerramukkapalli, Kadapa - APPCB","29-07-2026 14:00:00",14.465052,78.824187,PM10,NA,NA,NA
India,"Andhra Pradesh",Kadapa,"Yerramukkapalli, Kadapa - APPCB","29-07-2026 14:00:00",14.465052,78.824187,NH3,NA,NA,NA
India,"Andhra Pradesh",Kakinada,"Rama Rao Peta, Kakinada - APPCB","29-07-2026 14:00:00",16.962488,82.229513,NH3,4,4,4
India,"Andhra Pradesh",Kakinada,"Rama Rao Peta, Kakinada - APPCB","29-07-2026 14:00:00",16.962488,82.229513,CO,8,13,12
India,"Andhra Pradesh",Machilipatnam,"Srinivas Nagar Colony, Machilipatnam - APPCB","29-07-2026 14:00:00",16.186555,81.13219,NO2,13,39,23
India,"Andhra Pradesh",Tirumala,"Toll Gate, Tirumala - APPCB","29-07-2026 14:00:00",13.67,79.35,PM2.5,15,42,23
India,"Andhra Pradesh",Tirumala,"Toll Gate, Tirumala - APPCB","29-07-2026 14:00:00",13.67,79.35,NH3,2,3,2
India,"Andhra Pradesh",Tirumala,"Toll Gate, Tirumala - APPCB","29-07-2026 14:00:00",13.67,79.35,SO2,2,7,4
India,"Andhra Pradesh",Tirumala,"Toll Gate, Tirumala - APPCB","29-07-2026 14:00:00",13.67,79.35,OZONE,9,14,12
India,"Andhra Pradesh",Vijayawada,"Rajiv Gandhi Park, Vijayawada - APPCB","29-07-2026 14:00:00",16.509717,80.612222,NH3,4,8,5
India,Chhattisgarh,Kunjemura,"OP Jindal School, Kunjemura - CECB","29-07-2026 14:00:00",22.12665,83.483212,PM10,2,36,13
India,Chhattisgarh,Milupara,"Govt. Higher Secondary School, Milupara - CECB","29-07-2026 14:00:00",22.1910172,83.5197009,OZONE,7,47,26
India,Chhattisgarh,Raipur,"Krishak Nagar, Raipur - CECB","29-07-2026 14:00:00",21.237755,81.705301,PM2.5,5,24,10
India,Chhattisgarh,Raipur,"Krishak Nagar, Raipur - CECB","29-07-2026 14:00:00",21.237755,81.705301,PM10,5,38,11
India,Chhattisgarh,Raipur,"Bhatagaon New ISBT, Raipur - CECB","29-07-2026 14:00:00",21.219665,81.630094,PM10,1,35,10
India,Chhattisgarh,Raipur,"Bhatagaon New ISBT, Raipur - CECB","29-07-2026 14:00:00",21.219665,81.630094,SO2,2,4,3
India,Chhattisgarh,Raipur,"Siltara Phase-II, Raipur - CECB","29-07-2026 14:00:00",21.371751,81.664929,PM10,43,149,88
India,Chhattisgarh,Raipur,"Siltara Phase-II, Raipur - CECB","29-07-2026 14:00:00",21.371751,81.664929,CO,17,17,17
India,Chhattisgarh,Raipur,"Siltara Phase-II, Raipur - CECB","29-07-2026 14:00:00",21.371751,81.664929,OZONE,5,8,7
India,Delhi,Delhi,"ITO, Delhi - CPCB","29-07-2026 14:00:00",28.628624,77.24106,NO2,4,94,56
India,"Andhra Pradesh",Amaravati,"Secretariat, Amaravati - APPCB","29-07-2026 14:00:00",16.5150833,80.5181667,CO,7,20,15
India,"Andhra Pradesh",Anantapur,"Gulzarpet, Anantapur - APPCB","29-07-2026 14:00:00",14.675886,77.593027,PM10,61,82,69
India,"Andhra Pradesh",Anantapur,"Gulzarpet, Anantapur - APPCB","29-07-2026 14:00:00",14.675886,77.593027,SO2,12,18,14
India,"Andhra Pradesh",Chittoor,"Gangineni Cheruvu, Chittoor - APPCB","29-07-2026 14:00:00",13.20488,79.097889,NO2,29,37,35
India,"Andhra Pradesh",Chittoor,"Gangineni Cheruvu, Chittoor - APPCB","29-07-2026 14:00:00",13.20488,79.097889,OZONE,40,51,43
India,"Andhra Pradesh",Eluru,"District Court, Eluru - APPCB","29-07-2026 14:00:00",16.711754,81.092095,PM10,55,72,63
India,"Andhra Pradesh",Eluru,"District Court, Eluru - APPCB","29-07-2026 14:00:00",16.711754,81.092095,CO,25,40,31
India,Haryana,"Charkhi Dadri","Mini Secretariat, Charkhi Dadri - HSPCB","29-07-2026 14:00:00",28.593883,76.270653,PM10,31,72,47
India,Haryana,Dharuhera,"Municipal Corporation Office, Dharuhera -  HSPCB","29-07-2026 14:00:00",28.2068,76.7997,NO2,10,34,25
India,Haryana,Dharuhera,"Municipal Corporation Office, Dharuhera -  HSPCB","29-07-2026 14:00:00",28.2068,76.7997,CO,45,71,53
India,Haryana,Faridabad,"New Industrial Town, Faridabad - HSPCB","29-07-2026 14:00:00",28.39072,77.30059,NH3,11,12,11
India,Haryana,Faridabad,"Sector 11, Faridabad - HSPCB","29-07-2026 14:00:00",28.376058,77.315741,CO,54,70,65
India,Haryana,Faridabad,"Sector 30, Faridabad - HSPCB","29-07-2026 14:00:00",28.4417,77.3217,PM2.5,28,74,32
India,Haryana,Faridabad,"Sector 30, Faridabad - HSPCB","29-07-2026 14:00:00",28.4417,77.3217,PM10,48,114,54
India,Haryana,Faridabad,"Sector 30, Faridabad - HSPCB","29-07-2026 14:00:00",28.4417,77.3217,CO,60,65,63
India,Haryana,Fatehabad,"Huda Sector, Fatehabad - HSPCB","29-07-2026 14:00:00",29.503664,75.467934,PM2.5,68,112,82
India,Haryana,Gurugram,"Teri Gram, Gurugram - HSPCB","29-07-2026 14:00:00",28.4275,77.1465,PM10,50,180,99
India,Haryana,Gurugram,"Vikas Sadan, Gurugram - HSPCB","29-07-2026 14:00:00",28.4501238,77.0263051,NO2,1,17,7
India,Haryana,Gurugram,"Vikas Sadan, Gurugram - HSPCB","29-07-2026 14:00:00",28.4501238,77.0263051,SO2,0,11,1
India,Haryana,Gurugram,"NISE Gwal Pahari, Gurugram - IITM","29-07-2026 14:00:00",28.422681,77.148944,NO2,4,14,8
India,Haryana,Gurugram,"NISE Gwal Pahari, Gurugram - IITM","29-07-2026 14:00:00",28.422681,77.148944,NH3,NA,NA,NA
India,Haryana,Gurugram,"NISE Gwal Pahari, Gurugram - IITM","29-07-2026 14:00:00",28.422681,77.148944,CO,64,70,67
India,Haryana,Gurugram,"Sector-51, Gurugram - HSPCB","29-07-2026 14:00:00",28.4227,77.0667,PM10,NA,NA,NA
India,Haryana,Gurugram,"Sector-51, Gurugram - HSPCB","29-07-2026 14:00:00",28.4227,77.0667,NH3,NA,NA,NA
India,Haryana,Gurugram,"Sector-51, Gurugram - HSPCB","29-07-2026 14:00:00",28.4227,77.0667,CO,19,29,22
India,Haryana,Gurugram,"Sector-51, Gurugram - HSPCB","29-07-2026 14:00:00",28.4227,77.0667,OZONE,13,55,38
India,Haryana,Hisar,"Urban Estate-II, Hisar - HSPCB","29-07-2026 14:00:00",29.14056,75.744941,PM2.5,7,38,21
India,Haryana,Hisar,"Urban Estate-II, Hisar - HSPCB","29-07-2026 14:00:00",29.14056,75.744941,SO2,12,135,24
India,Haryana,Jind,"Police Lines, Jind - HSPCB","29-07-2026 14:00:00",29.307814,76.337619,NH3,4,5,5
India,Haryana,Jind,"Police Lines, Jind - HSPCB","29-07-2026 14:00:00",29.307814,76.337619,CO,5,8,7
India,Haryana,Kaithal,"Rishi Nagar, Kaithal - HSPCB","29-07-2026 14:00:00",29.8006,76.4155,NO2,20,25,23
India,Haryana,Kaithal,"Rishi Nagar, Kaithal - HSPCB","29-07-2026 14:00:00",29.8006,76.4155,SO2,28,104,93
India,Haryana,Kaithal,"Rishi Nagar, Kaithal - HSPCB","29-07-2026 14:00:00",29.8006,76.4155,CO,16,25,20
India,Haryana,Karnal,"Sector-12, Karnal - HSPCB","29-07-2026 14:00:00",29.6953,77.0027,SO2,12,13,12
India,Haryana,Kurukshetra,"Sector-7, Kurukshetra - HSPCB","29-07-2026 14:00:00",29.966942,76.875879,PM2.5,27,66,43
India,Haryana,Manesar,"Sector-2 IMT, Manesar - HSPCB","29-07-2026 14:00:00",28.360699,76.93609,PM10,21,78,44
India,Haryana,Manesar,"Sector-2 IMT, Manesar - HSPCB","29-07-2026 14:00:00",28.360699,76.93609,NH3,6,13,10
India,Haryana,Manesar,"Sector-2 IMT, Manesar - HSPCB","29-07-2026 14:00:00",28.360699,76.93609,SO2,5,29,11
India,Haryana,Manesar,"Sector-2 IMT, Manesar - HSPCB","29-07-2026 14:00:00",28.360699,76.93609,CO,1,35,18
India,Haryana,Narnaul,"Shastri Nagar, Narnaul - HSPCB","29-07-2026 14:00:00",28.060249,76.113115,NO2,32,37,34
India,Haryana,Narnaul,"Shastri Nagar, Narnaul - HSPCB","29-07-2026 14:00:00",28.060249,76.113115,CO,11,12,11
India,Haryana,Palwal,"Shyam Nagar, Palwal - HSPCB","29-07-2026 14:00:00",28.1485564,77.3320667,NH3,6,8,6
India,Haryana,Panchgaon,"Amity University, Panchgaon - IITM","29-07-2026 14:00:00",28.3153,76.9143,SO2,0,14,5
India,Haryana,Panchgaon,"Amity University, Panchgaon - IITM","29-07-2026 14:00:00",28.3153,76.9143,CO,13,37,24
India,Haryana,Panchkula,"Sector-6, Panchkula - HSPCB ","29-07-2026 14:00:00",30.7057778,76.8531805555555,PM2.5,21,42,32
India,Delhi,Delhi,"Dwarka-Sector 8, Delhi - DPCC ","29-07-2026 14:00:00",28.5710274,77.0719006,CO,34,61,46
India,Delhi,Delhi,"Dwarka-Sector 8, Delhi - DPCC ","29-07-2026 14:00:00",28.5710274,77.0719006,OZONE,3,42,22
India,Delhi,Delhi,"DTU, Delhi - CPCB","29-07-2026 14:00:00",28.7500499,77.1112615,PM2.5,10,223,127
India,Delhi,Delhi,"DTU, Delhi - CPCB","29-07-2026 14:00:00",28.7500499,77.1112615,PM10,8,105,64
India,Delhi,Delhi,"DTU, Delhi - CPCB","29-07-2026 14:00:00",28.7500499,77.1112615,NH3,6,12,11
India,Delhi,Delhi,"DTU, Delhi - CPCB","29-07-2026 14:00:00",28.7500499,77.1112615,CO,30,40,38
India,Delhi,Delhi,"Anand Vihar, Delhi - DPCC","29-07-2026 14:00:00",28.647622,77.315809,SO2,7,26,16
India,Delhi,Delhi,"Anand Vihar, Delhi - DPCC","29-07-2026 14:00:00",28.647622,77.315809,OZONE,4,72,30
India,Delhi,Delhi,"Ashok Vihar, Delhi - DPCC","29-07-2026 14:00:00",28.695381,77.181665,SO2,3,17,10
India,Delhi,Delhi,"Najafgarh, Delhi - DPCC","29-07-2026 14:00:00",28.570173,76.933762,SO2,28,34,30
India,Delhi,Delhi,"Jawaharlal Nehru Stadium, Delhi - DPCC","29-07-2026 14:00:00",28.58028,77.233829,NH3,13,19,16
India,Delhi,Delhi,"Jawaharlal Nehru Stadium, Delhi - DPCC","29-07-2026 14:00:00",28.58028,77.233829,CO,25,34,29
India,Delhi,Delhi,"Patparganj, Delhi - DPCC","29-07-2026 14:00:00",28.623763,77.287209,NH3,8,11,9
India,Delhi,Delhi,"Nehru Nagar, Delhi - DPCC","29-07-2026 14:00:00",28.56789,77.250515,SO2,3,106,10
India,Delhi,Delhi,"Sri Aurobindo Marg, Delhi - DPCC","29-07-2026 14:00:00",28.531346,77.190156,PM2.5,5,73,34
India,Delhi,Delhi,"IHBAS, Dilshad Garden, Delhi - CPCB","29-07-2026 14:00:00",28.6811736,77.3025234,PM2.5,22,72,49
India,Delhi,Delhi,"IHBAS, Dilshad Garden, Delhi - CPCB","29-07-2026 14:00:00",28.6811736,77.3025234,CO,8,14,9
India,Delhi,Delhi,"Jahangirpuri, Delhi - DPCC","29-07-2026 14:00:00",28.73282,77.170633,CO,60,71,65
India,Delhi,Delhi,"Jahangirpuri, Delhi - DPCC","29-07-2026 14:00:00",28.73282,77.170633,OZONE,6,18,10
India,Delhi,Delhi,"Vivek Vihar, Delhi - DPCC","29-07-2026 14:00:00",28.672342,77.31526,PM2.5,25,137,79
India,Delhi,Delhi,"Okhla Phase-2, Delhi - DPCC","29-07-2026 14:00:00",28.530785,77.271255,CO,1,156,37
India,Delhi,Delhi,"Bawana, Delhi - DPCC","29-07-2026 14:00:00",28.7762,77.051074,SO2,5,7,6
India,Delhi,Delhi,"Sonia Vihar, Delhi - DPCC","29-07-2026 14:00:00",28.710508,77.249485,PM2.5,20,348,155
India,Delhi,Delhi,"Sonia Vihar, Delhi - DPCC","29-07-2026 14:00:00",28.710508,77.249485,NO2,1,44,9
India,Delhi,Delhi,"Major Dhyan Chand National Stadium, Delhi - DPCC","29-07-2026 14:00:00",28.611281,77.237738,SO2,12,18,14
India,Delhi,Delhi,"Cantonment Area, Delhi - DPCC","29-07-2026 14:00:00",28.594169,77.1251,PM10,7,103,50
India,Delhi,Delhi,"Narela, Delhi - DPCC","29-07-2026 14:00:00",28.822836,77.101981,SO2,10,16,13
India,Delhi,Delhi,"Narela, Delhi - DPCC","29-07-2026 14:00:00",28.822836,77.101981,OZONE,5,18,10
India,Gujarat,Ahmedabad,"SVPI Airport Hansol, Ahmedabad - IITM","29-07-2026 14:00:00",23.076793,72.627874,NO2,20,61,34
India,Gujarat,Ahmedabad,"SVPI Airport Hansol, Ahmedabad - IITM","29-07-2026 14:00:00",23.076793,72.627874,NH3,1,2,2
India,Gujarat,Ahmedabad,"SVPI Airport Hansol, Ahmedabad - IITM","29-07-2026 14:00:00",23.076793,72.627874,CO,25,33,29
India,Gujarat,Ahmedabad,"SVPI Airport Hansol, Ahmedabad - IITM","29-07-2026 14:00:00",23.076793,72.627874,OZONE,4,11,7
India,Gujarat,Ahmedabad,"Chandkheda, Ahmedabad - IITM","29-07-2026 14:00:00",23.107969,72.574648,NO2,6,31,12
India,Karnataka,Bengaluru,"Bapuji Nagar, Bengaluru - KSPCB","29-07-2026 14:00:00",12.951913,77.539784,NO2,NA,NA,NA
India,Karnataka,Bengaluru,"Bapuji Nagar, Bengaluru - KSPCB","29-07-2026 14:00:00",12.951913,77.539784,NH3,NA,NA,NA
India,Karnataka,Bengaluru,"Bapuji Nagar, Bengaluru - KSPCB","29-07-2026 14:00:00",12.951913,77.539784,CO,35,35,35
India,Karnataka,Bengaluru,"BTM Layout, Bengaluru - CPCB","29-07-2026 14:00:00",12.9135218,77.5950804,NO2,26,27,27
India,Karnataka,Bengaluru,"Hebbal, Bengaluru - KSPCB","29-07-2026 14:00:00",13.029152,77.585901,NO2,12,19,17
India,Karnataka,Bengaluru,"Jayanagar 5th Block, Bengaluru - KSPCB","29-07-2026 14:00:00",12.920984,77.584908,PM10,27,93,52
India,Karnataka,Bengaluru,"Jayanagar 5th Block, Bengaluru - KSPCB","29-07-2026 14:00:00",12.920984,77.584908,CO,8,10,9
India,Karnataka,Bengaluru,"Hombegowda Nagar, Bengaluru - KSPCB","29-07-2026 14:00:00",12.938539,77.5901,PM2.5,8,38,24
India,Karnataka,Chamarajanagar,"Urban, Chamarajanagar - KSPCB","29-07-2026 14:00:00",11.55358,76.55521,NO2,14,29,19
India,Karnataka,Chamarajanagar,"Urban, Chamarajanagar - KSPCB","29-07-2026 14:00:00",11.55358,76.55521,NH3,1,2,2
India,Karnataka,Chamarajanagar,"Urban, Chamarajanagar - KSPCB","29-07-2026 14:00:00",11.55358,76.55521,SO2,2,4,3
India,Karnataka,Chikkaballapur,"Chikkaballapur Rural, Chikkaballapur - KSPCB","29-07-2026 14:00:00",13.428828,77.731418,OZONE,21,26,25
India,Karnataka,Chikkamagaluru,"Kalyana Nagara, Chikkamagaluru - KSPCB","29-07-2026 14:00:00",13.328028,75.797056,PM2.5,11,26,22
India,Karnataka,Chikkamagaluru,"Kalyana Nagara, Chikkamagaluru - KSPCB","29-07-2026 14:00:00",13.328028,75.797056,NO2,13,28,20
India,Karnataka,Davanagere,"Devaraj Urs Badavane, Davanagere - KSPCB","29-07-2026 14:00:00",14.4758,75.9052,PM10,22,40,30
India,Haryana,Panchkula,"Sector-6, Panchkula - HSPCB ","29-07-2026 14:00:00",30.7057778,76.8531805555555,CO,18,20,19
India,Haryana,Rohtak,"MD University, Rohtak - HSPCB","29-07-2026 14:00:00",28.52123,76.37138,NH3,NA,NA,NA
India,Haryana,Rohtak,"MD University, Rohtak - HSPCB","29-07-2026 14:00:00",28.52123,76.37138,SO2,9,11,10
India,Haryana,Sirsa,"F-Block, Sirsa - HSPCB","29-07-2026 14:00:00",29.5364,75.0158,PM10,23,99,59
India,"Jammu and Kashmir",Pampore,"Khrew, Pampore - JKPCC","29-07-2026 14:00:00",34.031606,75.009712,PM10,21,92,59
India,"Jammu and Kashmir",Pampore,"Khrew, Pampore - JKPCC","29-07-2026 14:00:00",34.031606,75.009712,SO2,NA,NA,NA
India,"Jammu and Kashmir",Srinagar,"Rajbagh, Srinagar - JKPCC","29-07-2026 14:00:00",34.066206,74.81982,PM10,29,52,38
India,"Jammu and Kashmir",Srinagar,"Rajbagh, Srinagar - JKPCC","29-07-2026 14:00:00",34.066206,74.81982,CO,14,16,15
India,"Jammu and Kashmir",Srinagar,"Khunmoh, Srinagar - JKPCC","29-07-2026 14:00:00",34.06313,74.96017,PM2.5,19,43,28
India,"Jammu and Kashmir",Srinagar,"Khunmoh, Srinagar - JKPCC","29-07-2026 14:00:00",34.06313,74.96017,OZONE,NA,NA,NA
India,Jharkhand,Dhanbad,"Sardar Patel Nagar, Dhanbad - JSPCB","29-07-2026 14:00:00",23.80569,86.44268,PM2.5,NA,NA,NA
India,Jharkhand,Jorapokhar,"Tata Stadium, Jorapokhar - JSPCB","29-07-2026 14:00:00",23.707909,86.41467,PM2.5,52,74,63
India,Jharkhand,Jorapokhar,"Tata Stadium, Jorapokhar - JSPCB","29-07-2026 14:00:00",23.707909,86.41467,NH3,3,3,3
India,Jharkhand,Jorapokhar,"Tata Stadium, Jorapokhar - JSPCB","29-07-2026 14:00:00",23.707909,86.41467,SO2,4,4,4
India,Jharkhand,Jorapokhar,"Tata Stadium, Jorapokhar - JSPCB","29-07-2026 14:00:00",23.707909,86.41467,OZONE,2,3,2
India,Karnataka,Davanagere,"Devaraj Urs Badavane, Davanagere - KSPCB","29-07-2026 14:00:00",14.4758,75.9052,NO2,8,16,10
India,Karnataka,Dharwad,"Kalabhavan, Dharwad - KSPCB","29-07-2026 14:00:00",15.459706,75.008381,PM10,58,100,74
India,Karnataka,Dharwad,"Kalabhavan, Dharwad - KSPCB","29-07-2026 14:00:00",15.459706,75.008381,CO,23,43,33
India,Karnataka,Dharwad,"Kalabhavan, Dharwad - KSPCB","29-07-2026 14:00:00",15.459706,75.008381,OZONE,27,30,28
India,Karnataka,Hubballi,"Lingaraj Nagar, Hubballi - KSPCB","29-07-2026 14:00:00",15.3714823,75.1160168,PM10,42,55,49
India,Karnataka,Hubballi,"Lingaraj Nagar, Hubballi - KSPCB","29-07-2026 14:00:00",15.3714823,75.1160168,NO2,7,11,9
India,Karnataka,Kalaburagi,"Mahatma Basaveswar Colony, Kalaburgi - KSPCB","29-07-2026 14:00:00",17.336318,76.847397,CO,30,32,31
India,Karnataka,Karwar,"KHB Colony, Karwar - KSPCB","29-07-2026 14:00:00",14.816666,74.141003,OZONE,18,19,19
India,Karnataka,Mangalore,"Kadri, Mangalore - KSPCB","29-07-2026 14:00:00",12.88925,74.853,PM10,50,72,60
India,Karnataka,Mysuru,"Hebbal 1st Stage, Mysuru - KSPCB","29-07-2026 14:00:00",12.21041,76.37376,PM10,28,72,50
India,Karnataka,Ramanagara,"Vijay Nagar, Ramanagara - KSPCB","29-07-2026 14:00:00",12.733409,77.298051,PM10,29,56,42
India,Karnataka,Ramanagara,"Vijay Nagar, Ramanagara - KSPCB","29-07-2026 14:00:00",12.733409,77.298051,CO,31,46,40
India,Karnataka,Ramanagara,"Vijay Nagar, Ramanagara - KSPCB","29-07-2026 14:00:00",12.733409,77.298051,OZONE,18,35,26
India,Gujarat,Nandesari,"GIDC, Nandesari - Nandesari Ind. Association","29-07-2026 14:00:00",22.410802,73.097923,NH3,NA,NA,NA
India,Gujarat,Surat,"Katargam, Surat - Nexteng Enviro","29-07-2026 14:00:00",21.217779,72.834787,SO2,8,10,9
India,Gujarat,Vadodara,"Bapunagar, Vadodara - Nexteng Enviro","29-07-2026 14:00:00",22.320153,73.216285,NO2,11,17,13
India,Gujarat,Vapi,"Phase-1 GIDC, Vapi - GPCB","29-07-2026 14:00:00",20.362421,72.918013,NO2,8,23,15
India,Haryana,Bahadurgarh,"Arya Nagar, Bahadurgarh - HSPCB","29-07-2026 14:00:00",28.6701,76.9254,PM2.5,31,97,60
India,Haryana,Bahadurgarh,"Arya Nagar, Bahadurgarh - HSPCB","29-07-2026 14:00:00",28.6701,76.9254,NH3,10,11,11
India,Haryana,Ballabgarh,"Nathu Colony, Ballabgarh - HSPCB","29-07-2026 14:00:00",28.3419248,77.319699,NO2,19,21,20
India,Haryana,Ballabgarh,"Nathu Colony, Ballabgarh - HSPCB","29-07-2026 14:00:00",28.3419248,77.319699,SO2,1,4,2
India,Haryana,Bhiwani,"H.B. Colony, Bhiwani - HSPCB","29-07-2026 14:00:00",28.806223,76.141105,NO2,7,10,9
India,Haryana,Bhiwani,"H.B. Colony, Bhiwani - HSPCB","29-07-2026 14:00:00",28.806223,76.141105,NH3,1,3,2
India,Haryana,Bhiwani,"H.B. Colony, Bhiwani - HSPCB","29-07-2026 14:00:00",28.806223,76.141105,SO2,12,14,12
India,Gujarat,Ahmedabad,"Maninagar, Ahmedabad - GPCB","29-07-2026 14:00:00",23.002657,72.591912,PM10,66,109,88
India,Gujarat,Ahmedabad,"Maninagar, Ahmedabad - GPCB","29-07-2026 14:00:00",23.002657,72.591912,SO2,25,39,32
India,Gujarat,Ahmedabad,"Gyaspur, Ahmedabad - IITM","29-07-2026 14:00:00",22.977134,72.553024,NO2,24,40,30
India,Gujarat,Ahmedabad,"Gyaspur, Ahmedabad - IITM","29-07-2026 14:00:00",22.977134,72.553024,NH3,9,24,17
India,Gujarat,Ahmedabad,"Gyaspur, Ahmedabad - IITM","29-07-2026 14:00:00",22.977134,72.553024,CO,21,35,27
India,Gujarat,Ahmedabad,"SAC ISRO Satellite, Ahmedabad - IITM","29-07-2026 14:00:00",23.023389,72.515201,PM10,49,105,87
India,Gujarat,Ahmedabad,"SAC ISRO Satellite, Ahmedabad - IITM","29-07-2026 14:00:00",23.023389,72.515201,SO2,2,6,3
India,Gujarat,Bhavnagar,"Vidhyanagar, Bhavnagar - Nexteng Enviro","29-07-2026 14:00:00",21.755417,72.139056,PM2.5,36,54,43
India,Gujarat,Bhavnagar,"Vidhyanagar, Bhavnagar - Nexteng Enviro","29-07-2026 14:00:00",21.755417,72.139056,NO2,41,47,43
India,Gujarat,Gandhinagar,"GIFT City, Gandhinagar - IITM","29-07-2026 14:00:00",23.163798,72.677768,PM2.5,32,74,50
India,Gujarat,Gandhinagar,"GIFT City, Gandhinagar - IITM","29-07-2026 14:00:00",23.163798,72.677768,NH3,1,2,1
India,Maharashtra,Jalna,"Old MIDC, Jalna - MPCB","29-07-2026 14:00:00",19.854616,75.905894,PM10,31,60,40
India,Maharashtra,Jalna,"Old MIDC, Jalna - MPCB","29-07-2026 14:00:00",19.854616,75.905894,NO2,14,26,20
India,Maharashtra,Jalna,"Old MIDC, Jalna - MPCB","29-07-2026 14:00:00",19.854616,75.905894,CO,7,18,13
India,Maharashtra,Kalyan,"Pimpleshwar Mandir, Kalyan - MPCB","29-07-2026 14:00:00",19.192056,72.9585188,PM2.5,33,79,55
India,Maharashtra,Kalyan,"Pimpleshwar Mandir, Kalyan - MPCB","29-07-2026 14:00:00",19.192056,72.9585188,PM10,45,54,50
India,Maharashtra,Kalyan,"Khadakpada, Kalyan - MPCB","29-07-2026 14:00:00",19.25292,73.142019,NH3,1,1,1
India,Maharashtra,Kalyan,"Khadakpada, Kalyan - MPCB","29-07-2026 14:00:00",19.25292,73.142019,CO,NA,NA,NA
India,Maharashtra,Kalyan,"Khadakpada, Kalyan - MPCB","29-07-2026 14:00:00",19.25292,73.142019,OZONE,8,8,8
India,Maharashtra,Kolhapur,"Shivaji University, Kolhapur - MPCB","29-07-2026 14:00:00",16.6870449,74.2505872,NO2,2,19,12
India,Maharashtra,Kolhapur,"Sinchan Bhavan, Kolhapur - MPCB","29-07-2026 14:00:00",16.7143745,74.2426398,SO2,0,1,0
India,Maharashtra,Kolhapur,"Sinchan Bhavan, Kolhapur - MPCB","29-07-2026 14:00:00",16.7143745,74.2426398,CO,6,13,10
India,Maharashtra,Kolhapur,"Sinchan Bhavan, Kolhapur - MPCB","29-07-2026 14:00:00",16.7143745,74.2426398,OZONE,18,24,21
India,Maharashtra,Latur,"Sawe Wadi, Latur - MPCB","29-07-2026 14:00:00",18.39963,76.57452,CO,10,20,16
India,Maharashtra,Mahad,"Kamble Tarf Birwadi, Mahad - MPCB","29-07-2026 14:00:00",18.1023399,73.4783687,NO2,5,14,8
India,Maharashtra,Mahad,"Kamble Tarf Birwadi, Mahad - MPCB","29-07-2026 14:00:00",18.1023399,73.4783687,CO,31,35,34
India,Maharashtra,Mira-Bhayandar,"Bhayandar West, Mira-Bhayandar - MPCB","29-07-2026 14:00:00",19.296481,72.840923,NH3,0,2,1
India,Maharashtra,Mumbai,"Kherwadi_Bandra East, Mumbai - MPCB","29-07-2026 14:00:00",19.0632143,72.8456324,NO2,2,5,4
India,Maharashtra,Mumbai,"Kherwadi_Bandra East, Mumbai - MPCB","29-07-2026 14:00:00",19.0632143,72.8456324,NH3,4,4,4
India,Maharashtra,Mumbai,"Mazgaon, Mumbai - IITM","29-07-2026 14:00:00",18.96702,72.84214,NO2,11,19,13
India,Maharashtra,Mumbai,"Malad West, Mumbai - IITM","29-07-2026 14:00:00",19.19709,72.82204,NO2,21,40,29
India,Maharashtra,Mumbai,"Malad West, Mumbai - IITM","29-07-2026 14:00:00",19.19709,72.82204,CO,27,55,44
India,Maharashtra,Mumbai,"Shivaji Nagar, Mumbai - BMC","29-07-2026 14:00:00",19.060498,72.923356,PM2.5,8,40,26
India,Karnataka,Tumakuru,"Thimmalapura, Tumakuru - KSPCB","29-07-2026 14:00:00",13.377516,77.099072,CO,53,54,54
India,Karnataka,Vijayapura,"Ibrahimpur, Vijayapura - KSPCB","29-07-2026 14:00:00",16.802639,75.722694,NO2,11,12,11
India,Karnataka,Vijayapura,"Ibrahimpur, Vijayapura - KSPCB","29-07-2026 14:00:00",16.802639,75.722694,CO,19,30,24
India,Karnataka,Yadgir,"Collector Office, Yadgir - KSPCB","29-07-2026 14:00:00",16.7602,77.1428,NO2,NA,NA,NA
India,Karnataka,Yadgir,"Collector Office, Yadgir - KSPCB","29-07-2026 14:00:00",16.7602,77.1428,NH3,NA,NA,NA
India,Karnataka,Yadgir,"Collector Office, Yadgir - KSPCB","29-07-2026 14:00:00",16.7602,77.1428,CO,46,64,56
India,Karnataka,Yadgir,"Collector Office, Yadgir - KSPCB","29-07-2026 14:00:00",16.7602,77.1428,OZONE,23,30,26
India,Kerala,Kannur,"Thavakkara, Kannur - Kerala PCB","29-07-2026 14:00:00",11.875,75.3732,OZONE,28,29,28
India,Kerala,Thiruvananthapuram,"Plammoodu, Thiruvananthapuram - Kerala PCB","29-07-2026 14:00:00",8.5149093,76.9435879,OZONE,11,17,13
India,"Madhya Pradesh",Bhopal,"Idgah Hills, Bhopal - MPPCB","29-07-2026 14:00:00",23.264759,77.381568,PM2.5,22,53,40
India,"Madhya Pradesh",Bhopal,"Idgah Hills, Bhopal - MPPCB","29-07-2026 14:00:00",23.264759,77.381568,NO2,10,28,17
India,"Madhya Pradesh",Bhopal,"Idgah Hills, Bhopal - MPPCB","29-07-2026 14:00:00",23.264759,77.381568,SO2,5,6,5
India,"Madhya Pradesh",Bhopal,"Idgah Hills, Bhopal - MPPCB","29-07-2026 14:00:00",23.264759,77.381568,CO,6,33,23
India,"Madhya Pradesh",Bhopal,"Paryavaran Parisar, Bhopal - MPPCB","29-07-2026 14:00:00",23.210494,77.425409,NO2,8,15,11
India,"Madhya Pradesh",Damoh,"Shrivastav Colony, Damoh - MPPCB","29-07-2026 14:00:00",23.81748678,79.446246,PM10,5,37,18
India,"Madhya Pradesh",Damoh,"Shrivastav Colony, Damoh - MPPCB","29-07-2026 14:00:00",23.81748678,79.446246,NH3,NA,NA,NA
India,"Madhya Pradesh",Damoh,"Shrivastav Colony, Damoh - MPPCB","29-07-2026 14:00:00",23.81748678,79.446246,OZONE,NA,NA,NA
India,Maharashtra,Badlapur,"Katrap, Badlapur - MPCB","29-07-2026 14:00:00",19.16485,73.23409,PM2.5,17,18,18
India,Maharashtra,Badlapur,"Katrap, Badlapur - MPCB","29-07-2026 14:00:00",19.16485,73.23409,PM10,12,13,13
India,Maharashtra,Badlapur,"Katrap, Badlapur - MPCB","29-07-2026 14:00:00",19.16485,73.23409,NO2,15,19,16
India,Maharashtra,Beed,"Bir, Beed - MPCB","29-07-2026 14:00:00",18.988474,75.753873,OZONE,8,11,10
India,Maharashtra,Belapur,"CBD Belapur, Belapur - MPCB","29-07-2026 14:00:00",19.0243902,73.0406721,OZONE,3,9,5
India,Maharashtra,Bhiwandi,"Gokul Nagar, Bhiwandi - MPCB","29-07-2026 14:00:00",19.309073,73.057223,PM10,NA,NA,NA
India,Maharashtra,Bhiwandi,"Gokul Nagar, Bhiwandi - MPCB","29-07-2026 14:00:00",19.309073,73.057223,NH3,2,2,2
India,Maharashtra,Bhiwandi,"Gokul Nagar, Bhiwandi - MPCB","29-07-2026 14:00:00",19.309073,73.057223,CO,15,21,18
India,Maharashtra,Boisar,"Khaira, Boisar - MPCB","29-07-2026 14:00:00",19.786089,72.757971,NO2,NA,NA,NA
India,Maharashtra,Boisar,"Khaira, Boisar - MPCB","29-07-2026 14:00:00",19.786089,72.757971,OZONE,16,18,17
India,Maharashtra,Chandrapur,"MIDC Khutala, Chandrapur - MPCB","29-07-2026 14:00:00",19.9775302,79.2337086,NO2,NA,NA,NA
India,Maharashtra,Chandrapur,"Chauhan Colony, Chandrapur - MPCB","29-07-2026 14:00:00",19.9629,79.298714,PM2.5,2,73,41
India,Maharashtra,Chandrapur,"Chauhan Colony, Chandrapur - MPCB","29-07-2026 14:00:00",19.9629,79.298714,PM10,16,64,38
India,Maharashtra,Chandrapur,"Chauhan Colony, Chandrapur - MPCB","29-07-2026 14:00:00",19.9629,79.298714,SO2,14,19,18
India,Maharashtra,Dhule,"Deopur, Dhule - MPCB","29-07-2026 14:00:00",20.918946,74.776388,PM2.5,20,43,27
India,Maharashtra,Dombivli,"Kalu Nagar, Dombivli - MPCB","29-07-2026 14:00:00",19.2268427,73.0788456,NH3,1,2,2
India,Maharashtra,Hingoli,"Ashta Vinayak Nagar, Hingoli - MPCB","29-07-2026 14:00:00",19.710842,77.151824,NH3,1,6,2
India,"Madhya Pradesh",Satna,"Bandhavgar Colony, Satna - Birla Cement","29-07-2026 14:00:00",24.58434363,80.8549414,NH3,NA,NA,NA
India,"Madhya Pradesh",Singrauli,"Suryakiran Bhawan NCL, Singrauli - MPPCB","29-07-2026 14:00:00",24.10897,82.64558,PM10,18,70,44
India,"Madhya Pradesh",Singrauli,"Suryakiran Bhawan NCL, Singrauli - MPPCB","29-07-2026 14:00:00",24.10897,82.64558,CO,8,28,21
India,"Madhya Pradesh",Ujjain,"Mahashweta Nagar, Ujjain - MPPCB","29-07-2026 14:00:00",23.1633321,75.800225,CO,25,30,27
India,Maharashtra,Ahmednagar,"Tarakpur, Ahmednagar - MPCB","29-07-2026 14:00:00",19.10122,74.73339,PM2.5,8,42,23
India,Maharashtra,Akola,"Ramdaspeth, Akola - MPCB","29-07-2026 14:00:00",20.719516,77.000253,PM10,26,58,35
India,Maharashtra,Akola,"Ramdaspeth, Akola - MPCB","29-07-2026 14:00:00",20.719516,77.000253,CO,7,10,9
India,Maharashtra,Amravati,"Shri Shivaji Science College, Amravati - MPCB","29-07-2026 14:00:00",20.939198,77.765701,OZONE,7,12,10
India,Maharashtra,Amravati,"Shivneri Colony, Amravati - MPCB","29-07-2026 14:00:00",20.9402359,77.7895248,CO,5,21,13
India,Maharashtra,Aurangabad,"More Chowk Waluj, Aurangabad - MPCB","29-07-2026 14:00:00",19.8389439,75.244448,PM2.5,45,54,50
India,Maharashtra,Aurangabad,"MIDC Chilkalthana, Aurangabad - MPCB","29-07-2026 14:00:00",19.87562,75.38731,NO2,9,12,11
India,Maharashtra,Aurangabad,"Rachnakar Colony, Aurangabad - MPCB","29-07-2026 14:00:00",19.863756,75.321188,PM10,34,74,55
India,Maharashtra,Mumbai,"Chembur, Mumbai - MPCB","29-07-2026 14:00:00",19.0364585,72.8954371,NH3,17,26,21
India,Maharashtra,Mumbai,"Chembur, Mumbai - MPCB","29-07-2026 14:00:00",19.0364585,72.8954371,SO2,0,3,1
India,Maharashtra,Mumbai,"Chembur, Mumbai - MPCB","29-07-2026 14:00:00",19.0364585,72.8954371,OZONE,20,20,20
India,Maharashtra,Mumbai,"Kandivali West, Mumbai - BMC","29-07-2026 14:00:00",19.215859,72.831718,PM10,20,41,29
India,Maharashtra,Mumbai,"Kandivali West, Mumbai - BMC","29-07-2026 14:00:00",19.215859,72.831718,OZONE,7,11,10
India,Maharashtra,Mumbai,"Siddharth Nagar-Worli, Mumbai - IITM","29-07-2026 14:00:00",19.000083,72.813993,SO2,NA,NA,NA
India,Maharashtra,Mumbai,"Siddharth Nagar-Worli, Mumbai - IITM","29-07-2026 14:00:00",19.000083,72.813993,CO,4,14,7
India,Maharashtra,Mumbai,"Chakala-Andheri East, Mumbai - IITM","29-07-2026 14:00:00",19.11074,72.86084,NO2,5,9,6
India,Maharashtra,Mumbai,"Khindipada-Bhandup West, Mumbai - IITM","29-07-2026 14:00:00",19.1653323,72.922099,PM10,61,96,72
India,Maharashtra,Mumbai,"Mindspace-Malad West, Mumbai - MPCB","29-07-2026 14:00:00",19.1878657,72.8304069,CO,20,21,20
India,Maharashtra,Mumbai,"Borivali East, Mumbai - IITM","29-07-2026 14:00:00",19.23241,72.86895,SO2,NA,NA,NA
India,Maharashtra,Mumbai,"Worli, Mumbai - MPCB","29-07-2026 14:00:00",18.9936162,72.8128113,NH3,22,33,26
India,Maharashtra,Mumbai,"Bandra Kurla Complex, Mumbai - IITM","29-07-2026 14:00:00",19.053536,72.84643,PM2.5,26,76,42
India,Maharashtra,Mumbai,"Bandra Kurla Complex, Mumbai - IITM","29-07-2026 14:00:00",19.053536,72.84643,NH3,1,4,2
India,"Madhya Pradesh",Dewas,"Bhopal Chauraha, Dewas - MPPCB","29-07-2026 14:00:00",22.9682591,76.064118,NO2,34,57,44
India,"Madhya Pradesh",Gwalior,"Deen Dayal Nagar, Gwalior - MPPCB","29-07-2026 14:00:00",26.259242,78.216432,SO2,5,8,6
India,"Madhya Pradesh",Gwalior,"Maharaj Bada, Gwalior - MPPCB","29-07-2026 14:00:00",26.200388,78.147714,PM10,20,54,34
India,"Madhya Pradesh",Gwalior,"Maharaj Bada, Gwalior - MPPCB","29-07-2026 14:00:00",26.200388,78.147714,CO,28,71,49
India,"Madhya Pradesh",Gwalior,"City Center, Gwalior - MPPCB","29-07-2026 14:00:00",26.203442,78.193251,PM10,18,39,29
India,"Madhya Pradesh",Indore,"Regional Park, Indore - IMC","29-07-2026 14:00:00",22.678,75.8559,PM10,18,38,29
India,"Madhya Pradesh",Indore,"Regional Park, Indore - IMC","29-07-2026 14:00:00",22.678,75.8559,SO2,37,39,38
India,"Madhya Pradesh",Indore,"Regional Park, Indore - IMC","29-07-2026 14:00:00",22.678,75.8559,OZONE,5,6,5
India,"Madhya Pradesh",Indore,"Maguda Nagar, Indore - IMC","29-07-2026 14:00:00",22.7524,75.8872,PM2.5,2,52,20
India,"Madhya Pradesh",Indore,"Chhoti Gwaltoli, Indore - MPPCB","29-07-2026 14:00:00",22.431,75.5213,PM2.5,50,78,60
India,"Madhya Pradesh",Indore,"Chhoti Gwaltoli, Indore - MPPCB","29-07-2026 14:00:00",22.431,75.5213,SO2,10,18,15
India,"Madhya Pradesh",Indore,"Chhoti Gwaltoli, Indore - MPPCB","29-07-2026 14:00:00",22.431,75.5213,CO,10,36,20
India,"Madhya Pradesh",Indore,"Chhoti Gwaltoli, Indore - MPPCB","29-07-2026 14:00:00",22.431,75.5213,OZONE,14,21,17
India,"Madhya Pradesh",Indore,"Residency Area, Indore - IMC","29-07-2026 14:00:00",22.7084,75.8815,PM10,29,59,40
India,Maharashtra,Nagpur,"Mahal, Nagpur - MPCB","29-07-2026 14:00:00",21.14472,79.107595,SO2,4,23,13
India,Maharashtra,Nanded,"Sneh Nagar, Nanded - MPCB","29-07-2026 14:00:00",19.173852,77.296291,PM2.5,7,24,15
India,Maharashtra,Nashik,"Pandav Nagari, Nashik - MPCB","29-07-2026 14:00:00",19.9591346,73.7788008,PM2.5,8,34,20
India,Maharashtra,Nashik,"Pandav Nagari, Nashik - MPCB","29-07-2026 14:00:00",19.9591346,73.7788008,PM10,19,62,37
India,Maharashtra,Nashik,"Gangapur Road, Nashik - MPCB","29-07-2026 14:00:00",20.0073285,73.7762427,PM10,28,55,40
India,Maharashtra,Nashik,"Gangapur Road, Nashik - MPCB","29-07-2026 14:00:00",20.0073285,73.7762427,CO,21,22,22
India,Maharashtra,Nashik,"MIDC Ambad, Nashik - MPCB","29-07-2026 14:00:00",19.95022,73.73148,CO,14,17,15
India,Maharashtra,"Navi Mumbai","Sanpada, Navi Mumbai - MPCB","29-07-2026 14:00:00",19.0575752,73.0151367,CO,9,19,12
India,Maharashtra,"Navi Mumbai","Sector-2E Kalamboli, Navi Mumbai - MPCB","29-07-2026 14:00:00",19.02579,73.10297,PM2.5,19,28,23
India,Maharashtra,"Navi Mumbai","Nerul, Navi Mumbai - MPCB","29-07-2026 14:00:00",19.008751,73.01662,CO,NA,NA,NA
India,Maharashtra,"Navi Mumbai","Kopripada-Vashi, Navi Mumbai - MPCB","29-07-2026 14:00:00",19.090337,73.014232,OZONE,42,54,49
India,Maharashtra,"Navi Mumbai","Mahape, Navi Mumbai - MPCB","29-07-2026 14:00:00",19.1135051,73.008978,PM2.5,18,47,30
India,Maharashtra,Mumbai,"Bandra Kurla Complex, Mumbai - MPCB","29-07-2026 14:00:00",19.065931,72.862131,NO2,4,6,4
India,Maharashtra,Mumbai,"Navy Nagar-Colaba, Mumbai - IITM","29-07-2026 14:00:00",18.897756,72.81332,CO,23,26,25
India,Maharashtra,Mumbai,"Sewri, Mumbai - BMC","29-07-2026 14:00:00",19.000084,72.85673,PM10,56,83,68
India,Maharashtra,Mumbai,"Sewri, Mumbai - BMC","29-07-2026 14:00:00",19.000084,72.85673,OZONE,17,17,17
India,Maharashtra,Mumbai,"Sion, Mumbai - MPCB","29-07-2026 14:00:00",19.047,72.8746,PM2.5,12,37,19
India,Maharashtra,Mumbai,"Sion, Mumbai - MPCB","29-07-2026 14:00:00",19.047,72.8746,NH3,4,5,5
India,Maharashtra,Mumbai,"Ghatkopar, Mumbai - BMC","29-07-2026 14:00:00",19.083694,72.920967,SO2,0,5,2
India,Maharashtra,Mumbai,"Kurla, Mumbai - MPCB","29-07-2026 14:00:00",19.0863,72.8888,NO2,9,9,9
India,Maharashtra,Mumbai,"Kurla, Mumbai - MPCB","29-07-2026 14:00:00",19.0863,72.8888,SO2,29,29,29
India,Maharashtra,Nagpur,"Ram Nagar, Nagpur - MPCB","29-07-2026 14:00:00",21.143383,79.048912,NH3,NA,NA,NA
India,Maharashtra,Nagpur,"Ambazari, Nagpur - MPCB","29-07-2026 14:00:00",21.121801,79.04952,NO2,4,26,13
India,"Madhya Pradesh",Jabalpur,"Suhagi, Jabalpur - JMC","29-07-2026 14:00:00",23.218135,79.95777,NO2,NA,NA,NA
India,"Madhya Pradesh",Jabalpur,"Suhagi, Jabalpur - JMC","29-07-2026 14:00:00",23.218135,79.95777,CO,62,62,62
India,"Madhya Pradesh",Jabalpur,"Gupteshwar, Jabalpur - JMC","29-07-2026 14:00:00",23.142888,79.916147,NO2,56,59,57
India,"Madhya Pradesh",Katni,"Gole Bazar, Katni - MPPCB","29-07-2026 14:00:00",23.50016,80.23284,PM2.5,17,58,32
India,"Madhya Pradesh",Katni,"Gole Bazar, Katni - MPPCB","29-07-2026 14:00:00",23.50016,80.23284,PM10,14,76,42
India,"Madhya Pradesh",Maihar,"Sahilara, Maihar - KJS Cements","29-07-2026 14:00:00",24.2613009,80.7231783,PM2.5,0,123,25
India,"Madhya Pradesh",Mandideep,"Sector-D Industrial Area, Mandideep - MPPCB","29-07-2026 14:00:00",23.10844,77.511428,NO2,6,17,9
India,Rajasthan,Jaipur,"Sector-2 Murlipura, Jaipur - RSPCB","29-07-2026 14:00:00",26.960669,75.771817,CO,66,111,93
India,Rajasthan,Jaipur,"Shastri Nagar, Jaipur - RSPCB","29-07-2026 14:00:00",26.9502929,75.730943,CO,29,45,39
India,Rajasthan,Jaipur,"Police Commissionerate, Jaipur - RSPCB","29-07-2026 14:00:00",26.9164092,75.7994901,OZONE,29,35,32
India,Rajasthan,Jaipur,"Mansarovar Sector-12, Jaipur - RSPCB","29-07-2026 14:00:00",26.843698,75.766894,PM2.5,13,53,30
India,Rajasthan,Jaipur,"Mansarovar Sector-12, Jaipur - RSPCB","29-07-2026 14:00:00",26.843698,75.766894,NH3,2,34,11
India,Rajasthan,Jaipur,"Mansarovar Sector-12, Jaipur - RSPCB","29-07-2026 14:00:00",26.843698,75.766894,SO2,1,9,4
India,Rajasthan,Jaipur,"Adarsh Nagar, Jaipur - RSPCB","29-07-2026 14:00:00",26.902909,75.836858,PM10,29,98,61
India,Rajasthan,Jaisalmer,"Sadar Bazar, Jaisalmer - RSPCB","29-07-2026 14:00:00",26.912329,70.909168,PM2.5,NA,NA,NA
India,Rajasthan,Jaisalmer,"Sadar Bazar, Jaisalmer - RSPCB","29-07-2026 14:00:00",26.912329,70.909168,PM10,55,500,150
India,Rajasthan,Jaisalmer,"Sadar Bazar, Jaisalmer - RSPCB","29-07-2026 14:00:00",26.912329,70.909168,SO2,2,6,4
India,Rajasthan,Jaisalmer,"Sadar Bazar, Jaisalmer - RSPCB","29-07-2026 14:00:00",26.912329,70.909168,OZONE,8,16,12
India,Rajasthan,Jalore,"Mudtra Sili, Jalore - RSPCB","29-07-2026 14:00:00",25.344694,72.626208,NH3,2,7,4
India,Rajasthan,Jalore,"Mudtra Sili, Jalore - RSPCB","29-07-2026 14:00:00",25.344694,72.626208,CO,18,31,25
India,Rajasthan,Jhalawar,"Rajlaxmi Nagar, Jhalawar - RSPCB","29-07-2026 14:00:00",24.588397,76.172782,NO2,18,32,24
India,Rajasthan,Jhalawar,"Rajlaxmi Nagar, Jhalawar - RSPCB","29-07-2026 14:00:00",24.588397,76.172782,NH3,4,6,5
India,Rajasthan,Jhalawar,"Rajlaxmi Nagar, Jhalawar - RSPCB","29-07-2026 14:00:00",24.588397,76.172782,OZONE,18,33,26
India,Rajasthan,Jhunjhunu,"Indra Nagar, Jhunjhunu - RSPCB","29-07-2026 14:00:00",28.108988,75.386577,NH3,6,19,10
India,Rajasthan,Jodhpur,"Digari Kalan, Jodhpur - RSPCB","29-07-2026 14:00:00",26.29581,73.082283,NO2,7,21,13
India,Rajasthan,Jodhpur,"Digari Kalan, Jodhpur - RSPCB","29-07-2026 14:00:00",26.29581,73.082283,NH3,6,12,8
India,Rajasthan,Jodhpur,"Digari Kalan, Jodhpur - RSPCB","29-07-2026 14:00:00",26.29581,73.082283,SO2,1,14,11
India,Maharashtra,Pune,"Revenue Colony-Shivajinagar, Pune - IITM","29-07-2026 14:00:00",18.530085,73.849598,NO2,10,24,17
India,Maharashtra,Pune,"Revenue Colony-Shivajinagar, Pune - IITM","29-07-2026 14:00:00",18.530085,73.849598,OZONE,15,29,22
India,Maharashtra,Pune,"Dhankawadi, Pune - IITM","29-07-2026 14:00:00",18.459883,73.852193,NH3,NA,NA,NA
India,Maharashtra,Pune,"Dhankawadi, Pune - IITM","29-07-2026 14:00:00",18.459883,73.852193,OZONE,8,16,11
India,Maharashtra,Pune,"Savitribai Phule Pune University, Pune - MPCB","29-07-2026 14:00:00",18.547056,73.826908,CO,29,35,31
India,Maharashtra,Sangli,"Vijay Nagar, Sangli - MPCB","29-07-2026 14:00:00",16.5038,74.3623,NH3,1,3,1
India,Maharashtra,Sangli,"Vijay Nagar, Sangli - MPCB","29-07-2026 14:00:00",16.5038,74.3623,CO,16,23,18
India,Maharashtra,Sangli,"Vijay Nagar, Sangli - MPCB","29-07-2026 14:00:00",16.5038,74.3623,OZONE,10,24,19
India,Maharashtra,Satara,"Koyana Nagar, Satara - MPCB","29-07-2026 14:00:00",17.696651,74.003387,PM10,5,119,65
India,Maharashtra,Solapur,"Ratandeep Housing Society, Solapur - MPCB","29-07-2026 14:00:00",17.65439,75.90649,OZONE,5,20,12
India,Maharashtra,Thane,"Upvan Fort, Thane - MPCB","29-07-2026 14:00:00",19.222279,72.957979,NO2,2,4,3
India,Maharashtra,Thane,"Upvan Fort, Thane - MPCB","29-07-2026 14:00:00",19.222279,72.957979,CO,6,30,16
India,Maharashtra,Thane,"Kasarvadavali, Thane - MPCB","29-07-2026 14:00:00",19.26777,72.97182,PM2.5,35,63,47
India,Maharashtra,Thane,"Kasarvadavali, Thane - MPCB","29-07-2026 14:00:00",19.26777,72.97182,SO2,3,5,4
India,Maharashtra,Ulhasnagar,"Sidhi Vinayak Nagar, Ulhasnagar - MPCB","29-07-2026 14:00:00",19.235581,73.159121,PM10,23,83,55
India,Maharashtra,Ulhasnagar,"Sidhi Vinayak Nagar, Ulhasnagar - MPCB","29-07-2026 14:00:00",19.235581,73.159121,SO2,2,19,8
India,Maharashtra,Ulhasnagar,"Vithalwadi, Ulhasnagar - MPCB","29-07-2026 14:00:00",19.2307571,73.155192,CO,16,19,17
India,Maharashtra,Virar,"Bolinj, Virar - MPCB","29-07-2026 14:00:00",19.445821,72.7988231,NO2,10,20,16
India,Maharashtra,"Navi Mumbai","Mahape, Navi Mumbai - MPCB","29-07-2026 14:00:00",19.1135051,73.008978,OZONE,7,10,9
India,Maharashtra,"Navi Mumbai","Tondare-Taloja, Navi Mumbai - MPCB","29-07-2026 14:00:00",19.063,73.1209,OZONE,8,9,9
India,Maharashtra,Parbhani,"Masoom Colony, Parbhani - MPCB","29-07-2026 14:00:00",19.265594,76.761463,PM10,NA,NA,NA
India,Maharashtra,Parbhani,"Masoom Colony, Parbhani - MPCB","29-07-2026 14:00:00",19.265594,76.761463,NO2,16,32,24
India,Maharashtra,Parbhani,"Masoom Colony, Parbhani - MPCB","29-07-2026 14:00:00",19.265594,76.761463,CO,11,13,12
India,Maharashtra,Parbhani,"Masoom Colony, Parbhani - MPCB","29-07-2026 14:00:00",19.265594,76.761463,OZONE,6,8,7
India,Maharashtra,Pimpri-Chinchwad,"Transport Nagar-Nigdi, Pune - IITM","29-07-2026 14:00:00",18.664282,73.763966,SO2,NA,NA,NA
India,Maharashtra,Pimpri-Chinchwad,"Transport Nagar-Nigdi, Pune - IITM","29-07-2026 14:00:00",18.664282,73.763966,OZONE,14,63,21
India,Maharashtra,Pimpri-Chinchwad,"Bhosari, Pune - IITM","29-07-2026 14:00:00",18.640051,73.848956,NH3,NA,NA,NA
India,Maharashtra,Pimpri-Chinchwad,"Bhosari, Pune - IITM","29-07-2026 14:00:00",18.640051,73.848956,CO,20,50,30
India,Maharashtra,Pimpri-Chinchwad,"Bhosari, Pune - IITM","29-07-2026 14:00:00",18.640051,73.848956,OZONE,11,16,14
India,Maharashtra,Pimpri-Chinchwad,"Park Street Wakad, Pimpri Chinchwad - MPCB","29-07-2026 14:00:00",18.59051,73.77946,SO2,1,2,2
India,Maharashtra,Pimpri-Chinchwad,"Park Street Wakad, Pimpri Chinchwad - MPCB","29-07-2026 14:00:00",18.59051,73.77946,CO,7,38,17
India,Maharashtra,Pimpri-Chinchwad,"Thergaon, Pimpri Chinchwad - MPCB","29-07-2026 14:00:00",18.616318,73.765797,NH3,2,2,2
India,Maharashtra,Pimpri-Chinchwad,"Thergaon, Pimpri Chinchwad - MPCB","29-07-2026 14:00:00",18.616318,73.765797,SO2,1,2,1
India,Maharashtra,Pimpri-Chinchwad,"Gavalinagar, Pimpri Chinchwad - MPCB","29-07-2026 14:00:00",18.63673,73.82487,NH3,NA,NA,NA
India,Maharashtra,Pune,"Panchawati_Pashan, Pune - IITM","29-07-2026 14:00:00",18.536457,73.805454,PM10,25,78,55
India,Maharashtra,Pune,"Panchawati_Pashan, Pune - IITM","29-07-2026 14:00:00",18.536457,73.805454,SO2,NA,NA,NA
India,Maharashtra,Pune,"Revenue Colony-Shivajinagar, Pune - IITM","29-07-2026 14:00:00",18.530085,73.849598,PM10,31,94,62
India,Punjab,Rupnagar,"Ratanpura, Rupnagar - Ambuja Cements","29-07-2026 14:00:00",31.0325454,76.5623046,SO2,9,16,12
India,Punjab,Rupnagar,"Ratanpura, Rupnagar - Ambuja Cements","29-07-2026 14:00:00",31.0325454,76.5623046,OZONE,NA,NA,NA
India,Rajasthan,Ajmer,"Civil Lines,  Ajmer - RSPCB","29-07-2026 14:00:00",26.470859,74.646594,PM2.5,37,87,62
India,Rajasthan,Ajmer,"Civil Lines,  Ajmer - RSPCB","29-07-2026 14:00:00",26.470859,74.646594,OZONE,6,7,7
India,Rajasthan,Alwar,"Moti Doongri, Alwar - RSPCB","29-07-2026 14:00:00",27.554793,76.611536,PM10,82,100,88
India,Rajasthan,Alwar,"Moti Doongri, Alwar - RSPCB","29-07-2026 14:00:00",27.554793,76.611536,OZONE,28,52,40
India,Rajasthan,Alwar,"Vigyan Nagar, Alwar - RSPCB","29-07-2026 14:00:00",27.598796,76.63861,NO2,9,15,12
India,Rajasthan,Alwar,"Vigyan Nagar, Alwar - RSPCB","29-07-2026 14:00:00",27.598796,76.63861,CO,47,54,51
India,Rajasthan,Banswara,"Rati Talai, Banswara - RSPCB","29-07-2026 14:00:00",23.55519,74.44001,PM2.5,48,332,154
India,Rajasthan,Baran,"Bamboliya, Baran - RSPCB","29-07-2026 14:00:00",25.106006,76.469948,PM2.5,NA,NA,NA
India,Rajasthan,Bharatpur,"Krishna Nagar, Bharatpur - RSPCB","29-07-2026 14:00:00",27.215415,77.50873,NO2,9,26,15
India,Rajasthan,Bhilwara,"Pratap Nagar, Bhilwara - RSPCB","29-07-2026 14:00:00",25.339605,74.618883,NH3,3,5,4
India,Rajasthan,Bhiwadi,"RIICO Ind. Area III, Bhiwadi - RSPCB","29-07-2026 14:00:00",28.194909,76.862296,PM2.5,30,176,85
India,Rajasthan,Jodhpur,"Samrat Ashok Udhyan, Jodhpur - RSPCB","29-07-2026 14:00:00",26.253384,72.976571,PM10,69,103,83
India,Rajasthan,Jodhpur,"Samrat Ashok Udhyan, Jodhpur - RSPCB","29-07-2026 14:00:00",26.253384,72.976571,NH3,1,4,2
India,Rajasthan,Jodhpur,"Collectorate, Jodhpur - RSPCB","29-07-2026 14:00:00",26.268249,73.0193853,NO2,15,20,17
India,Rajasthan,Jodhpur,"Collectorate, Jodhpur - RSPCB","29-07-2026 14:00:00",26.268249,73.0193853,OZONE,20,28,23
India,Rajasthan,Jodhpur,"Jhalamand, Jodhpur - RSPCB","29-07-2026 14:00:00",26.215415,73.070156,PM2.5,35,60,47
India,Rajasthan,Jodhpur,"Jhalamand, Jodhpur - RSPCB","29-07-2026 14:00:00",26.215415,73.070156,OZONE,7,16,11
India,Rajasthan,Karauli,"Satyawati Vihar, Karauli - RSPCB","29-07-2026 14:00:00",26.506177,77.025989,NO2,28,51,40
India,Rajasthan,Kota,"Nayapura, Kota - RSPCB","29-07-2026 14:00:00",25.196024,75.855668,PM2.5,5,55,27
India,Rajasthan,Kota,"Dhanmandi, Kota - RSPCB","29-07-2026 14:00:00",25.16409,75.858137,PM2.5,2,73,16
India,Rajasthan,Kota,"Shrinath Puram, Kota - RSPCB","29-07-2026 14:00:00",25.14389,75.821256,PM2.5,23,65,36
India,Rajasthan,Nagaur,"Karni Colony, Nagaur - RSPCB","29-07-2026 14:00:00",27.213494,73.734444,NO2,4,13,8
India,Rajasthan,Rajsamand,"Dhoinda, Rajsamand - RSPCB","29-07-2026 14:00:00",25.03636,73.883502,NH3,4,19,12
India,Rajasthan,Rajsamand,"Dhoinda, Rajsamand - RSPCB","29-07-2026 14:00:00",25.03636,73.883502,SO2,3,8,5
India,Rajasthan,Rajsamand,"Dhoinda, Rajsamand - RSPCB","29-07-2026 14:00:00",25.03636,73.883502,CO,26,44,31
India,Rajasthan,Bhiwadi,"Vasundhara Nagar_UIT, Bhiwadi - RSPCB","29-07-2026 14:00:00",28.207266,76.829265,CO,18,49,29
India,Rajasthan,Bikaner,"MM Ground, Bikaner - RSPCB","29-07-2026 14:00:00",28.018792,73.292658,PM2.5,10,156,36
India,Rajasthan,Bikaner,"MM Ground, Bikaner - RSPCB","29-07-2026 14:00:00",28.018792,73.292658,PM10,28,134,82
India,Rajasthan,Bundi,"New Colony, Bundi - RSPCB","29-07-2026 14:00:00",25.435774,75.644272,OZONE,12,50,39
India,Rajasthan,Chittorgarh,"Shastri Nagar, Chittorgarh - RSPCB","29-07-2026 14:00:00",24.892047,74.623527,NO2,13,33,19
India,Rajasthan,Churu,"Subash Chowk, Churu - RSPCB","29-07-2026 14:00:00",28.296139,74.961696,PM10,6,119,37
India,Rajasthan,Churu,"Subash Chowk, Churu - RSPCB","29-07-2026 14:00:00",28.296139,74.961696,NO2,3,12,7
India,Rajasthan,Dausa,"Khatikan Mohalla, Dausa - RSPCB","29-07-2026 14:00:00",26.895552,76.334753,PM10,12,120,60
India,Rajasthan,Dausa,"Khatikan Mohalla, Dausa - RSPCB","29-07-2026 14:00:00",26.895552,76.334753,OZONE,6,22,13
India,Rajasthan,Dholpur,"Raja Ganj, Dholpur - RSPCB","29-07-2026 14:00:00",26.699557,77.898881,SO2,4,21,7
India,Rajasthan,Hanumangarh,"Housing Board, Hanumangarh - RSPCB","29-07-2026 14:00:00",29.61075,74.283608,CO,11,17,13
India,Rajasthan,Hanumangarh,"Housing Board, Hanumangarh - RSPCB","29-07-2026 14:00:00",29.61075,74.283608,OZONE,57,73,63
India,Odisha,Bhubaneswar,"Patia, Bhubaneswar - OSPCB","29-07-2026 14:00:00",20.34652,85.8163,NH3,2,2,2
India,Odisha,Bhubaneswar,"Patia, Bhubaneswar - OSPCB","29-07-2026 14:00:00",20.34652,85.8163,CO,26,40,34
India,Odisha,Bhubaneswar,"Patia, Bhubaneswar - OSPCB","29-07-2026 14:00:00",20.34652,85.8163,OZONE,25,55,40
India,Odisha,Brajrajnagar,"GM Office, Brajrajnagar - OSPCB","29-07-2026 14:00:00",21.8004996,83.8396977,PM2.5,0,16,8
India,Odisha,Brajrajnagar,"GM Office, Brajrajnagar - OSPCB","29-07-2026 14:00:00",21.8004996,83.8396977,OZONE,41,43,42
India,Odisha,Byasanagar,"Ferro Chrome Colony, Byasanagar - OSPCB","29-07-2026 14:00:00",20.94185,86.1151,NO2,6,12,8
India,Odisha,Keonjhar,"Jagamohanpur, Keonjhar - OSPCB","29-07-2026 14:00:00",21.6439,85.599355,SO2,12,14,12
India,Odisha,Rairangpur,"Divisional Forest Office, Rairangpur - OSPCB","29-07-2026 14:00:00",22.265816,86.174829,PM10,7,23,13
India,Odisha,Rairangpur,"Divisional Forest Office, Rairangpur - OSPCB","29-07-2026 14:00:00",22.265816,86.174829,NH3,3,4,3
India,Odisha,Rairangpur,"Divisional Forest Office, Rairangpur - OSPCB","29-07-2026 14:00:00",22.265816,86.174829,OZONE,9,11,10
India,Odisha,Rourkela,"Sector-2, Rourkela - OSPCB","29-07-2026 14:00:00",22.245,84.88111111,NH3,NA,NA,NA
India,Odisha,Rourkela,"Sector-2, Rourkela - OSPCB","29-07-2026 14:00:00",22.245,84.88111111,CO,11,11,11
India,Odisha,Rourkela,"Fertilizer Township, Rourkela - OSPCB","29-07-2026 14:00:00",22.18972222,84.86277778,PM2.5,56,86,63
India,Maharashtra,Virar,"Bolinj, Virar - MPCB","29-07-2026 14:00:00",19.445821,72.7988231,CO,13,31,20
India,Meghalaya,Byrnihat,"15th Mile-Nongthymmai, Byrnihat -Meghalaya PCB","29-07-2026 14:00:00",26.079047,91.875185,CO,1,9,4
India,Meghalaya,Byrnihat,"15th Mile-Nongthymmai, Byrnihat -Meghalaya PCB","29-07-2026 14:00:00",26.079047,91.875185,OZONE,NA,NA,NA
India,Meghalaya,Shillong,"JN Stadium, Shillong - Meghalaya PCB","29-07-2026 14:00:00",25.5803419,91.8942571,OZONE,9,13,11
India,Mizoram,Aizawl,"Sikulpuikawn, Aizawl - Mizoram PCB","29-07-2026 14:00:00",23.7176342,92.7192841,SO2,14,15,14
India,Mizoram,Aizawl,"Sikulpuikawn, Aizawl - Mizoram PCB","29-07-2026 14:00:00",23.7176342,92.7192841,OZONE,4,6,5
India,Nagaland,Kohima,"PWD Junction, Kohima - NPCB","29-07-2026 14:00:00",25.6635413,94.0989878,PM2.5,5,30,16
India,Odisha,Angul,"Hakimapada, Angul - OSPCB","29-07-2026 14:00:00",20.832874,85.104082,PM10,5,133,28
India,Odisha,Angul,"Hakimapada, Angul - OSPCB","29-07-2026 14:00:00",20.832874,85.104082,SO2,3,15,6
India,Odisha,Angul,"Hakimapada, Angul - OSPCB","29-07-2026 14:00:00",20.832874,85.104082,CO,52,56,54
India,Odisha,Angul,"Hakimapada, Angul - OSPCB","29-07-2026 14:00:00",20.832874,85.104082,OZONE,11,29,15
India,Odisha,Balasore,"Kalidaspur, Balasore - OSPCB","29-07-2026 14:00:00",21.51161,86.89088,PM10,6,45,18
India,Odisha,Talcher,"Talcher Coalfields,Talcher - OSPCB","29-07-2026 14:00:00",20.9360711,85.1707021,NO2,41,76,56
India,Odisha,Tensa,"Barsua Iron Ore Mines, Tensa - OSPCB","29-07-2026 14:00:00",21.869985,85.167016,SO2,13,26,24
India,Punjab,Amritsar,"Golden Temple, Amritsar - PPCB","29-07-2026 14:00:00",31.62,74.876512,PM10,37,61,46
India,Punjab,Bathinda,"Hardev Nagar, Bathinda - PPCB","29-07-2026 14:00:00",30.233011,74.907758,NH3,NA,NA,NA
India,Punjab,Jalandhar,"Civil Line, Jalandhar - PPCB","29-07-2026 14:00:00",31.321907,75.578914,PM2.5,31,45,38
India,Punjab,Jalandhar,"Civil Line, Jalandhar - PPCB","29-07-2026 14:00:00",31.321907,75.578914,SO2,15,17,17
India,Punjab,Khanna,"Kalal Majra, Khanna - PPCB","29-07-2026 14:00:00",30.736056,76.209694,NO2,26,31,28
India,Punjab,Khanna,"Kalal Majra, Khanna - PPCB","29-07-2026 14:00:00",30.736056,76.209694,SO2,14,15,15
India,Punjab,"Mandi Gobindgarh","RIMT University, Mandi Gobindgarh - PPCB","29-07-2026 14:00:00",30.649961,76.331442,PM10,61,147,109
India,Punjab,"Mandi Gobindgarh","RIMT University, Mandi Gobindgarh - PPCB","29-07-2026 14:00:00",30.649961,76.331442,CO,42,51,49
India,Rajasthan,"Sawai Madhopur","Sahu Nagar, Sawai Madhopur - RSPCB","29-07-2026 14:00:00",26.031443,76.359327,PM2.5,8,74,28
India,Rajasthan,"Sawai Madhopur","Sahu Nagar, Sawai Madhopur - RSPCB","29-07-2026 14:00:00",26.031443,76.359327,CO,4,104,22
India,Rajasthan,Sikar,"Radhakishan Pura, Sikar - RSPCB","29-07-2026 14:00:00",27.608912,75.153302,NH3,4,7,5
India,Rajasthan,Sirohi,"Vedhaynath Colony, Sirohi - RSPCB","29-07-2026 14:00:00",24.885261,72.857549,SO2,3,6,3
India,Rajasthan,Sirohi,"Vedhaynath Colony, Sirohi - RSPCB","29-07-2026 14:00:00",24.885261,72.857549,CO,11,24,19
India,Rajasthan,"Sri Ganganagar","Old City, Sri Ganganagar - RSPCB","29-07-2026 14:00:00",29.931624,73.864511,NO2,10,50,25
India,Rajasthan,Tonk,"Shastri Nagar, Tonk - RSPCB","29-07-2026 14:00:00",26.159933,75.780517,PM10,NA,NA,NA
India,Rajasthan,Udaipur,"Ashok Nagar, Udaipur - RSPCB","29-07-2026 14:00:00",24.5886166,73.6321397,PM10,73,125,102
India,Rajasthan,Udaipur,"Ashok Nagar, Udaipur - RSPCB","29-07-2026 14:00:00",24.5886166,73.6321397,OZONE,5,24,16
India,Sikkim,Gangtok,"Zero Point GICI, Gangtok - SSPCB","29-07-2026 14:00:00",27.33853,88.614099,PM2.5,11,28,16
India,Sikkim,Gangtok,"Zero Point GICI, Gangtok - SSPCB","29-07-2026 14:00:00",27.33853,88.614099,NH3,1,8,1
India,Sikkim,Gangtok,"Zero Point GICI, Gangtok - SSPCB","29-07-2026 14:00:00",27.33853,88.614099,OZONE,1,2,2
India,"Tamil Nadu",Chennai,"Velachery Res. Area, Chennai - CPCB","29-07-2026 14:00:00",13.0052189,80.2398125,PM2.5,31,68,59
India,"Tamil Nadu",Chennai,"Manali, Chennai - CPCB","29-07-2026 14:00:00",13.164544,80.26285,PM10,43,133,67
India,"Tamil Nadu",Chennai,"Manali, Chennai - CPCB","29-07-2026 14:00:00",13.164544,80.26285,SO2,4,36,14
India,"Tamil Nadu",Chennai,"Manali, Chennai - CPCB","29-07-2026 14:00:00",13.164544,80.26285,CO,11,41,26
India,"Tamil Nadu",Chennai,"Manali, Chennai - CPCB","29-07-2026 14:00:00",13.164544,80.26285,OZONE,8,11,9
India,"Tamil Nadu",Chennai,"Arumbakkam, Chennai - TNPCB","29-07-2026 14:00:00",13.0664,80.2112,PM10,71,140,99
India,"Tamil Nadu",Chennai,"Arumbakkam, Chennai - TNPCB","29-07-2026 14:00:00",13.0664,80.2112,SO2,0,4,2
India,"Tamil Nadu",Chennai,"Manali Village, Chennai - TNPCB","29-07-2026 14:00:00",13.1662,80.2584,NH3,1,9,3
India,"Uttar Pradesh",Kanpur,"NSI Kalyanpur, Kanpur - UPPCB","29-07-2026 14:00:00",26.509954,80.249612,NH3,2,2,2
India,"Uttar Pradesh",Khora,"Prashant Garden, Khora - UPPCB","29-07-2026 14:00:00",28.61119,77.34206,NO2,32,42,37
India,"Uttar Pradesh",Khora,"Prashant Garden, Khora - UPPCB","29-07-2026 14:00:00",28.61119,77.34206,SO2,NA,NA,NA
India,"Uttar Pradesh",Khora,"Prashant Garden, Khora - UPPCB","29-07-2026 14:00:00",28.61119,77.34206,OZONE,4,8,6
India,"Uttar Pradesh",Lucknow,"Gomti Nagar, Lucknow - UPPCB","29-07-2026 14:00:00",26.86812,81.005119,NO2,9,10,10
India,"Uttar Pradesh",Lucknow,"Lalbagh, Lucknow - CPCB","29-07-2026 14:00:00",26.8458805,80.9365541,SO2,3,9,6
India,"Uttar Pradesh",Lucknow,"Kukrail Picnic Spot-1, Lucknow - UPPCB","29-07-2026 14:00:00",26.90723,80.98579,NO2,30,32,32
India,"Uttar Pradesh",Lucknow,"Kukrail Picnic Spot-1, Lucknow - UPPCB","29-07-2026 14:00:00",26.90723,80.98579,CO,13,19,15
India,"Uttar Pradesh",Lucknow,"Kukrail Picnic Spot-1, Lucknow - UPPCB","29-07-2026 14:00:00",26.90723,80.98579,OZONE,10,16,13
India,"Uttar Pradesh",Lucknow,"B R Ambedkar University, Lucknow - UPPCB","29-07-2026 14:00:00",26.766433,80.927299,NH3,3,3,3
India,"Uttar Pradesh",Lucknow,"Kendriya Vidyalaya, Lucknow - CPCB","29-07-2026 14:00:00",26.906111,80.948222,PM2.5,12,48,35
India,"Uttar Pradesh",Lucknow,"Kendriya Vidyalaya, Lucknow - CPCB","29-07-2026 14:00:00",26.906111,80.948222,NO2,22,31,25
India,"Uttar Pradesh",Lucknow,"Talkatora District Industries Center, Lucknow - CPCB","29-07-2026 14:00:00",26.83399722,80.8917361,NH3,4,8,6
India,"Uttar Pradesh",Mathura,"Pali Dungra, Mathura - UPPCB","29-07-2026 14:00:00",27.410954,77.550619,PM2.5,NA,NA,NA
India,"Uttar Pradesh",Mathura,"Pali Dungra, Mathura - UPPCB","29-07-2026 14:00:00",27.410954,77.550619,NO2,NA,NA,NA
India,"Uttar Pradesh",Meerut,"Pallavpuram Phase 2, Meerut - UPPCB","29-07-2026 14:00:00",29.06351,77.709723,NO2,28,76,47
India,"Uttar Pradesh",Meerut,"Pallavpuram Phase 2, Meerut - UPPCB","29-07-2026 14:00:00",29.06351,77.709723,CO,13,35,23
India,Telangana,Hyderabad,"IDA Pashamylaram, Hyderabad - TSPCB","29-07-2026 14:00:00",17.5316895,78.218939,PM2.5,3,31,14
India,Telangana,Hyderabad,"IDA Pashamylaram, Hyderabad - TSPCB","29-07-2026 14:00:00",17.5316895,78.218939,CO,28,57,41
India,Telangana,Hyderabad,"IITH Kandi, Hyderabad - TSPCB","29-07-2026 14:00:00",17.585705,78.126199,NO2,NA,NA,NA
India,Telangana,Hyderabad,"IITH Kandi, Hyderabad - TSPCB","29-07-2026 14:00:00",17.585705,78.126199,OZONE,24,27,26
India,Tripura,Agartala,"Bardowali, Agartala - Tripura SPCB","29-07-2026 14:00:00",23.8175497,91.2726974,NH3,0,0,0
India,Tripura,Agartala,"Bardowali, Agartala - Tripura SPCB","29-07-2026 14:00:00",23.8175497,91.2726974,CO,22,26,24
India,"Uttar Pradesh",Agra,"Manoharpur, Agra - UPPCB","29-07-2026 14:00:00",27.23711,78.01936,SO2,11,34,15
India,"Uttar Pradesh",Agra,"Manoharpur, Agra - UPPCB","29-07-2026 14:00:00",27.23711,78.01936,CO,15,21,20
India,"Uttar Pradesh",Agra,"Shahjahan Garden, Agra - UPPCB","29-07-2026 14:00:00",27.169338,78.03582,PM2.5,21,41,26
India,"Uttar Pradesh",Agra,"Shahjahan Garden, Agra - UPPCB","29-07-2026 14:00:00",27.169338,78.03582,PM10,32,61,39
India,"Uttar Pradesh",Agra,"Shahjahan Garden, Agra - UPPCB","29-07-2026 14:00:00",27.169338,78.03582,NH3,1,1,1
India,"Uttar Pradesh",Agra,"Shahjahan Garden, Agra - UPPCB","29-07-2026 14:00:00",27.169338,78.03582,OZONE,30,52,44
India,"Uttar Pradesh",Agra,"Sanjay Palace, Agra - UPPCB","29-07-2026 14:00:00",27.19865833,78.00598056,PM2.5,NA,NA,NA
India,"Uttar Pradesh",Agra,"Sector-3B Avas Vikas Colony, Agra - UPPCB","29-07-2026 14:00:00",27.19412,77.96237,PM2.5,7,47,35
India,"Uttar Pradesh",Agra,"Rohta, Agra - UPPCB","29-07-2026 14:00:00",27.106972,78.000111,PM10,17,159,77
India,"Uttar Pradesh",Baghpat,"Sardar Patel Inter College, Baghpat - UPPCB","29-07-2026 14:00:00",28.964949,77.278761,NO2,15,24,20
India,"Uttar Pradesh",Baghpat,"Sardar Patel Inter College, Baghpat - UPPCB","29-07-2026 14:00:00",28.964949,77.278761,SO2,9,16,12
India,"Tamil Nadu",Chennai,"Kodungaiyur, Chennai - TNPCB","29-07-2026 14:00:00",13.1278,80.2642,PM2.5,32,60,46
India,"Tamil Nadu",Chennai,"Kodungaiyur, Chennai - TNPCB","29-07-2026 14:00:00",13.1278,80.2642,NH3,3,6,4
India,"Tamil Nadu",Chennai,"Perungudi, Chennai - TNPCB","29-07-2026 14:00:00",12.9533,80.2357,NH3,0,4,1
India,"Tamil Nadu",Chennai,"Perungudi, Chennai - TNPCB","29-07-2026 14:00:00",12.9533,80.2357,CO,28,45,37
India,"Tamil Nadu",Coimbatore,"SIDCO Kurichi, Coimbatore - TNPCB","29-07-2026 14:00:00",10.942451,76.978996,OZONE,20,20,20
India,"Tamil Nadu",Cuddalore,"Semmandalam, Cuddalore - TNPCB","29-07-2026 14:00:00",11.7637683,79.7499835,PM10,44,89,59
India,"Tamil Nadu",Cuddalore,"Kudikadu, Cuddalore - TNPCB","29-07-2026 14:00:00",11.6829898,79.7532099,PM2.5,6,27,17
India,"Tamil Nadu",Cuddalore,"Kudikadu, Cuddalore - TNPCB","29-07-2026 14:00:00",11.6829898,79.7532099,PM10,NA,NA,NA
India,"Tamil Nadu",Gummidipoondi,"Anthoni Pillai Nagar, Gummidipoondi - TNPCB","29-07-2026 14:00:00",13.4127,80.1081,PM2.5,33,322,92
India,"Tamil Nadu",Gummidipoondi,"Anthoni Pillai Nagar, Gummidipoondi - TNPCB","29-07-2026 14:00:00",13.4127,80.1081,CO,NA,NA,NA
India,"Tamil Nadu",Gummidipoondi,"Anthoni Pillai Nagar, Gummidipoondi - TNPCB","29-07-2026 14:00:00",13.4127,80.1081,OZONE,NA,NA,NA
India,"Tamil Nadu",Madurai,"Uchapatti, Madurai - TNPCB","29-07-2026 14:00:00",9.865935,78.022669,PM10,NA,NA,NA
India,"Tamil Nadu",Madurai,"Uchapatti, Madurai - TNPCB","29-07-2026 14:00:00",9.865935,78.022669,NH3,NA,NA,NA
India,"Tamil Nadu",Madurai,"Uchapatti, Madurai - TNPCB","29-07-2026 14:00:00",9.865935,78.022669,OZONE,1,1,1
India,"Tamil Nadu",Thoothukudi,"Meelavittan, Thoothukudi - TNPCB","29-07-2026 14:00:00",8.816428,78.099039,OZONE,26,34,31
India,Telangana,Hyderabad,"Kokapet, Hyderabad - TSPCB","29-07-2026 14:00:00",17.393559,78.339194,PM10,39,55,44
India,Telangana,Hyderabad,"ECIL Kapra, Hyderabad - TSPCB","29-07-2026 14:00:00",17.470431,78.566959,NH3,NA,NA,NA
India,"Uttar Pradesh",Bareilly,"Rajendra Nagar, Bareilly - UPPCB","29-07-2026 14:00:00",28.38910936,79.42963708,CO,24,31,26
India,"Uttar Pradesh",Bareilly,"Civil Lines, Bareilly - UPPCB","29-07-2026 14:00:00",28.359581,79.414455,SO2,22,45,33
India,"Uttar Pradesh",Bareilly,"Civil Lines, Bareilly - UPPCB","29-07-2026 14:00:00",28.359581,79.414455,OZONE,7,43,16
India,"Uttar Pradesh","Fatehpur Sikri","Dadupura, Fatehpur Sikri - UPPCB","29-07-2026 14:00:00",27.097694,77.671335,PM10,14,29,28
India,"Uttar Pradesh","Fatehpur Sikri","Dadupura, Fatehpur Sikri - UPPCB","29-07-2026 14:00:00",27.097694,77.671335,SO2,10,11,11
India,"Uttar Pradesh",Firozabad,"Vibhab Nagar, Firozabad - UPPCB","29-07-2026 14:00:00",27.1594,78.3953,SO2,4,9,8
India,"Uttar Pradesh",Firozabad,"Vibhab Nagar, Firozabad - UPPCB","29-07-2026 14:00:00",27.1594,78.3953,CO,20,40,34
India,"Uttar Pradesh",Firozabad,"Nagla Bhau, Firozabad - UPPCB","29-07-2026 14:00:00",27.168897,78.37696,NO2,17,17,17
India,"Uttar Pradesh",Firozabad,"Nagla Bhau, Firozabad - UPPCB","29-07-2026 14:00:00",27.168897,78.37696,NH3,2,2,2
India,"Uttar Pradesh",Firozabad,"Nagla Bhau, Firozabad - UPPCB","29-07-2026 14:00:00",27.168897,78.37696,OZONE,0,11,8
India,"Uttar Pradesh",Gajraula,"Rajanpur, Gajraula - UPPCB","29-07-2026 14:00:00",28.829109,78.248796,PM10,22,94,59
India,"Uttar Pradesh",Gajraula,"Rajanpur, Gajraula - UPPCB","29-07-2026 14:00:00",28.829109,78.248796,NO2,4,45,15
India,"Uttar Pradesh",Ghaziabad,"Indirapuram, Ghaziabad - UPPCB","29-07-2026 14:00:00",28.646233,77.358075,PM2.5,3,167,87
India,"Uttar Pradesh",Ghaziabad,"Indirapuram, Ghaziabad - UPPCB","29-07-2026 14:00:00",28.646233,77.358075,NH3,7,58,22
India,"Uttar Pradesh",Ghaziabad,"Indirapuram, Ghaziabad - UPPCB","29-07-2026 14:00:00",28.646233,77.358075,OZONE,28,57,38
India,"Uttar Pradesh",Ghaziabad,"Sanjay Nagar, Ghaziabad - UPPCB","29-07-2026 14:00:00",28.685382,77.453839,OZONE,10,70,33
India,"Uttar Pradesh",Meerut,"Ganga Nagar, Meerut - UPPCB","29-07-2026 14:00:00",28.999264,77.7590354,NH3,9,10,9
India,"Uttar Pradesh",Meerut,"Jai Bhim Nagar, Meerut - UPPCB","29-07-2026 14:00:00",28.9535882,77.7622941,PM10,11,87,39
India,"Uttar Pradesh",Meerut,"Jai Bhim Nagar, Meerut - UPPCB","29-07-2026 14:00:00",28.9535882,77.7622941,NO2,10,21,15
India,"Uttar Pradesh",Meerut,"Jai Bhim Nagar, Meerut - UPPCB","29-07-2026 14:00:00",28.9535882,77.7622941,NH3,5,10,7
India,"Uttar Pradesh",Modinagar,"SRM University, Modinagar - UPPCB","29-07-2026 14:00:00",28.798171,77.540243,CO,24,30,27
India,"Uttar Pradesh",Moradabad,"Jigar Colony, Moradabad - UPPCB","29-07-2026 14:00:00",28.856664,78.772638,NO2,24,25,24
India,"Uttar Pradesh",Moradabad,"Jigar Colony, Moradabad - UPPCB","29-07-2026 14:00:00",28.856664,78.772638,NH3,6,6,6
India,"Uttar Pradesh",Moradabad,"Kashiram Nagar, Moradabad - UPPCB","29-07-2026 14:00:00",28.849399,78.742362,CO,34,43,38
India,"Uttar Pradesh",Moradabad,"Eco Herbal Park, Moradabad - UPPCB","29-07-2026 14:00:00",28.840739,78.697531,PM10,7,102,39
India,"Uttar Pradesh",Moradabad,"Eco Herbal Park, Moradabad - UPPCB","29-07-2026 14:00:00",28.840739,78.697531,NO2,17,26,21
India,"Uttar Pradesh",Moradabad,"Buddhi Vihar, Moradabad - UPPCB","29-07-2026 14:00:00",28.83526,78.7446,PM2.5,NA,NA,NA
India,"Uttar Pradesh",Moradabad,"Buddhi Vihar, Moradabad - UPPCB","29-07-2026 14:00:00",28.83526,78.7446,NH3,5,5,5
India,"Uttar Pradesh",Moradabad,"Transport Nagar, Moradabad - UPPCB","29-07-2026 14:00:00",28.802625,78.753728,NH3,5,5,5
India,"Uttar Pradesh",Muzaffarnagar,"New Mandi, Muzaffarnagar - UPPCB","29-07-2026 14:00:00",29.4723508,77.7194031,PM2.5,12,75,42
India,"Uttar Pradesh",Muzaffarnagar,"New Mandi, Muzaffarnagar - UPPCB","29-07-2026 14:00:00",29.4723508,77.7194031,OZONE,7,50,28
India,"Uttar Pradesh",Noida,"Sector-116, Noida - UPPCB","29-07-2026 14:00:00",28.56923,77.393848,PM2.5,20,215,104
India,"Uttar Pradesh",Noida,"Sector-116, Noida - UPPCB","29-07-2026 14:00:00",28.56923,77.393848,NH3,14,30,17
India,"Uttar Pradesh",Noida,"Sector - 62, Noida - IITM","29-07-2026 14:00:00",28.6245479,77.3577104,SO2,NA,NA,NA
India,"Uttar Pradesh",Noida,"Sector - 125, Noida - UPPCB","29-07-2026 14:00:00",28.5447608,77.3231257,PM10,26,143,82
India,"Uttar Pradesh",Prayagraj,"Nagar Nigam, Prayagraj - UPPCB","29-07-2026 14:00:00",25.44919916,81.82735986,OZONE,13,17,15
India,"Uttar Pradesh",Prayagraj,"Jhunsi, Prayagraj - UPPCB","29-07-2026 14:00:00",25.425602,81.917152,PM2.5,NA,NA,NA
India,"Uttar Pradesh",Prayagraj,"Jhunsi, Prayagraj - UPPCB","29-07-2026 14:00:00",25.425602,81.917152,SO2,10,33,20
India,"Uttar Pradesh",Prayagraj,"Jhunsi, Prayagraj - UPPCB","29-07-2026 14:00:00",25.425602,81.917152,OZONE,28,34,31
India,"Uttar Pradesh",Prayagraj,"Motilal Nehru NIT, Prayagraj - UPPCB","29-07-2026 14:00:00",25.494,81.863,PM2.5,8,27,21
India,"Uttar Pradesh",Prayagraj,"Motilal Nehru NIT, Prayagraj - UPPCB","29-07-2026 14:00:00",25.494,81.863,OZONE,16,31,25
India,"Uttar Pradesh",Varanasi,"Maldahiya, Varanasi - UPPCB","29-07-2026 14:00:00",25.32393,82.99687,CO,12,15,14
India,Telangana,Hyderabad,"Kompally Municipal Office, Hyderabad - TSPCB","29-07-2026 14:00:00",17.544899,78.486949,PM10,52,67,57
India,Telangana,Hyderabad,"Ramachandrapuram, Hyderabad - TSPCB","29-07-2026 14:00:00",17.528544,78.286195,OZONE,7,27,12
India,Telangana,Hyderabad,"ICRISAT Patancheru, Hyderabad - TSPCB","29-07-2026 14:00:00",17.5184,78.278777,PM2.5,5,32,17
India,Telangana,Hyderabad,"ICRISAT Patancheru, Hyderabad - TSPCB","29-07-2026 14:00:00",17.5184,78.278777,CO,6,25,17
India,Telangana,Hyderabad,"Sanathnagar, Hyderabad - TSPCB","29-07-2026 14:00:00",17.4559458,78.4332152,NH3,NA,NA,NA
India,Telangana,Hyderabad,"Zoo Park, Hyderabad - TSPCB","29-07-2026 14:00:00",17.349694,78.451437,PM2.5,2,158,34
India,Telangana,Hyderabad,"Zoo Park, Hyderabad - TSPCB","29-07-2026 14:00:00",17.349694,78.451437,OZONE,4,5,5
India,Telangana,Hyderabad,"Nacharam_TSIIC IALA, Hyderabad - TSPCB","29-07-2026 14:00:00",17.429398,78.569354,PM2.5,33,46,36
India,Telangana,Hyderabad,"Nacharam_TSIIC IALA, Hyderabad - TSPCB","29-07-2026 14:00:00",17.429398,78.569354,NH3,5,6,5
India,Telangana,Hyderabad,"Nacharam_TSIIC IALA, Hyderabad - TSPCB","29-07-2026 14:00:00",17.429398,78.569354,OZONE,18,25,21
India,Telangana,Hyderabad,"Central University, Hyderabad - TSPCB","29-07-2026 14:00:00",17.460103,78.334361,PM2.5,NA,NA,NA
India,"Uttar Pradesh",Ghaziabad,"Govindpuram, Ghaziabad - UPPCB","29-07-2026 14:00:00",28.694528,77.494705,NO2,7,11,10
India,"Uttar Pradesh",Gorakhpur,"Madan Mohan Malaviya University of Technology, Gorakhpur - UPPCB","29-07-2026 14:00:00",26.730136,83.433859,PM2.5,NA,NA,NA
India,"Uttar Pradesh",Gorakhpur,"Madan Mohan Malaviya University of Technology, Gorakhpur - UPPCB","29-07-2026 14:00:00",26.730136,83.433859,CO,5,6,6
India,"Uttar Pradesh","Greater Noida","Knowledge Park - V, Greater Noida - UPPCB","29-07-2026 14:00:00",28.557054,77.453663,OZONE,3,142,68
India,"Uttar Pradesh",Jhansi,"Shivaji Nagar, Jhansi - UPPCB","29-07-2026 14:00:00",25.4547,78.6039,PM2.5,6,55,26
India,"Uttar Pradesh",Kanpur,"FTI Kidwai Nagar, Kanpur - UPPCB","29-07-2026 14:00:00",26.428282,80.327067,PM10,14,127,46
India,"Uttar Pradesh",Kanpur,"FTI Kidwai Nagar, Kanpur - UPPCB","29-07-2026 14:00:00",26.428282,80.327067,SO2,28,40,31
India,"Uttar Pradesh",Kanpur,"Nehru Nagar, Kanpur - UPPCB","29-07-2026 14:00:00",26.4703136,80.3229863,PM2.5,25,107,45
India,"Uttar Pradesh",Kanpur,"Nehru Nagar, Kanpur - UPPCB","29-07-2026 14:00:00",26.4703136,80.3229863,OZONE,5,41,28
India,"Uttar Pradesh",Varanasi,"IESD Banaras Hindu University, Varanasi - UPPCB","29-07-2026 14:00:00",25.262326,82.995408,NO2,2,2,2
India,"Uttar Pradesh",Varanasi,"IESD Banaras Hindu University, Varanasi - UPPCB","29-07-2026 14:00:00",25.262326,82.995408,SO2,16,51,24
India,"Uttar Pradesh",Varanasi,"IESD Banaras Hindu University, Varanasi - UPPCB","29-07-2026 14:00:00",25.262326,82.995408,CO,1,2,2
India,"Uttar Pradesh",Varanasi,"Bhelupur, Varanasi - UPPCB","29-07-2026 14:00:00",25.301778,82.996789,SO2,31,32,31
India,"Uttar Pradesh",Varanasi,"Bhelupur, Varanasi - UPPCB","29-07-2026 14:00:00",25.301778,82.996789,CO,6,11,8
India,"Uttar Pradesh",Vrindavan,"Omex Eternity, Vrindavan - UPPCB","29-07-2026 14:00:00",27.571409,77.655757,OZONE,16,16,16
India,Uttarakhand,Dehradun,"Doon University, Dehradun - UKPCB","29-07-2026 14:00:00",30.269444,78.044167,NH3,NA,NA,NA
India,Uttarakhand,Dehradun,"Doon University, Dehradun - UKPCB","29-07-2026 14:00:00",30.269444,78.044167,CO,18,29,23
India,Uttarakhand,Rishikesh,"Shivaji Nagar, Rishikesh - UKPCB","29-07-2026 14:00:00",30.075911,78.2859547,NH3,3,3,3
India,Uttarakhand,Rishikesh,"Shivaji Nagar, Rishikesh - UKPCB","29-07-2026 14:00:00",30.075911,78.2859547,SO2,1,1,1
India,"West Bengal",Asansol,"Evelyn Lodge, Asansol - WBPCB","29-07-2026 14:00:00",23.697936,86.944395,PM2.5,2,16,10
India,"West Bengal",Asansol,"Mahabir Colliery, Asansol - WBPCB","29-07-2026 14:00:00",23.618183,87.105718,NO2,2,2,2
India,"West Bengal",Asansol,"Asansol Court Area, Asansol - WBPCB","29-07-2026 14:00:00",23.685297,86.945968,SO2,9,15,12
India,"West Bengal",Asansol,"Asansol Court Area, Asansol - WBPCB","29-07-2026 14:00:00",23.685297,86.945968,OZONE,20,27,24
India,"West Bengal",Asansol,"Trivenidevi Bhalotia College, Asansol - WBPCB","29-07-2026 14:00:00",23.616515,87.119133,CO,31,51,42
India,"West Bengal",Barrackpore,"SVSPA Campus, Barrackpore - WBPCB","29-07-2026 14:00:00",22.7605581,88.3617589,PM2.5,17,38,28
India,"West Bengal",Barrackpore,"SVSPA Campus, Barrackpore - WBPCB","29-07-2026 14:00:00",22.7605581,88.3617589,PM10,30,71,42
India,"West Bengal",Barrackpore,"SVSPA Campus, Barrackpore - WBPCB","29-07-2026 14:00:00",22.7605581,88.3617589,SO2,11,11,11
India,"West Bengal",Durgapur,"Womens College_City Center, Durgapur - WBPCB","29-07-2026 14:00:00",23.549395,87.300496,NH3,2,3,2
India,"West Bengal",Haldia,"Priyambada Housing Estate, Haldia - WBPCB","29-07-2026 14:00:00",22.06047,88.109737,CO,27,43,31
India,"West Bengal",Howrah,"Padmapukur, Howrah - WBPCB","29-07-2026 14:00:00",22.5687319,88.2797276,NH3,3,11,8
India,"West Bengal",Howrah,"Dasnagar, Howrah - WBPCB","29-07-2026 14:00:00",22.6025571,88.3105664,NH3,1,2,1
India,"West Bengal",Howrah,"Belur Math, Howrah - WBPCB","29-07-2026 14:00:00",22.629801,88.352017,CO,8,15,12
India,"West Bengal",Howrah,"Botanical Garden, Howrah - WBPCB","29-07-2026 14:00:00",22.554954,88.292568,PM2.5,8,30,22
India,"West Bengal",Howrah,"Ghusuri, Howrah - WBPCB","29-07-2026 14:00:00",22.611968,88.347422,PM10,24,90,41
India,"West Bengal",Howrah,"Ghusuri, Howrah - WBPCB","29-07-2026 14:00:00",22.611968,88.347422,OZONE,19,22,21
India,"West Bengal",Kolkata,"Fort William, Kolkata - WBPCB","29-07-2026 14:00:00",22.55664,88.342674,OZONE,7,9,9
India,"West Bengal",Kolkata,"Ballygunge, Kolkata - WBPCB","29-07-2026 14:00:00",22.5367507,88.3638022,NO2,17,37,27
India,"West Bengal",Kolkata,"Rabindra Sarobar, Kolkata - WBPCB","29-07-2026 14:00:00",22.51106,88.35142,PM10,20,31,22
India,"West Bengal",Kolkata,"Rabindra Sarobar, Kolkata - WBPCB","29-07-2026 14:00:00",22.51106,88.35142,CO,11,14,13
India,"West Bengal",Kolkata,"Jadavpur, Kolkata - WBPCB","29-07-2026 14:00:00",22.49929,88.36917,SO2,4,7,6
India,"West Bengal",Kolkata,"Jadavpur, Kolkata - WBPCB","29-07-2026 14:00:00",22.49929,88.36917,CO,22,26,25
India,"West Bengal",Kolkata,"Rabindra Bharati University, Kolkata - WBPCB","29-07-2026 14:00:00",22.627847,88.380669,NO2,13,36,26
India,"West Bengal",Kolkata,"Victoria, Kolkata - WBPCB","29-07-2026 14:00:00",22.5448082,88.3403691,NH3,6,8,8
India,"West Bengal",Kolkata,"Victoria, Kolkata - WBPCB","29-07-2026 14:00:00",22.5448082,88.3403691,CO,51,66,56
India,"West Bengal",Kolkata,"Bidhannagar, Kolkata - WBPCB","29-07-2026 14:00:00",22.58157048,88.41002457,CO,35,38,37
India,"West Bengal",Siliguri,"Ward-32 Bapupara, Siliguri - WBPCB","29-07-2026 14:00:00",26.6879226,88.4152495,PM10,25,42,34
India,"West Bengal",Siliguri,"Ward-32 Bapupara, Siliguri - WBPCB","29-07-2026 14:00:00",26.6879226,88.4152495,NO2,110,125,116
